timestamps,open,high,low,close,volume,amount
2025-04-08 13:30:00,186.72999572753906,190.3350067138672,185.10000610351562,189.3300018310547,25336677.0,4796993102.802841
2025-04-08 14:30:00,189.32000732421875,189.92999267578125,184.05999755859375,184.08999633789062,11822751.0,2176450188.2937927
2025-04-08 15:30:00,184.07000732421875,185.5399932861328,182.2899932861328,183.3300018310547,7825256.0,1434604196.8084717
2025-04-08 16:30:00,183.32000732421875,183.51499938964844,175.0,175.02999877929688,15712598.0,2750176008.7595825
2025-04-08 17:30:00,175.02000427246094,178.60989379882812,174.85000610351562,175.3300018310547,11562913.0,2027325557.462326
2025-04-08 18:30:00,175.31219482421875,177.22999572753906,171.6300048828125,172.88999938964844,15040705.0,2600387478.269882
2025-04-08 19:30:00,172.8699951171875,173.44000244140625,169.21009826660156,172.77000427246094,16156814.0,2791412823.8093567
2025-04-09 13:30:00,172.1790008544922,179.4199981689453,171.88999938964844,178.41180419921875,32288949.0,5760729646.78656
2025-04-09 14:30:00,178.50999450683594,180.19000244140625,176.8300018310547,179.7550048828125,15996521.0,2875454710.4630127
2025-04-09 15:30:00,179.75,181.07000732421875,177.75,179.58999633789062,11721052.0,2104983685.7562256
2025-04-09 16:30:00,179.57989501953125,194.49000549316406,179.24000549316406,188.52499389648438,19036631.0,3588880743.0846252
2025-04-09 17:30:00,188.50999450683594,194.86990356445312,188.1300048828125,190.8000030517578,27276269.0,5204312208.440567
2025-04-09 18:30:00,190.7899932861328,198.97999572753906,183.8699951171875,196.05999755859375,30349699.0,5950361911.844055
2025-04-09 19:30:00,196.0,200.61000061035156,195.91000366210938,198.85000610351562,20947383.0,4165387237.4026794
2025-04-10 13:30:00,189.1649932861328,194.7799072265625,189.0,192.14500427246094,25783702.0,4954209530.94986
2025-04-10 14:30:00,192.22000122070312,193.57000732421875,188.69000244140625,188.8592071533203,10331960.0,1951285773.9398193
2025-04-10 15:30:00,188.85499572753906,189.22999572753906,183.0,184.27000427246094,16399003.0,3021844352.8740997
2025-04-10 16:30:00,184.26499938964844,189.89999389648438,184.1750030517578,188.00999450683594,13927222.0,2618456931.7154846
2025-04-10 17:30:00,187.97000122070312,192.0,186.0,191.75999450683594,14336457.0,2749158915.5674896
2025-04-10 18:30:00,191.75,192.8000030517578,189.02000427246094,189.98500061035156,10246898.0,1946756922.7842102
2025-04-10 19:30:00,190.0,192.43499755859375,187.8300018310547,190.44000244140625,10417028.0,1983818837.7521973
2025-04-11 13:30:00,186.17999267578125,193.25,186.05999755859375,189.92999267578125,17210427.0,3268776274.057068
2025-04-11 14:30:00,189.94000244140625,194.1999969482422,189.63999938964844,193.32000732421875,9778670.0,1890412556.0211182
2025-04-11 15:30:00,193.2899932861328,197.6699981689453,192.87860107421875,195.80099487304688,11426289.0,2237278753.906952
2025-04-11 16:30:00,195.82000732421875,199.35000610351562,195.80999755859375,196.83070373535156,10272519.0,2021947143.90477
2025-04-11 17:30:00,196.8524932861328,199.5399932861328,196.03790283203125,197.5800018310547,8204023.0,1620950879.3620148
2025-04-11 18:30:00,197.60000610351562,198.9438934326172,197.40179443359375,198.3419952392578,6229743.0,1235619656.4477997
2025-04-11 19:30:00,198.35000610351562,199.0,197.54139709472656,198.02000427246094,9619486.0,1904850658.8188782
2025-04-14 13:30:00,211.44000244140625,212.94000244140625,204.61000061035156,204.75,38852582.0,7955066164.5
2025-04-14 14:30:00,204.8000030517578,206.1999053955078,203.41000366210938,203.60000610351562,11826668.0,2407909676.984253
2025-04-14 15:30:00,203.64999389648438,204.3800048828125,201.16209411621094,201.75,11801459.0,2380944353.25
2025-04-14 16:30:00,201.72999572753906,204.97850036621094,201.5850067138672,203.86399841308594,8024983.0,1636005121.5770416
2025-04-14 17:30:00,203.88499450683594,205.80999755859375,203.42999267578125,205.7899932861328,6209694.0,1277892886.5689392
2025-04-14 18:30:00,205.7899932861328,206.66000366210938,205.38999938964844,205.7100067138672,6862210.0,1411625265.1719666
2025-04-14 19:30:00,205.72000122070312,205.89999389648438,202.32000732421875,202.58999633789062,8409251.0,1703630129.294403
2025-04-15 13:30:00,201.85499572753906,203.5050048828125,199.82000732421875,200.8000030517578,13453371.0,2701436937.85643
2025-04-15 14:30:00,200.7899932861328,203.08999633789062,200.68600463867188,202.11500549316406,6103100.0,1233528090.0253296
2025-04-15 15:30:00,202.13999938964844,203.35000610351562,201.9600067138672,203.0399932861328,3730153.0,757370240.0762482
2025-04-15 16:30:00,203.0500030517578,203.28399658203125,201.11500549316406,201.60440063476562,3893654.0,784977780.9491577
2025-04-15 17:30:00,201.5850067138672,202.7769012451172,201.30499267578125,201.76499938964844,4045655.0,816271578.6057281
2025-04-15 18:30:00,201.71499633789062,203.2899932861328,201.63999938964844,202.8000030517578,4048783.0,821093204.7559052
2025-04-15 19:30:00,202.8300018310547,202.95899963378906,201.9199981689453,202.1300048828125,4398627.0,889094496.9876709
2025-04-16 13:30:00,198.36000061035156,200.6999969482422,196.02000427246094,197.07000732421875,13937138.0,2746591887.7386475
2025-04-16 14:30:00,197.05999755859375,198.98849487304688,196.80999755859375,198.35009765625,6372057.0,1263898128.2211914
2025-04-16 15:30:00,198.375,198.39999389648438,196.3905029296875,196.91000366210938,4368116.0,860125737.5565186
2025-04-16 16:30:00,196.91000366210938,197.9199981689453,196.64999389648438,197.75999450683594,3351617.0,662815759.509018
2025-04-16 17:30:00,197.75999450683594,197.80999755859375,193.9199981689453,194.55499267578125,7922500.0,1541361929.473877
2025-04-16 18:30:00,194.5399932861328,194.64370727539062,192.3699951171875,192.57000732421875,5831097.0,1122894391.99823
2025-04-16 19:30:00,192.5800018310547,194.86349487304688,192.57000732421875,194.3000030517578,7049437.0,1369705630.6131744
2025-04-17 13:30:00,197.14999389648438,197.1999969482422,194.63999938964844,195.63999938964844,11995068.0,2346715096.1987915
2025-04-17 14:30:00,195.69000244140625,197.09500122070312,194.4199981689453,196.0399932861328,6835084.0,1339949821.4701538
2025-04-17 15:30:00,196.02999877929688,198.0500030517578,195.9886932373047,197.80499267578125,4703332.0,930342551.8117676
2025-04-17 16:30:00,197.8260040283203,198.57000732421875,196.67999267578125,196.6999969482422,4953563.0,974365826.9829254
2025-04-17 17:30:00,196.7100067138672,198.83349609375,196.6699981689453,198.27999877929688,3858649.0,765092919.0097351
2025-04-17 18:30:00,198.2899932861328,198.66000366210938,196.8699951171875,197.24220275878906,4857368.0,958077963.9300537
2025-04-17 19:30:00,197.25,197.6999969482422,195.82000732421875,196.8699951171875,4510991.0,888078776.1436768
2025-04-21 13:30:00,193.26499938964844,193.8000030517578,191.36000061035156,192.1199951171875,8862849.0,1702730506.60437
2025-04-21 14:30:00,192.11000061035156,192.49000549316406,190.60499572753906,190.73500061035156,4480370.0,854563374.6846008
2025-04-21 15:30:00,190.72000122070312,191.32000732421875,189.8112030029297,191.1300048828125,4469110.0,854181016.1218262
2025-04-21 16:30:00,191.1199951171875,191.75,190.13999938964844,190.61399841308594,3331629.0,635055124.9189911
2025-04-21 17:30:00,190.58999633789062,191.0,190.24000549316406,190.82000732421875,2848270.0,543506902.2613525
2025-04-21 18:30:00,190.81500244140625,191.3800048828125,190.1999969482422,191.10499572753906,3470291.0,663189946.7283173
2025-04-21 19:30:00,191.08999633789062,193.4199981689453,191.0500030517578,193.08999633789062,5337999.0,1030714207.3616638
2025-04-22 13:30:00,196.07000732421875,198.94000244140625,196.0,198.01499938964844,8295438.0,1642621150.5068665
2025-04-22 14:30:00,197.9499969482422,199.5500030517578,197.8699951171875,198.8300018310547,5248723.0,1043603603.7006989
2025-04-22 15:30:00,198.8300018310547,201.5500030517578,197.86000061035156,201.3800048828125,6986542.0,1406949862.0739746
2025-04-22 16:30:00,201.4001007080078,201.52999877929688,198.32029724121094,198.5399932861328,6210265.0,1232985971.4051056
2025-04-22 17:30:00,198.51620483398438,200.00999450683594,198.10240173339844,199.8917999267578,3865378.0,772657365.8172913
2025-04-22 18:30:00,199.8800048828125,200.5,198.55999755859375,198.6201934814453,6982874.0,1386939784.936554
2025-04-22 19:30:00,198.625,199.88999938964844,198.0,199.66000366210938,5543168.0,1106748943.1796875
2025-04-23 13:30:00,206.0,208.0,204.63009643554688,206.80499267578125,15154970.0,3134123459.8516846
2025-04-23 14:30:00,206.80999755859375,207.9499969482422,204.05999755859375,204.6300048828125,7451699.0,1524841202.755249
2025-04-23 15:30:00,204.625,205.41000366210938,202.7989959716797,204.11000061035156,5789475.0,1181689745.783615
2025-04-23 16:30:00,204.13999938964844,205.44000244140625,203.51840209960938,204.9499969482422,3150358.0,645665862.4858704
2025-04-23 17:30:00,205.0,205.64999389648438,204.22000122070312,204.48240661621094,3056243.0,624947923.8439484
2025-04-23 18:30:00,204.47000122070312,205.1699981689453,203.6566925048828,204.00999450683594,3587154.0,731815267.8351746
2025-04-23 19:30:00,204.03089904785156,205.75,203.61000061035156,204.36000061035156,5424069.0,1108462744.150589
2025-04-24 13:30:00,204.88499450683594,206.35000610351562,202.94000244140625,206.32000732421875,8437662.0,1740858485.6392822
2025-04-24 14:30:00,206.2899932861328,206.66000366210938,205.2200927734375,205.9250030517578,4262818.0,877820809.6590881
2025-04-24 15:30:00,205.88499450683594,206.75,205.58009338378906,206.2899932861328,4462199.0,920507001.7513885
2025-04-24 16:30:00,206.2899932861328,207.02999877929688,205.82000732421875,206.90499877929688,2541750.0,525900780.64727783
2025-04-24 17:30:00,206.9199981689453,207.7899932861328,206.5500030517578,207.28900146484375,2687289.0,557045453.4574585
2025-04-24 18:30:00,207.3000030517578,208.10000610351562,207.02999877929688,207.09010314941406,3837311.0,794669130.8063812
2025-04-24 19:30:00,207.11000061035156,208.82989501953125,207.08999633789062,208.1999969482422,5785557.0,1204552949.7438812
2025-04-25 13:30:00,206.42999267578125,209.24989318847656,206.1999969482422,206.63479614257812,8557840.0,1768347523.8208008
2025-04-25 14:30:00,206.63999938964844,207.7628936767578,206.51499938964844,207.10000610351562,3766130.0,779965545.9866333
2025-04-25 15:30:00,207.11000061035156,208.89999389648438,206.66000366210938,208.63560485839844,3769247.0,786399127.7057037
2025-04-25 16:30:00,208.52000427246094,209.41000366210938,208.2899932861328,209.3701934814453,3744945.0,784079859.2273712
2025-04-25 17:30:00,209.38999938964844,209.4149932861328,207.3699951171875,208.50450134277344,3053055.0,636575710.3470612
2025-04-25 18:30:00,208.50999450683594,208.8699951171875,208.13999938964844,208.22000122070312,2357459.0,490870115.85775757
2025-04-25 19:30:00,208.2100067138672,209.42999267578125,207.8699951171875,209.22999572753906,4418187.0,924417247.1334686
2025-04-28 13:30:00,210.05999755859375,211.5,208.74000549316406,208.92999267578125,9371395.0,1957965488.711853
2025-04-28 14:30:00,208.875,209.82000732421875,207.83999633789062,207.9499969482422,4027500.0,837518612.7090454
2025-04-28 15:30:00,207.98590087890625,208.39999389648438,207.4600067138672,207.86000061035156,2434302.0,505994015.20578
2025-04-28 16:30:00,207.85000610351562,208.72999572753906,207.85000610351562,208.13999938964844,2227932.0,463721765.1201782
2025-04-28 17:30:00,208.13499450683594,210.0500030517578,208.0800018310547,209.8699951171875,3099461.0,650483864.9359131
2025-04-28 18:30:00,209.8699951171875,210.94000244140625,209.7613983154297,210.5399932861328,2610842.0,549686657.1511536
2025-04-28 19:30:00,210.52999877929688,211.4998016357422,210.0399932861328,210.08999633789062,3584738.0,753117593.2922974
2025-04-29 13:30:00,208.6929931640625,212.24000549316406,208.3699951171875,210.9499969482422,9190515.0,1938739111.202774
2025-04-29 14:30:00,210.9600067138672,212.07000732421875,210.6699981689453,211.0399932861328,3218454.0,679222510.5517273
2025-04-29 15:30:00,211.0399932861328,211.32530212402344,210.39999389648438,210.48800659179688,2669695.0,561938778.7580872
2025-04-29 16:30:00,210.49000549316406,210.69000244140625,209.35000610351562,210.36000061035156,2562388.0,539023941.2439575
2025-04-29 17:30:00,210.3699951171875,211.85000610351562,210.22000122070312,211.7227020263672,2467158.0,522353358.085968
2025-04-29 18:30:00,211.72000122070312,211.96060180664062,211.10009765625,211.3000030517578,2519310.0,532330210.688324
2025-04-29 19:30:00,211.30999755859375,211.77000427246094,210.9499969482422,211.24000549316406,3222132.0,680643181.3796997
2025-04-30 13:30:00,209.3000030517578,209.72000122070312,206.67050170898438,209.32119750976562,7770541.0,1626538947.4187317
2025-04-30 14:30:00,209.34950256347656,210.86000061035156,208.71009826660156,210.5449981689453,3782710.0,796430670.0236511
2025-04-30 15:30:00,210.55999755859375,211.27999877929688,209.9499969482422,210.58999633789062,2740535.0,577129255.6138611
2025-04-30 16:30:00,210.58999633789062,211.36000061035156,209.8000030517578,211.0800018310547,2462208.0,519722869.1484375
2025-04-30 17:30:00,211.07000732421875,212.97000122070312,210.31500244140625,210.71499633789062,3447792.0,726501478.6538086
2025-04-30 18:30:00,210.6999969482422,211.30999755859375,210.27999877929688,210.3446044921875,2871370.0,603977187.0007324
2025-04-30 19:30:00,210.375,213.5399932861328,210.0500030517578,212.49000549316406,7076663.0,1503720159.7432709
2025-05-01 13:30:00,209.00999450683594,212.5,208.89999389648438,211.74000549316406,11460361.0,2426616901.093643
2025-05-01 14:30:00,211.75,214.22000122070312,211.31500244140625,212.8966064453125,5794472.0,1233623424.9423828
2025-05-01 15:30:00,212.89500427246094,213.1199951171875,211.4149932861328,212.77999877929688,4005190.0,852224323.310852
2025-05-01 16:30:00,212.77999877929688,212.87759399414062,211.85000610351562,212.50999450683594,4133080.0,878320808.0963135
2025-05-01 17:30:00,212.50999450683594,213.0,212.06500244140625,212.77999877929688,2827555.0,601647149.4483948
2025-05-01 18:30:00,212.7899932861328,213.1999969482422,212.3000030517578,212.94000244140625,3941988.0,839406934.3439941
2025-05-01 19:30:00,212.94000244140625,214.5500030517578,212.47000122070312,212.8300018310547,7135104.0,1518564197.3847656
2025-05-02 13:30:00,206.08999633789062,206.8199005126953,202.2100067138672,206.72000122070312,30704404.0,6347214432.360962
2025-05-02 14:30:00,206.72000122070312,206.99000549316406,204.60000610351562,204.9008026123047,9323215.0,1910334236.4270782
2025-05-02 15:30:00,204.9199981689453,206.5800018310547,204.860595703125,205.0,8718007.0,1787191435.0
2025-05-02 16:30:00,205.0,205.88999938964844,204.14999389648438,204.69900512695312,7635353.0,1562949162.893097
2025-05-02 17:30:00,204.6999969482422,205.8300018310547,204.6999969482422,204.8800048828125,7087245.0,1452034790.2056885
2025-05-02 18:30:00,204.8699951171875,205.42999267578125,203.66000366210938,204.75999450683594,8882491.0,1818778808.3670197
2025-05-02 19:30:00,204.75999450683594,205.5,203.88999938964844,205.3000030517578,9990065.0,2050960374.987259
2025-05-05 13:30:00,203.125,203.94000244140625,198.6199951171875,198.77999877929688,17363317.0,3451480132.0645447
2025-05-05 14:30:00,198.78700256347656,199.64999389648438,198.2100067138672,199.19960021972656,8474385.0,1688094104.1080475
2025-05-05 15:30:00,199.19000244140625,200.0399932861328,198.66000366210938,199.9739990234375,5978364.0,1195517356.697754
2025-05-05 16:30:00,199.9600067138672,200.63999938964844,199.67010498046875,200.41000366210938,4884446.0,978891840.7473755
2025-05-05 17:30:00,200.41000366210938,201.08999633789062,200.16000366210938,200.9600067138672,3841975.0,772083321.7945099
2025-05-05 18:30:00,200.9499969482422,201.16000366210938,199.39999389648438,199.39999389648438,5400812.0,1076921879.8360596
2025-05-05 19:30:00,199.39999389648438,199.5998992919922,198.5196990966797,198.77000427246094,6786984.0,1349048838.677124
2025-05-06 13:30:00,198.125,199.8800048828125,197.02000427246094,198.91000366210938,16561562.0,3294260358.0702515
2025-05-06 14:30:00,198.89999389648438,199.1300048828125,197.85000610351562,199.03500366210938,5182787.0,1031556029.5249329
2025-05-06 15:30:00,199.03500366210938,200.6490020751953,198.66000366210938,198.97999572753906,4709429.0,937082162.2991486
2025-05-06 16:30:00,198.97500610351562,200.02000427246094,198.9600067138672,199.4250030517578,3055441.0,609331330.749466
2025-05-06 17:30:00,199.4499969482422,199.82000732421875,198.69000244140625,199.30499267578125,2836848.0,565397969.8623047
2025-05-06 18:30:00,199.2949981689453,199.85000610351562,199.02000427246094,199.70840454101562,3342061.0,667437670.1887512
2025-05-06 19:30:00,199.72999572753906,200.1699981689453,198.3800048828125,198.41000366210938,4603113.0,913303667.1871033
2025-05-07 13:30:00,199.19500732421875,199.44000244140625,197.35000610351562,199.22000122070312,9871911.0,1966682121.4706726
2025-05-07 14:30:00,199.2270050048828,199.39999389648438,193.80999755859375,194.35069274902344,11182870.0,2173398531.4222717
2025-05-07 15:30:00,194.36000061035156,195.3699951171875,193.25,194.8699951171875,7971845.0,1553473396.2249756
2025-05-07 16:30:00,194.85000610351562,195.77999877929688,194.5749969482422,195.3000030517578,4049885.0,790942552.8592682
2025-05-07 17:30:00,195.32000732421875,195.36000061035156,193.3000030517578,194.00999450683594,5113387.0,992048183.7813263
2025-05-07 18:30:00,193.9969940185547,195.7100067138672,193.83140563964844,194.32000732421875,4886414.0,949528004.269165
2025-05-07 19:30:00,194.33999633789062,197.4698944091797,194.2899932861328,196.25,6299703.0,1236316713.75
2025-05-08 13:30:00,197.74000549316406,198.1300048828125,194.67959594726562,195.82000732421875,10449699.0,2046260134.7158813
2025-05-08 14:30:00,195.8300018310547,197.8300018310547,195.51499938964844,197.5399932861328,5629546.0,1112060479.0439758
2025-05-08 15:30:00,197.52999877929688,200.0498046875,197.30999755859375,199.24000549316406,6698875.0,1334683891.7980194
2025-05-08 16:30:00,199.23570251464844,199.99000549316406,199.01010131835938,199.13999938964844,3093141.0,615968096.8520966
2025-05-08 17:30:00,199.13999938964844,199.21200561523438,198.08999633789062,198.63999938964844,3307947.0,657090590.0609894
2025-05-08 18:30:00,198.63999938964844,199.68800354003906,198.4499969482422,199.55999755859375,3714346.0,741234878.6917725
2025-05-08 19:30:00,199.57000732421875,199.6199951171875,197.16400146484375,197.39999389648438,5279543.0,1042181755.9762268
2025-05-09 13:30:00,199.0050048828125,200.53990173339844,198.1199951171875,198.360107421875,9737491.0,1931529760.779541
2025-05-09 14:30:00,198.38499450683594,199.17999267578125,197.53500366210938,198.42999267578125,4551929.0,903239238.1306763
2025-05-09 15:30:00,198.4199981689453,199.00999450683594,197.92999267578125,198.13499450683594,2891812.0,572969154.7348022
2025-05-09 16:30:00,198.1300048828125,198.4499969482422,197.60000610351562,198.13999938964844,3054224.0,605163941.4958496
2025-05-09 17:30:00,198.14500427246094,199.0998992919922,197.91000366210938,198.91000366210938,2470206.0,491348684.50616455
2025-05-09 18:30:00,198.94000244140625,199.42999267578125,198.7100067138672,198.77999877929688,2945367.0,585480048.6645813
2025-05-09 19:30:00,198.8000030517578,198.92990112304688,198.34010314941406,198.5399932861328,3474290.0,689785513.2740784
2025-05-12 13:30:00,210.97000122070312,211.26649475097656,206.75,209.16000366210938,23789646.0,4975842444.480286
2025-05-12 14:30:00,209.1699981689453,210.22999572753906,208.1199951171875,208.75999450683594,6318334.0,1319015371.1323547
2025-05-12 15:30:00,208.77999877929688,208.9864959716797,208.25,208.72999572753906,3944326.0,823299149.1280212
2025-05-12 16:30:00,208.72999572753906,209.99000549316406,208.70919799804688,209.93499755859375,4323467.0,907647034.0896606
2025-05-12 17:30:00,209.94000244140625,210.9600067138672,209.93499755859375,210.77000427246094,4651025.0,980296559.1213226
2025-05-12 18:30:00,210.77999877929688,211.14999389648438,209.9199981689453,210.0500030517578,4909377.0,1031214653.8322296
2025-05-12 19:30:00,210.05999755859375,210.85000610351562,209.9600067138672,210.8300018310547,5815190.0,1226016518.347931
2025-05-13 13:30:00,210.42999267578125,211.6656951904297,209.0800018310547,211.4499969482422,15261368.0,3227016217.026001
2025-05-13 14:30:00,211.44500732421875,211.8800048828125,211.0800018310547,211.38499450683594,4791824.0,1012919689.9177246
2025-05-13 15:30:00,211.3975067138672,211.61000061035156,210.47999572753906,211.27999877929688,4186585.0,884541673.6894226
2025-05-13 16:30:00,211.27999877929688,211.94000244140625,210.90980529785156,211.7100067138672,3331068.0,705220428.6443481
2025-05-13 17:30:00,211.7100067138672,212.97000122070312,211.70989990234375,212.4600067138672,4232828.0,899306665.298645
2025-05-13 18:30:00,212.47520446777344,213.39999389648438,212.0399932861328,213.22999572753906,4652431.0,992037842.2526703
2025-05-13 19:30:00,213.19000244140625,213.36000061035156,212.60499572753906,212.83999633789062,4596157.0,978246039.0483704
2025-05-14 13:30:00,212.4250030517578,213.94000244140625,211.8699951171875,213.2899932861328,12096435.0,2580048539.936142
2025-05-14 14:30:00,213.30499267578125,213.71640014648438,211.88980102539062,212.6199951171875,4921349.0,1046377200.3499756
2025-05-14 15:30:00,212.6179962158203,212.8800048828125,211.99000549316406,212.2899932861328,3092741.0,656557966.1257477
2025-05-14 16:30:00,212.2949981689453,212.60000610351562,210.58009338378906,210.9600067138672,4235129.0,893442842.2740936
2025-05-14 17:30:00,210.97000122070312,211.94520568847656,210.9600067138672,211.3699951171875,3051755.0,645049439.4488525
2025-05-14 18:30:00,211.3800048828125,212.0500030517578,210.99000549316406,211.3594970703125,3801274.0,803435360.8664551
2025-05-14 19:30:00,211.33999633789062,212.60000610351562,211.24000549316406,212.41000366210938,6352084.0,1349246185.7020264
2025-05-15 13:30:00,210.9949951171875,212.52999877929688,209.5399932861328,210.27499389648438,9925447.0,2087073307.3448792
2025-05-15 14:30:00,210.32000732421875,212.8000030517578,210.19000244140625,212.49639892578125,5111525.0,1086180655.519104
2025-05-15 15:30:00,212.5,212.9600067138672,211.41009521484375,211.64169311523438,4296380.0,909293137.4664307
2025-05-15 16:30:00,211.6300048828125,212.27999877929688,211.2100067138672,212.12010192871094,2927204.0,620918810.8461304
2025-05-15 17:30:00,212.1300048828125,212.1300048828125,210.25999450683594,210.6300048828125,3649292.0,768650391.7788086
2025-05-15 18:30:00,210.6300048828125,211.2100067138672,210.3249969482422,210.36000061035156,3629914.0,763588711.2555237
2025-05-15 19:30:00,210.35000610351562,211.4600067138672,210.14999389648438,211.45799255371094,5877104.0,1242760613.8693848
2025-05-16 13:30:00,212.32000732421875,212.57000732421875,210.55999755859375,210.60000610351562,15838181.0,3335521015.268585
2025-05-16 14:30:00,210.58999633789062,210.66000366210938,209.77000427246094,210.0800018310547,6777501.0,1423817422.489975
2025-05-16 15:30:00,210.08999633789062,211.14990234375,210.08999633789062,210.9550018310547,3654109.0,770852570.7858734
2025-05-16 16:30:00,210.9600067138672,211.4199981689453,210.6999969482422,211.11000061035156,3241029.0,684213634.1681671
2025-05-16 17:30:00,211.11000061035156,211.74000549316406,210.72999572753906,211.6199951171875,3898429.0,824985525.9447021
2025-05-16 18:30:00,211.6300048828125,211.92999267578125,211.42999267578125,211.72500610351562,3274956.0,693390079.0887451
2025-05-16 19:30:00,211.7100067138672,211.72999572753906,211.11000061035156,211.19000244140625,3920156.0,827897755.2106934
2025-05-19 13:30:00,207.13999938964844,207.47999572753906,204.25999450683594,206.61990356445312,15175611.0,3135583281.351654
2025-05-19 14:30:00,206.61000061035156,208.0399932861328,206.24000549316406,207.3300018310547,5318353.0,1102654137.2281952
2025-05-19 15:30:00,207.32000732421875,208.5800018310547,207.27999877929688,208.48260498046875,3033717.0,632477222.9335327
2025-05-19 16:30:00,208.49000549316406,209.47999572753906,208.07000732421875,208.92999267578125,3363890.0,702817513.0621338
2025-05-19 17:30:00,208.92999267578125,209.1999969482422,207.77999877929688,208.02999877929688,3106651.0,646276603.7377014
2025-05-19 18:30:00,208.0500030517578,208.8000030517578,207.9600067138672,208.1273956298828,2702881.0,562543583.2274933
2025-05-19 19:30:00,208.1199951171875,208.92999267578125,208.10000610351562,208.75999450683594,4045825.0,844606404.7756195
2025-05-20 13:30:00,207.6699981689453,208.3000030517578,206.47000122070312,207.84500122070312,9911111.0,2059974877.8935242
2025-05-20 14:30:00,207.8300018310547,208.47000122070312,207.22000122070312,207.63429260253906,3762244.0,781170871.538147
2025-05-20 15:30:00,207.64999389648438,208.42999267578125,207.0500030517578,207.80999755859375,4102805.0,852603897.0333862
2025-05-20 16:30:00,207.80999755859375,208.01539611816406,207.11000061035156,207.3800048828125,2803301.0,581348575.0679932
2025-05-20 17:30:00,207.3699951171875,207.40499877929688,205.47000122070312,205.58999633789062,4199913.0,863460098.2894592
2025-05-20 18:30:00,205.5800018310547,206.41000366210938,205.02999877929688,206.27000427246094,4844502.0,999275448.2379456
2025-05-20 19:30:00,206.27000427246094,206.94000244140625,205.92999267578125,206.8699951171875,3731510.0,771937455.4797363
2025-05-21 13:30:00,205.1199951171875,206.61000061035156,204.05999755859375,205.80999755859375,8941675.0,1840286109.9197388
2025-05-21 14:30:00,205.85000610351562,207.0399932861328,205.4761962890625,206.5800018310547,4273571.0,882834305.0051422
2025-05-21 15:30:00,206.57000732421875,206.8699951171875,205.5200958251953,205.63999938964844,3570453.0,734227952.7407684
2025-05-21 16:30:00,205.64999389648438,206.08999633789062,202.02000427246094,202.10000610351562,12405386.0,2507128586.3164673
2025-05-21 17:30:00,202.08999633789062,203.34500122070312,201.75999450683594,202.3415069580078,7684596.0,1554912735.003479
2025-05-21 18:30:00,202.32000732421875,202.61000061035156,200.72000122070312,201.0301055908203,7028968.0,1413034179.234497
2025-05-21 19:30:00,201.05999755859375,202.49000549316406,201.0500030517578,202.05999755859375,6085411.0,1229618131.8030396
2025-05-22 13:30:00,200.71499633789062,201.63999938964844,199.6999969482422,200.36000061035156,13339867.0,2672775760.2620087
2025-05-22 14:30:00,200.3699951171875,201.36000061035156,200.35360717773438,200.9499969482422,5239551.0,1052887757.4601593
2025-05-22 15:30:00,200.9499969482422,202.40989685058594,200.86000061035156,201.9499969482422,4473843.0,903492580.1969147
2025-05-22 16:30:00,201.94500732421875,202.0699005126953,201.16000366210938,201.88999938964844,3223269.0,650745776.4426727
2025-05-22 17:30:00,201.8800048828125,202.22000122070312,201.6699981689453,201.97000122070312,3552562.0,717510951.4766235
2025-05-22 18:30:00,201.9600067138672,202.72000122070312,201.64999389648438,202.61000061035156,5071372.0,1027510684.0153198
2025-05-22 19:30:00,202.6199951171875,202.64999389648438,201.0,201.3699951171875,5705738.0,1148964433.1999512
2025-05-23 13:30:00,193.6649932861328,197.6999969482422,193.4600067138672,197.1699981689453,27970489.0,5514941264.914505
2025-05-23 14:30:00,197.14999389648438,197.3699951171875,195.69000244140625,196.5850067138672,7789566.0,1531311884.4081116
2025-05-23 15:30:00,196.58999633789062,197.1199951171875,195.71499633789062,196.05020141601562,6693085.0,1312180662.344513
2025-05-23 16:30:00,196.05079650878906,196.67239379882812,195.63499450683594,196.6199951171875,6093930.0,1198188486.8444824
2025-05-23 17:30:00,196.60000610351562,196.60000610351562,195.08999633789062,195.75,7300789.0,1429129446.75
2025-05-23 18:30:00,195.72000122070312,195.89999389648438,195.02999877929688,195.46240234375,6291505.0,1229752681.6577148
2025-05-23 19:30:00,195.4600067138672,195.97000122070312,195.02999877929688,195.33999633789062,8128777.0,1587875269.4115295
2025-05-27 13:30:00,198.3000030517578,199.1699981689453,197.42999267578125,198.35000610351562,13343197.0,2646623206.3904114
2025-05-27 14:30:00,198.36000061035156,199.3699951171875,198.00999450683594,199.36500549316406,6877187.0,1371070424.0325165
2025-05-27 15:30:00,199.36000061035156,200.5800018310547,199.0,199.9949951171875,6493372.0,1298641901.434082
2025-05-27 16:30:00,199.99000549316406,200.64999389648438,199.6699981689453,199.95989990234375,4788957.0,957599362.3566284
2025-05-27 17:30:00,199.9550018310547,200.74000549316406,199.80999755859375,200.3699951171875,4199118.0,841377253.1564941
2025-05-27 18:30:00,200.3800048828125,200.5500030517578,200.19000244140625,200.29440307617188,4344607.0,870200465.6655579
2025-05-27 19:30:00,200.3000030517578,200.47000122070312,199.92999267578125,200.1999969482422,6028688.0,1206943319.2019043
2025-05-28 13:30:00,200.67999267578125,202.72999572753906,199.89999389648438,200.75,11384135.0,2285365101.25
2025-05-28 14:30:00,200.74000549316406,201.30999755859375,200.2100067138672,201.0449981689453,4989502.0,1003114420.453949
2025-05-28 15:30:00,201.0500030517578,201.2899932861328,200.86199951171875,201.10000610351562,2681810.0,539312007.3684692
2025-05-28 16:30:00,201.08999633789062,201.52000427246094,200.8249969482422,201.11000061035156,2692955.0,541580181.6936493
2025-05-28 17:30:00,201.1199951171875,201.25,200.72999572753906,200.85000610351562,2564636.0,515107156.2532959
2025-05-28 18:30:00,200.83999633789062,201.52110290527344,200.32000732421875,201.12860107421875,3702217.0,744621726.0831909
2025-05-28 19:30:00,201.08999633789062,201.39500427246094,200.19500732421875,200.4199981689453,4638874.0,929723118.585968
2025-05-29 13:30:00,203.5749969482422,203.77999877929688,200.75999450683594,201.13999938964844,13269413.0,2669009722.720993
2025-05-29 14:30:00,201.11000061035156,201.64999389648438,200.5500030517578,200.74000549316406,4965675.0,996809626.7772675
2025-05-29 15:30:00,200.74000549316406,200.8000030517578,198.50999450683594,199.4199981689453,6137020.0,1223844517.1627808
2025-05-29 16:30:00,199.39999389648438,200.44960021972656,199.39999389648438,199.97500610351562,3935142.0,786930045.4682007
2025-05-29 17:30:00,199.9600067138672,200.1699981689453,199.0399932861328,199.0399932861328,3863280.0,768947225.2624512
2025-05-29 18:30:00,199.0399932861328,199.57000732421875,198.57000732421875,199.13929748535156,4850814.0,965987692.1921082
2025-05-29 19:30:00,199.125,200.2480010986328,199.0800018310547,199.9499969482422,5888522.0,1177409955.929657
2025-05-30 13:30:00,199.40499877929688,199.57000732421875,197.97000122070312,199.24000549316406,8945068.0,1782215397.456726
2025-05-30 14:30:00,199.22999572753906,199.48500061035156,198.80999755859375,199.30999755859375,3302545.0,658230235.887146
2025-05-30 15:30:00,199.3000030517578,199.3699951171875,197.55039978027344,197.71499633789062,3638495.0,719385025.6004333
2025-05-30 16:30:00,197.72000122070312,198.1699981689453,196.77999877929688,198.0850067138672,5105841.0,1011390548.7649384
2025-05-30 17:30:00,198.0800018310547,199.17999267578125,197.9499969482422,199.1199951171875,3188808.0,634955433.3896484
2025-05-30 18:30:00,199.1199951171875,200.22999572753906,198.9199981689453,200.05059814453125,4653738.0,930983070.5079346
2025-05-30 19:30:00,200.07000732421875,201.9499969482422,199.74009704589844,200.66000366210938,12325548.0,2473244506.817505
2025-06-02 13:30:00,200.14999389648438,202.1300048828125,200.1199951171875,200.52999877929688,8866907.0,1778080849.886139
2025-06-02 14:30:00,200.52000427246094,201.99000549316406,200.35000610351562,200.7100067138672,4886322.0,980733721.426117
2025-06-02 15:30:00,200.72000122070312,201.1186981201172,200.3000030517578,201.02999877929688,3147865.0,632815297.1073914
2025-06-02 16:30:00,201.02999877929688,201.16799926757812,200.57000732421875,200.860107421875,2227466.0,447409060.0385742
2025-06-02 17:30:00,200.86000061035156,201.52999877929688,200.58009338378906,201.45399475097656,2804759.0,565029904.8637543
2025-06-02 18:30:00,201.4499969482422,201.7799072265625,201.13999938964844,201.66000366210938,2805599.0,565777104.6144104
2025-06-02 19:30:00,201.64999389648438,201.80990600585938,201.3000030517578,201.8000030517578,3972829.0,801716904.3241119
2025-06-03 13:30:00,201.35000610351562,203.24000549316406,200.9550018310547,201.74000549316406,10305758.0,2079083675.5312195
2025-06-03 14:30:00,201.74000549316406,202.69000244140625,201.52020263671875,202.5,4748287.0,961528117.5
2025-06-03 15:30:00,202.52000427246094,203.33999633789062,202.05999755859375,203.05499267578125,4217975.0,856480882.7316284
2025-06-03 16:30:00,203.05999755859375,203.74000549316406,202.72000122070312,203.31460571289062,3820571.0,776777886.4631042
2025-06-03 17:30:00,203.3350067138672,203.77000427246094,202.5,203.09170532226562,3339508.0,678226374.6573486
2025-06-03 18:30:00,203.0800018310547,203.4398956298828,202.99000549316406,203.17999267578125,2991230.0,607758089.4915771
2025-06-03 19:30:00,203.17999267578125,203.4698944091797,202.97999572753906,203.33999633789062,4035108.0,820498845.9429932
2025-06-04 13:30:00,202.91000366210938,206.24000549316406,202.6508026123047,205.13999938964844,12614073.0,2587650927.520981
2025-06-04 14:30:00,205.1199951171875,205.17999267578125,203.99009704589844,204.08999633789062,4439145.0,905985086.7933655
2025-06-04 15:30:00,204.08999633789062,204.60000610351562,202.14999389648438,202.8300018310547,7130175.0,1446213408.3057404
2025-06-04 16:30:00,202.82000732421875,203.58999633789062,202.61500549316406,203.4149932861328,2639222.0,536857325.410614
2025-06-04 17:30:00,203.41200256347656,203.47000122070312,202.85000610351562,203.1199951171875,2609590.0,530059908.0578613
2025-06-04 18:30:00,203.11000061035156,203.25,202.75999450683594,203.19000244140625,3114173.0,632768819.4729614
2025-06-04 19:30:00,203.19000244140625,203.44769287109375,202.75999450683594,202.88699340820312,3543324.0,718894353.0311279
2025-06-05 13:30:00,203.59500122070312,203.83999633789062,201.27000427246094,202.4499969482422,9756368.0,1975176671.8259277
2025-06-05 14:30:00,202.4499969482422,204.58999633789062,201.6772003173828,204.54379272460938,6631520.0,1356436252.3291016
2025-06-05 15:30:00,204.53500366210938,204.75,202.47999572753906,203.13999938964844,4785035.0,972032006.9794464
2025-06-05 16:30:00,203.13999938964844,203.25,201.5500030517578,202.60009765625,3948935.0,800054616.6381836
2025-06-05 17:30:00,202.60000610351562,202.89999389648438,201.14999389648438,202.2104034423828,3145886.0,636130877.2437439
2025-06-05 18:30:00,202.2100067138672,202.72000122070312,200.1999969482422,200.72999572753906,4825395.0,968601517.7336884
2025-06-05 19:30:00,200.74000549316406,201.77000427246094,200.15960693359375,200.5500030517578,6191418.0,1241688898.7947083
2025-06-06 13:30:00,202.9949951171875,205.6999969482422,202.98309326171875,203.66000366210938,11106322.0,2261913579.192566
2025-06-06 14:30:00,203.64999389648438,204.05999755859375,202.97999572753906,203.17990112304688,4956876.0,1007137575.5592041
2025-06-06 15:30:00,203.0800018310547,203.60000610351562,202.61000061035156,202.625,3261392.0,660839554.0
2025-06-06 16:30:00,202.6199951171875,203.77999877929688,202.0500030517578,203.58999633789062,4406812.0,897182838.9417725
2025-06-06 17:30:00,203.60000610351562,205.2100067138672,203.58999633789062,204.98500061035156,4157003.0,852123262.4922333
2025-06-06 18:30:00,204.99000549316406,205.47000122070312,204.68499755859375,204.6999969482422,4253859.0,870764924.3182526
2025-06-06 19:30:00,204.69000244140625,205.22000122070312,203.89500427246094,203.92999267578125,5842274.0,1191414894.0299072
2025-06-09 13:30:00,204.38999938964844,206.0,203.97999572753906,205.32000732421875,10204602.0,2095208957.3807373
2025-06-09 14:30:00,205.3000030517578,205.74000549316406,204.50999450683594,204.52999877929688,4646532.0,950355184.2879639
2025-06-09 15:30:00,204.5301055908203,204.91000366210938,203.72999572753906,203.92880249023438,4660532.0,950416709.727417
2025-06-09 16:30:00,203.92999267578125,205.29989624023438,200.02000427246094,200.72000122070312,14949524.0,3000668475.5289307
2025-06-09 17:30:00,200.7100067138672,202.66769409179688,200.02999877929688,201.4600067138672,13053525.0,2629763234.139633
2025-06-09 18:30:00,201.42999267578125,201.6999969482422,200.6300048828125,201.25,8620350.0,1734845437.5
2025-06-09 19:30:00,201.2100067138672,202.35499572753906,200.88999938964844,201.44000244140625,7398849.0,1490424160.6235962
2025-06-10 13:30:00,200.60000610351562,203.35690307617188,200.57000732421875,202.8699951171875,13200692.0,2678024321.583496
2025-06-10 14:30:00,202.86000061035156,204.35000610351562,202.72999572753906,203.31500244140625,6624997.0,1346961281.229309
2025-06-10 15:30:00,203.32000732421875,203.32000732421875,202.3000946044922,202.53880310058594,4294134.0,869728760.7135315
2025-06-10 16:30:00,202.52999877929688,202.76300048828125,201.75,201.75999450683594,4163222.0,839971647.8507385
2025-06-10 17:30:00,201.77499389648438,202.10000610351562,201.30999755859375,201.6999969482422,5126577.0,1034030565.2549286
2025-06-10 18:30:00,201.69000244140625,203.22500610351562,201.60000610351562,202.82000732421875,4955808.0,1005137014.8574219
2025-06-10 19:30:00,202.82110595703125,202.97500610351562,202.3300018310547,202.75,4081286.0,827480736.5
2025-06-11 13:30:00,203.47000122070312,204.5,202.3300018310547,202.76010131835938,10386969.0,2106062886.830658
2025-06-11 14:30:00,202.75999450683594,202.77000427246094,200.91000366210938,200.94000244140625,7233304.0,1453460123.4194336
2025-06-11 15:30:00,200.89500427246094,201.1699981689453,199.65960693359375,200.2071075439453,10232286.0,2048576383.622406
2025-06-11 16:30:00,200.19070434570312,201.2364959716797,200.18499755859375,200.91000366210938,5829259.0,1171156447.037384
2025-06-11 17:30:00,200.90499877929688,200.98500061035156,198.7100067138672,199.23919677734375,6328313.0,1260847999.0756226
2025-06-11 18:30:00,199.22000122070312,199.60000610351562,198.6199951171875,198.97999572753906,6509313.0,1295223072.9292145
2025-06-11 19:30:00,198.9499969482422,199.125,198.41000366210938,198.85000610351562,6085149.0,1210031915.790802
2025-06-12 13:30:00,199.0800018310547,199.38999938964844,197.360107421875,198.0666961669922,10588317.0,2097192966.1587982
2025-06-12 14:30:00,198.0800018310547,198.9250030517578,197.86270141601562,198.14999389648438,5324558.0,1055061135.201477
2025-06-12 15:30:00,198.13369750976562,198.63999938964844,197.7550048828125,198.58999633789062,3767271.0,748142334.0938416
2025-06-12 16:30:00,198.5800018310547,199.44000244140625,198.2100067138672,199.25999450683594,4180542.0,833014775.9555969
2025-06-12 17:30:00,199.25999450683594,199.67990112304688,198.6696014404297,198.75,3327745.0,661389318.75
2025-06-12 18:30:00,198.75999450683594,199.06039428710938,198.5449981689453,198.88499450683594,3064478.0,609478690.1963196
2025-06-12 19:30:00,198.8800048828125,199.1999969482422,198.39999389648438,199.1999969482422,3810648.0,759081069.9708252
2025-06-13 13:30:00,199.72999572753906,200.3699951171875,195.91000366210938,196.15499877929688,14838318.0,2910610249.176819
2025-06-13 14:30:00,196.16000366210938,197.63999938964844,195.97999572753906,197.50999450683594,5870070.0,1159397493.4547424
2025-06-13 15:30:00,197.52000427246094,198.04750061035156,197.2100067138672,197.27000427246094,4078021.0,804471220.0931854
2025-06-13 16:30:00,197.2899932861328,197.57000732421875,196.9199981689453,197.27000427246094,3611125.0,712366644.1783905
2025-06-13 17:30:00,197.25,197.7100067138672,196.22000122070312,196.2779998779297,4012087.0,787484411.6962433
2025-06-13 18:30:00,196.25999450683594,196.63999938964844,195.80999755859375,196.22000122070312,5166232.0,1013718049.3464355
2025-06-13 19:30:00,196.24000549316406,196.69000244140625,195.77000427246094,196.4499969482422,5657582.0,1111431966.63443
2025-06-16 13:30:00,197.2899932861328,198.68499755859375,196.5635986328125,198.42999267578125,10592906.0,2101950259.9952393
2025-06-16 14:30:00,198.43499755859375,198.66000366210938,197.1649932861328,197.31500244140625,5091014.0,1004533439.8392334
2025-06-16 15:30:00,197.30999755859375,197.6300048828125,196.875,197.0800018310547,4269679.0,841468345.1380157
2025-06-16 16:30:00,197.0800018310547,197.9550018310547,197.02000427246094,197.875,2678380.0,529984442.5
2025-06-16 17:30:00,197.88499450683594,198.19000244140625,197.77000427246094,197.9886932373047,3200825.0,633727159.0312958
2025-06-16 18:30:00,197.99000549316406,198.39999389648438,197.66000366210938,198.2449951171875,3569146.0,707565331.3425293
2025-06-16 19:30:00,198.2449951171875,198.49000549316406,197.92999267578125,198.3699951171875,4718967.0,936101460.748169
2025-06-17 13:30:00,197.1999969482422,197.92999267578125,196.2550048828125,197.5800018310547,7902396.0,1561355416.1497192
2025-06-17 14:30:00,197.58299255371094,197.7899932861328,197.3249969482422,197.5800018310547,3367583.0,665367055.3062286
2025-06-17 15:30:00,197.58999633789062,198.38890075683594,197.4600067138672,197.61500549316406,3514424.0,694502918.0653076
2025-06-17 16:30:00,197.61000061035156,197.845703125,196.46499633789062,196.52000427246094,4473741.0,879179600.4338837
2025-06-17 17:30:00,196.50999450683594,196.82000732421875,195.2100067138672,195.4600067138672,4011630.0,784113226.733551
2025-06-17 18:30:00,195.47999572753906,195.94000244140625,195.42030334472656,195.83999633789062,3616427.0,708241050.4362488
2025-06-17 19:30:00,195.85000610351562,195.88499450683594,195.4409942626953,195.63999938964844,4321581.0,845474104.2023163
2025-06-18 13:30:00,195.94500732421875,197.50999450683594,195.07000732421875,197.06019592285156,8663131.0,1707158292.165329
2025-06-18 14:30:00,197.11000061035156,197.57000732421875,196.63499450683594,196.94000244140625,3977500.0,783328859.7106934
2025-06-18 15:30:00,196.85000610351562,197.22999572753906,196.50030517578125,196.9508056640625,2676891.0,527215839.1248779
2025-06-18 16:30:00,196.94000244140625,197.02000427246094,196.0500030517578,196.05999755859375,2527979.0,495635556.56817627
2025-06-18 17:30:00,196.07000732421875,196.97999572753906,195.6300048828125,195.91000366210938,3683814.0,721696014.2305298
2025-06-18 18:30:00,195.91000366210938,196.4499969482422,195.11000061035156,195.63999938964844,5009904.0,980137615.5021973
2025-06-18 19:30:00,195.6300048828125,197.11000061035156,195.46600341796875,196.25,7662210.0,1503708712.5
2025-06-20 13:30:00,198.23500061035156,200.94000244140625,197.52999877929688,198.67999267578125,26036367.0,5172905204.863953
2025-06-20 14:30:00,198.69000244140625,198.69000244140625,196.85960388183594,197.6699981689453,6560590.0,1296831813.287201
2025-06-20 15:30:00,197.7100067138672,198.86000061035156,197.6999969482422,198.49000549316406,4287672.0,851060038.8328857
2025-06-20 16:30:00,198.49000549316406,199.3699951171875,198.27000427246094,198.32000732421875,4286863.0,850170701.5579224
2025-06-20 17:30:00,198.32000732421875,200.19000244140625,198.07000732421875,199.80999755859375,5317209.0,1062431517.3085327
2025-06-20 18:30:00,199.82000732421875,200.33670043945312,199.60009765625,199.92999267578125,7927637.0,1584972407.3462524
2025-06-20 19:30:00,199.9199981689453,201.6999969482422,199.77000427246094,200.94000244140625,10755124.0,2161134642.817627
2025-06-23 13:30:00,201.53199768066406,202.3000030517578,199.94000244140625,201.37179565429688,12829209.0,2583440853.1542664
2025-06-23 14:30:00,201.3800048828125,201.58999633789062,200.1999969482422,200.52999877929688,5321162.0,1067052609.3644409
2025-06-23 15:30:00,200.3300018310547,200.52000427246094,199.50999450683594,200.1396026611328,4993482.0,999393503.3755188
2025-06-23 16:30:00,200.13999938964844,201.52000427246094,198.9600067138672,201.43899536132812,4894801.0,986003795.9336243
2025-06-23 17:30:00,201.4600067138672,202.24000549316406,201.0800018310547,201.69000244140625,6635454.0,1338304733.4598389
2025-06-23 18:30:00,201.6699981689453,201.8968048095703,201.0507049560547,201.36019897460938,4184558.0,842603431.5007935
2025-06-23 19:30:00,201.35000610351562,201.83999633789062,201.13499450683594,201.5500030517578,3965279.0,799201994.5510712
2025-06-24 13:30:00,202.58999633789062,202.77999877929688,200.1999969482422,200.9822998046875,12508328.0,2513952528.151367
2025-06-24 14:30:00,200.99000549316406,201.5800018310547,200.7404022216797,201.3800048828125,4685578.0,943581720.5187988
2025-06-24 15:30:00,201.4600067138672,202.56500244140625,201.24000549316406,202.4499969482422,4724128.0,956399699.1831055
2025-06-24 16:30:00,202.45150756835938,203.44000244140625,201.94000244140625,201.9600067138672,6930517.0,1399687259.8505707
2025-06-24 17:30:00,201.9600067138672,202.3300018310547,201.30999755859375,201.57000732421875,4599071.0,927034775.154602
2025-06-24 18:30:00,201.5800018310547,202.01499938964844,201.30499267578125,201.52999877929688,5015277.0,1010728767.6878357
2025-06-24 19:30:00,201.53500366210938,201.5998992919922,200.27000427246094,200.2899932861328,7488205.0,1499812529.1751862
2025-06-25 13:30:00,201.4199981689453,203.66000366210938,201.1999969482422,202.44000244140625,10894360.0,2205454264.9975586
2025-06-25 14:30:00,202.44000244140625,203.1750030517578,201.99000549316406,202.10000610351562,5914874.0,1195396071.5015259
2025-06-25 15:30:00,202.10499572753906,202.1699981689453,201.39999389648438,201.8699951171875,3571019.0,720881588.0933838
2025-06-25 16:30:00,201.8800048828125,202.1999053955078,201.08999633789062,201.13999938964844,2830902.0,569407626.5521545
2025-06-25 17:30:00,201.13999938964844,201.27999877929688,200.62010192871094,201.01539611816406,3158873.0,634982107.3819733
2025-06-25 18:30:00,201.02000427246094,201.5,200.9499969482422,201.15980529785156,3073812.0,618327423.4421997
2025-06-25 19:30:00,201.13999938964844,201.6199951171875,200.88499450683594,201.60000610351562,4058748.0,818243621.5726318
2025-06-26 13:30:00,201.42999267578125,202.61500549316406,199.64999389648438,199.75,11861101.0,2369254924.75
2025-06-26 14:30:00,199.74000549316406,200.50999450683594,199.6199951171875,199.69000244140625,6026822.0,1203496099.893921
2025-06-26 15:30:00,199.7100067138672,200.7899932861328,199.4600067138672,200.122802734375,4778323.0,956251391.130127
2025-06-26 16:30:00,200.13780212402344,200.27000427246094,199.63499450683594,200.24000549316406,4568502.0,914796865.575531
2025-06-26 17:30:00,200.25,201.36000061035156,199.97500610351562,200.97999572753906,5027751.0,1010477374.4991302
2025-06-26 18:30:00,200.99000549316406,201.17869567871094,200.75,201.1750030517578,3971689.0,799004546.6956329
2025-06-26 19:30:00,201.17520141601562,201.55999755859375,200.7899932861328,200.94000244140625,5945620.0,1194712897.3156738
2025-06-27 13:30:00,201.89500427246094,203.22000122070312,201.25999450683594,201.58009338378906,11392916.0,2296585071.1936646
2025-06-27 14:30:00,201.58999633789062,201.9501953125,200.85499572753906,201.38180541992188,6069609.0,1222308818.6130066
2025-06-27 15:30:00,201.39999389648438,202.0500030517578,201.38999938964844,201.99000549316406,4142671.0,836778138.0463715
2025-06-27 16:30:00,201.99000549316406,202.6999969482422,201.72999572753906,202.0800018310547,4499910.0,909341821.0395813
2025-06-27 17:30:00,202.10000610351562,202.1199951171875,200.92999267578125,201.44000244140625,5147746.0,1036961966.8077393
2025-06-27 18:30:00,201.4499969482422,201.52000427246094,200.7899932861328,201.125,5338193.0,1073644067.125
2025-06-27 19:30:00,201.1300048828125,201.27000427246094,200.22000122070312,201.10000610351562,6326536.0,1272266428.2141113
2025-06-30 13:30:00,202.00999450683594,202.19000244140625,200.35240173339844,201.00990295410156,9942898.0,1998620962.0625305
2025-06-30 14:30:00,201.0050048828125,201.32000732421875,199.59010314941406,199.97000122070312,7348749.0,1469529346.5006409
2025-06-30 15:30:00,199.98919677734375,200.4199981689453,199.8000030517578,200.3249969482422,4709275.0,943385500.0034332
2025-06-30 16:30:00,200.30999755859375,200.47999572753906,199.84500122070312,200.15499877929688,4227066.0,846068390.0700073
2025-06-30 17:30:00,200.15499877929688,200.8300018310547,199.89999389648438,200.69500732421875,3674697.0,737493341.3292847
2025-06-30 18:30:00,200.69509887695312,207.08999633789062,199.2606964111328,206.58560180664062,26910135.0,5559246433.672943
2025-06-30 19:30:00,206.5500030517578,207.38999938964844,205.0500030517578,205.1199951171875,13956446.0,2862746135.373291
2025-07-01 13:30:00,206.6649932861328,209.8300018310547,206.14010620117188,209.54010009765625,26727051.0,5600388941.855164
2025-07-01 14:30:00,209.5500946044922,210.18649291992188,207.47000122070312,207.9499969482422,15475523.0,3218134960.622452
2025-07-01 15:30:00,207.9600067138672,208.18499755859375,206.7899932861328,207.875,7412772.0,1540929979.5
2025-07-01 16:30:00,207.8699951171875,208.52999877929688,207.10000610351562,208.08999633789062,6089153.0,1267091825.4708557
2025-07-01 17:30:00,208.08889770507812,208.4199981689453,207.61000061035156,208.2100067138672,4666140.0,971537040.7278442
2025-07-01 18:30:00,208.2100067138672,208.42990112304688,207.375,208.19000244140625,5033918.0,1048011400.7098389
2025-07-01 19:30:00,208.18499755859375,208.22999572753906,207.51499938964844,207.86000061035156,5286012.0,1098750457.5463257
2025-07-02 13:30:00,209.0800018310547,213.33999633789062,208.13999938964844,212.3000030517578,24809075.0,5266966698.211288
2025-07-02 14:30:00,212.27999877929688,212.85000610351562,211.4199981689453,211.47500610351562,8338925.0,1763474215.271759
2025-07-02 15:30:00,211.49000549316406,212.02000427246094,210.86000061035156,210.92030334472656,6059046.0,1277975820.299652
2025-07-02 16:30:00,210.9199981689453,211.35000610351562,210.22000122070312,210.81809997558594,5032781.0,1061001328.0132294
2025-07-02 17:30:00,210.80999755859375,211.77000427246094,210.74000549316406,211.58999633789062,3704293.0,783791342.3044739
2025-07-02 18:30:00,211.5749969482422,212.9600067138672,211.3699951171875,211.94500732421875,6995805.0,1482725941.9638062
2025-07-02 19:30:00,211.94000244140625,212.75,211.92999267578125,212.41000366210938,6287690.0,1335568255.9262085
2025-07-03 13:30:00,212.14500427246094,213.85989379882812,211.8101043701172,213.73500061035156,11914855.0,2546621540.6972504
2025-07-03 14:30:00,213.74000549316406,214.4600067138672,213.0399932861328,213.8800048828125,8989319.0,1922635591.6131592
2025-07-03 15:30:00,213.889892578125,214.64999389648438,213.6699981689453,214.10000610351562,5268462.0,1127977746.3561401
2025-07-03 17:00:00,214.10000610351562,214.13999938964844,201.25,213.25,0.0,0.0
2025-07-07 13:30:00,212.67999267578125,215.8300018310547,211.80999755859375,212.36000061035156,13506133.0,2868162412.1234894
2025-07-07 14:30:00,212.3699951171875,212.60000610351562,211.60000610351562,212.0399932861328,4497654.0,953682523.9633484
2025-07-07 15:30:00,212.03500366210938,212.22000122070312,210.3800048828125,210.8365020751953,4843940.0,1021279365.8621216
2025-07-07 16:30:00,210.83900451660156,211.16990661621094,209.52000427246094,209.67039489746094,5039814.0,1056699791.5897522
2025-07-07 17:30:00,209.6699981689453,210.5,208.91000366210938,208.94039916992188,4210639.0,879772593.4204407
2025-07-07 18:30:00,208.94000244140625,210.07000732421875,208.8000030517578,209.4499969482422,4388321.0,919133820.0579071
2025-07-07 19:30:00,209.4600067138672,210.25,209.19000244140625,209.94000244140625,4768433.0,1001084835.6616821
2025-07-08 13:30:00,210.1300048828125,210.4600067138672,208.4499969482422,209.27999877929688,9381795.0,1963422046.1476135
2025-07-08 14:30:00,209.28500366210938,211.42999267578125,209.25999450683594,209.87069702148438,5854284.0,1228642663.6417236
2025-07-08 15:30:00,209.8800048828125,211.18499755859375,209.77999877929688,210.8300018310547,3759768.0,792671894.3243408
2025-07-08 16:30:00,210.83999633789062,210.88999938964844,209.5,209.8350067138672,3725509.0,781742206.0275726
2025-07-08 17:30:00,209.83999633789062,210.25999450683594,209.32000732421875,209.94500732421875,2881574.0,604972074.5352783
2025-07-08 18:30:00,209.9499969482422,210.0449981689453,209.40499877929688,209.60499572753906,2636682.0,552661719.3448792
2025-07-08 19:30:00,209.58999633789062,210.33999633789062,209.3000030517578,210.03500366210938,5121140.0,1075618658.6541748
2025-07-09 13:30:00,209.52999877929688,210.89999389648438,209.35000610351562,209.91000366210938,8992949.0,1887709957.5231628
2025-07-09 14:30:00,209.88999938964844,209.89999389648438,207.22000122070312,207.80499267578125,8309318.0,1726717766.1307373
2025-07-09 15:30:00,207.80999755859375,208.22000122070312,207.26589965820312,207.8000030517578,4676493.0,971775259.671524
2025-07-09 16:30:00,207.81039428710938,209.0449981689453,207.57139587402344,208.9156036376953,3964765.0,828301273.256607
2025-07-09 17:30:00,208.9149932861328,209.97999572753906,208.72000122070312,209.7324981689453,4016622.0,842416166.2603455
2025-07-09 18:30:00,209.7449951171875,210.19000244140625,209.6199951171875,209.88999938964844,3710492.0,778795163.6152954
2025-07-09 19:30:00,209.8800048828125,211.3300018310547,209.72999572753906,211.11000061035156,6191235.0,1307031624.62883
2025-07-10 13:30:00,210.5050048828125,212.29989624023438,210.1199951171875,212.00999450683594,9591288.0,2033448916.1934814
2025-07-10 14:30:00,212.02999877929688,213.47999572753906,211.89999389648438,212.97999572753906,8759012.0,1865494338.3374634
2025-07-10 15:30:00,212.99000549316406,213.17999267578125,211.8300018310547,212.0800018310547,4598153.0,975176296.6594696
2025-07-10 16:30:00,212.07000732421875,212.77999877929688,211.85000610351562,212.6199951171875,3384939.0,719705713.6519775
2025-07-10 17:30:00,212.61000061035156,213.16000366210938,212.30999755859375,212.60000610351562,3025386.0,643197082.0654907
2025-07-10 18:30:00,212.5948944091797,213.4499969482422,212.57000732421875,212.5749969482422,3341074.0,710228795.3538513
2025-07-10 19:30:00,212.5800018310547,213.02000427246094,212.08999633789062,212.4199981689453,4470431.0,949608944.8343964
2025-07-11 13:30:00,210.56500244140625,212.1300048828125,209.86000061035156,211.7899932861328,8592173.0,1819736261.9832916
2025-07-11 14:30:00,211.7899932861328,211.7899932861328,210.47999572753906,210.8249969482422,4031708.0,849984826.7962036
2025-07-11 15:30:00,210.8300018310547,211.2100067138672,210.4282989501953,210.63499450683594,3418923.0,720144827.324295
2025-07-11 16:30:00,210.6199951171875,211.2899932861328,210.4499969482422,211.1649932861328,2805663.0,592457808.5581512
2025-07-11 17:30:00,211.15499877929688,211.65980529785156,210.95199584960938,211.40499877929688,2380669.0,503285327.0389099
2025-07-11 18:30:00,211.41000366210938,211.51699829101562,210.6199951171875,211.16000366210938,2371782.0,500825495.8057251
2025-07-11 19:30:00,211.1300048828125,211.39999389648438,211.029296875,211.0749969482422,4157903.0,877629363.036087
2025-07-14 13:30:00,209.90899658203125,210.91000366210938,207.5399932861328,208.02999877929688,11410322.0,2373689271.7313843
2025-07-14 14:30:00,208.02999877929688,208.89169311523438,207.8249969482422,208.76499938964844,4099030.0,855733995.4481506
2025-07-14 15:30:00,208.77000427246094,209.17999267578125,208.55999755859375,208.8406982421875,3442253.0,718882520.0462646
2025-07-14 16:30:00,208.85000610351562,209.3300018310547,208.76019287109375,209.0,2496708.0,521811972.0
2025-07-14 17:30:00,209.0133056640625,209.4499969482422,208.96080017089844,209.0,2387557.0,498999413.0
2025-07-14 18:30:00,209.0,209.4073028564453,208.87010192871094,209.1999053955078,3211653.0,671877503.7631989
2025-07-14 19:30:00,209.1699981689453,209.19000244140625,208.52000427246094,208.5399932861328,4180894.0,871883606.690033
2025-07-15 13:30:00,209.14999389648438,211.1300048828125,208.9199981689453,210.1699981689453,9804649.0,2060643062.3771515
2025-07-15 14:30:00,210.13999938964844,211.42999267578125,209.19769287109375,211.42999267578125,5300718.0,1120730767.9163818
2025-07-15 15:30:00,211.42999267578125,211.88999938964844,210.36000061035156,210.67999267578125,4617922.0,972903773.1373291
2025-07-15 16:30:00,210.69500732421875,211.07000732421875,210.3800048828125,210.67269897460938,2111068.0,444744393.27893066
2025-07-15 17:30:00,210.68499755859375,211.6699981689453,210.66000366210938,211.375,2756121.0,582575076.375
2025-07-15 18:30:00,211.38890075683594,211.47999572753906,209.9600067138672,210.17999267578125,3943223.0,828786581.2589722
2025-07-15 19:30:00,210.2030029296875,210.2899932861328,208.99000549316406,209.00999450683594,3872873.0,809469164.4556732
2025-07-16 13:30:00,210.2899932861328,212.39999389648438,209.91050720214844,212.0850067138672,11863740.0,2516121377.5515747
2025-07-16 14:30:00,212.11000061035156,212.1844940185547,209.2899932861328,210.1199951171875,6716190.0,1411205810.0061035
2025-07-16 15:30:00,210.1488037109375,210.5,208.63999938964844,209.58999633789062,5283557.0,1107380692.2810364
2025-07-16 16:30:00,209.60000610351562,210.947998046875,209.3699951171875,210.35000610351562,2958239.0,622265591.705658
2025-07-16 17:30:00,210.33999633789062,210.63189697265625,209.87100219726562,210.0384979248047,2325549.0,488454818.8105316
2025-07-16 18:30:00,210.0399932861328,210.58509826660156,210.0399932861328,210.3249969482422,2064165.0,434145497.32566833
2025-07-16 19:30:00,210.32000732421875,210.6365966796875,209.97000122070312,210.22000122070312,4310071.0,906063130.8813171
2025-07-17 13:30:00,210.625,211.00999450683594,209.58999633789062,209.9499969482422,9963627.0,2091863458.2434235
2025-07-17 14:30:00,209.94000244140625,210.8300018310547,209.77000427246094,210.44000244140625,4483480.0,943503542.1459961
2025-07-17 15:30:00,210.4499969482422,211.4499969482422,210.10499572753906,211.38999938964844,5714933.0,1208079683.3818817
2025-07-17 16:30:00,211.38890075683594,211.50999450683594,210.7899932861328,210.9550018310547,3852173.0,812635162.2685394
2025-07-17 17:30:00,210.9499969482422,211.8000030517578,210.9001007080078,211.27999877929688,5287499.0,1117142782.2655334
2025-07-17 18:30:00,211.27999877929688,211.27999877929688,210.77999877929688,210.9949951171875,4445454.0,937968545.0236816
2025-07-17 19:30:00,210.99989318847656,211.0500030517578,209.74000549316406,210.06100463867188,7016080.0,1473804813.425293
2025-07-18 13:30:00,210.7550048828125,211.00999450683594,209.70449829101562,209.9542999267578,15729684.0,3302514792.2891235
2025-07-18 14:30:00,209.9600067138672,211.00999450683594,209.77000427246094,210.85000610351562,4957360.0,1045259386.2573242
2025-07-18 15:30:00,210.85499572753906,211.1300048828125,210.67999267578125,211.00999450683594,3993353.0,842637394.5938568
2025-07-18 16:30:00,211.02000427246094,211.7899932861328,210.8800048828125,211.19000244140625,3840387.0,811051339.9059448
2025-07-18 17:30:00,211.17999267578125,211.5399932861328,210.75999450683594,210.93499755859375,3054294.0,644257497.4332275
2025-07-18 18:30:00,210.92999267578125,211.19500732421875,210.7899932861328,210.9499969482422,2639727.0,556850402.5941925
2025-07-18 19:30:00,210.94000244140625,211.34500122070312,210.8300018310547,211.22000122070312,4433304.0,936402476.291748
2025-07-21 13:30:00,212.0500030517578,215.77999877929688,211.64089965820312,214.64500427246094,19931497.0,4278196258.7215424
2025-07-21 14:30:00,214.63999938964844,214.7100067138672,212.8699951171875,213.47000122070312,7487806.0,1598421955.9603882
2025-07-21 15:30:00,213.4600067138672,213.7100067138672,213.16000366210938,213.31959533691406,3139375.0,669690204.6108246
2025-07-21 16:30:00,213.31500244140625,213.86000061035156,213.13999938964844,213.67999267578125,2907043.0,621176926.9481812
2025-07-21 17:30:00,213.66000366210938,213.7100067138672,212.50999450683594,213.25999450683594,4055325.0,864838587.2234344
2025-07-21 18:30:00,213.268798828125,213.42999267578125,212.50999450683594,212.5800018310547,2890224.0,614403823.2121582
2025-07-21 19:30:00,212.5800018310547,212.71859741210938,212.07000732421875,212.5399932861328,3808451.0,809448149.9705658
2025-07-22 13:30:00,213.23500061035156,214.02999877929688,212.2301025390625,213.2655029296875,12377510.0,2639695895.1672363
2025-07-22 14:30:00,213.25999450683594,213.69000244140625,212.72000122070312,213.477294921875,4721399.0,1007911486.7668457
2025-07-22 15:30:00,213.47000122070312,213.82000732421875,212.75999450683594,213.27999877929688,5611485.0,1196817513.9500427
2025-07-22 16:30:00,213.24000549316406,214.47999572753906,212.83999633789062,214.41119384765625,4068346.0,872298922.8453369
2025-07-22 17:30:00,214.39999389648438,214.42340087890625,213.44000244140625,213.7100067138672,3620984.0,773840514.9508057
2025-07-22 18:30:00,213.7100067138672,214.41990661621094,213.7100067138672,214.18499755859375,3749973.0,803187957.8497925
2025-07-22 19:30:00,214.17999267578125,214.64500427246094,213.92999267578125,214.38999938964844,4788294.0,1026562347.7374573
2025-07-23 13:30:00,215.0449981689453,215.10000610351562,212.41000366210938,212.9351043701172,13479209.0,2870196775.241623
2025-07-23 14:30:00,212.9499053955078,213.1699981689453,212.5,213.14999389648438,4588657.0,978072211.5430603
2025-07-23 15:30:00,213.14999389648438,213.80999755859375,212.64999389648438,213.5,4465099.0,953298636.5
2025-07-23 16:30:00,213.5,214.22850036621094,213.36000061035156,214.125,2552446.0,546542499.75
2025-07-23 17:30:00,214.1199951171875,214.63499450683594,214.07000732421875,214.40499877929688,4350901.0,932854923.5938416
2025-07-23 18:30:00,214.40499877929688,214.69500732421875,213.94000244140625,214.13999938964844,3541364.0,758347684.798523
2025-07-23 19:30:00,214.14500427246094,214.30999755859375,213.61000061035156,214.30999755859375,4190088.0,897977749.050293
2025-07-24 13:30:00,214.05999755859375,215.69000244140625,213.52999877929688,214.4600067138672,11740713.0,2517913388.805588
2025-07-24 14:30:00,214.4499969482422,215.35000610351562,214.08999633789062,215.25999450683594,6108820.0,1314984559.6432495
2025-07-24 15:30:00,215.2615966796875,215.49000549316406,214.1999969482422,214.33999633789062,4945138.0,1059940860.8103638
2025-07-24 16:30:00,214.33999633789062,215.1999969482422,214.27999877929688,214.7899932861328,2987772.0,641743527.8204956
2025-07-24 17:30:00,214.7899932861328,215.1999969482422,214.55999755859375,214.73500061035156,2538966.0,545204865.5596619
2025-07-24 18:30:00,214.73890686035156,215.02000427246094,214.3300018310547,214.80999755859375,3138944.0,674276552.9765625
2025-07-24 19:30:00,214.81100463867188,214.94000244140625,213.72000122070312,213.75999450683594,5843431.0,1249091778.4610748
2025-07-25 13:30:00,214.6999969482422,214.86000061035156,213.74000549316406,214.58529663085938,10049767.0,2156532232.7660217
2025-07-25 14:30:00,214.58999633789062,215.24000549316406,214.2100067138672,214.50999450683594,5133351.0,1101155094.8116608
2025-07-25 15:30:00,214.5,214.63999938964844,214.0500030517578,214.3896026611328,5205668.0,1116041094.105774
2025-07-25 16:30:00,214.38999938964844,214.58999633789062,214.0399932861328,214.1699981689453,2636543.0,564668409.4823456
2025-07-25 17:30:00,214.17039489746094,214.50999450683594,213.82000732421875,213.88999938964844,3060915.0,654699107.4817657
2025-07-25 18:30:00,213.91000366210938,214.00999450683594,213.39999389648438,213.5,2957957.0,631523819.5
2025-07-25 19:30:00,213.5050048828125,214.0,213.49000549316406,213.9600067138672,4400863.0,941608677.0268097
2025-07-28 13:30:00,214.02999877929688,214.74000549316406,213.5800018310547,214.52000427246094,7838862.0,1681592709.7312317
2025-07-28 14:30:00,214.53500366210938,214.84500122070312,214.12229919433594,214.43499755859375,3872401.0,830378298.980896
2025-07-28 15:30:00,214.44000244140625,214.75,214.2899932861328,214.5399932861328,2571343.0,551655909.9563446
2025-07-28 16:30:00,214.53500366210938,214.5749969482422,213.4149932861328,213.64500427246094,3975039.0,849247224.1381989
2025-07-28 17:30:00,213.63499450683594,214.02000427246094,213.6199951171875,213.8000030517578,2392173.0,511446594.70033264
2025-07-28 18:30:00,213.82000732421875,213.8300018310547,213.05999755859375,213.42999267578125,4397176.0,938489241.4741211
2025-07-28 19:30:00,213.4199981689453,214.0500030517578,213.32000732421875,214.0399932861328,3976187.0,851063038.7844086
2025-07-29 13:30:00,214.16000366210938,214.80999755859375,211.50999450683594,213.0500030517578,11789728.0,2511801586.3793945
2025-07-29 14:30:00,213.0399932861328,213.24830627441406,211.88999938964844,211.89999389648438,5404192.0,1145148251.8154297
2025-07-29 15:30:00,211.88099670410156,212.92999267578125,211.6999969482422,212.0,4842502.0,1026610424.0
2025-07-29 16:30:00,211.99000549316406,212.38999938964844,210.8249969482422,212.1999969482422,4558639.0,967343181.8881378
2025-07-29 17:30:00,212.2100067138672,212.38999938964844,211.81500244140625,211.9600067138672,3024877.0,641152949.2286224
2025-07-29 18:30:00,211.96499633789062,212.44000244140625,211.60000610351562,211.88999938964844,3376083.0,715358224.8094025
2025-07-29 19:30:00,211.88999938964844,211.91000366210938,211.05450439453125,211.35000610351562,4836491.0,1022192402.3695984
2025-07-30 13:30:00,211.89500427246094,212.38999938964844,210.02000427246094,210.61000061035156,7424119.0,1563593707.1213226
2025-07-30 14:30:00,210.6199951171875,210.72000122070312,209.6199951171875,209.71499633789062,3733727.0,783018544.1316833
2025-07-30 15:30:00,209.72000122070312,210.4199981689453,209.57000732421875,210.1199951171875,2767617.0,581531670.5262451
2025-07-30 16:30:00,210.11000061035156,210.1699981689453,209.32000732421875,209.75650024414062,2841873.0,596101334.6183167
2025-07-30 17:30:00,209.75,210.14990234375,209.47999572753906,209.85499572753906,3212089.0,674072923.3714752
2025-07-30 18:30:00,209.85499572753906,210.13999938964844,207.72000122070312,208.52000427246094,5902392.0,1230766805.0577393
2025-07-30 19:30:00,208.50999450683594,209.10989379882812,208.1300048828125,209.02000427246094,4190797.0,875960406.8450165
2025-07-31 13:30:00,208.3800048828125,209.68150329589844,207.8249969482422,208.8424072265625,11337524.0,2367755804.148926
2025-07-31 14:30:00,208.86000061035156,209.5500030517578,208.07000732421875,208.28280639648438,6709067.0,1397383303.0620422
2025-07-31 15:30:00,208.27000427246094,209.0,208.1699981689453,208.95449829101562,4492059.0,938635934.6386414
2025-07-31 16:30:00,208.9499969482422,209.83999633789062,208.5,208.6649932861328,5149802.0,1074583399.7549133
2025-07-31 17:30:00,208.6649932861328,208.9199981689453,207.58999633789062,208.61000061035156,5001721.0,1043409020.8628082
2025-07-31 18:30:00,208.61000061035156,209.38429260253906,208.49000549316406,208.5699005126953,6029902.0,1257656060.2413025
2025-07-31 19:30:00,208.57000732421875,208.85000610351562,207.16000366210938,207.61000061035156,8246453.0,1712046112.3632355
2025-08-01 13:30:00,210.88999938964844,213.5800018310547,204.3699951171875,205.36000061035156,29330279.0,6023266113.341782
2025-08-01 14:30:00,205.3300018310547,205.72999572753906,203.07000732421875,203.44000244140625,11748154.0,2390044478.4420166
2025-08-01 15:30:00,203.4199981689453,204.58999633789062,202.64999389648438,202.75,9260890.0,1877645447.5
2025-08-01 16:30:00,202.75999450683594,203.2895050048828,201.5,201.9824981689453,8501358.0,1717125526.6685486
2025-08-01 17:30:00,201.9801025390625,203.72999572753906,201.63009643554688,203.5500030517578,8026633.0,1633821171.64534
2025-08-01 18:30:00,203.5500030517578,204.32119750976562,202.89999389648438,203.19000244140625,7684390.0,1561391222.8607178
2025-08-01 19:30:00,203.17999267578125,203.24000549316406,202.1699981689453,202.27000427246094,8416967.0,1702499951.0511627
2025-08-04 13:30:00,204.5050048828125,206.83999633789062,204.19500732421875,206.75999450683594,13367550.0,2763874564.5698547
2025-08-04 14:30:00,206.75999450683594,207.8800048828125,205.74000549316406,205.77000427246094,8818623.0,1814608092.3872223
2025-08-04 15:30:00,205.75999450683594,205.8800048828125,203.92999267578125,203.93499755859375,5759426.0,1174548527.2489014
2025-08-04 16:30:00,203.94000244140625,204.47999572753906,203.86500549316406,204.14999389648438,5046794.0,1030302964.296814
2025-08-04 17:30:00,204.13999938964844,204.22000122070312,203.41000366210938,203.42999267578125,4659225.0,947826107.6248169
2025-08-04 18:30:00,203.44000244140625,203.52999877929688,202.07000732421875,202.3249969482422,10594574.0,2143547152.217926
2025-08-04 19:30:00,202.3300018310547,203.4499969482422,201.6750030517578,203.33999633789062,8673869.0,1763744490.695343
2025-08-05 13:30:00,203.43499755859375,204.55499267578125,202.16000366210938,204.52999877929688,9812948.0,2007042242.4613037
2025-08-05 14:30:00,204.53500366210938,205.33999633789062,203.90499877929688,204.6300048828125,6466189.0,1323176286.6431885
2025-08-05 15:30:00,204.6199951171875,204.69000244140625,203.44000244140625,203.7100067138672,3782674.0,770568545.9363708
2025-08-05 16:30:00,203.7100067138672,204.1699981689453,203.08999633789062,204.03500366210938,3720976.0,759209351.7866211
2025-08-05 17:30:00,204.0500030517578,204.3000030517578,203.75999450683594,203.8699951171875,2677706.0,545903909.1452637
2025-08-05 18:30:00,203.86000061035156,203.97000122070312,203.19009399414062,203.3350067138672,3354757.0,682139537.118393
2025-08-05 19:30:00,203.33999633789062,203.41000366210938,202.6699981689453,202.92999267578125,3784751.0,768039492.7096558
2025-08-06 13:30:00,205.60000610351562,211.14999389648438,205.58999633789062,210.75999450683594,23760541.0,5007771490.63945
2025-08-06 14:30:00,210.75999450683594,214.33999633789062,210.6300048828125,214.22500610351562,15618173.0,3345803206.250763
2025-08-06 15:30:00,214.22500610351562,214.99000549316406,213.6699981689453,214.49989318847656,15397308.0,3302720921.3900757
2025-08-06 16:30:00,214.5196990966797,214.889892578125,213.86900329589844,214.5399932861328,7331995.0,1573006158.0739594
2025-08-06 17:30:00,214.51499938964844,215.3800048828125,214.08999633789062,214.6024932861328,8218314.0,1763670675.0083313
2025-08-06 18:30:00,214.61000061035156,214.7949981689453,213.75,213.875,7181809.0,1536009399.875
2025-08-06 19:30:00,213.88499450683594,214.4199981689453,212.80999755859375,213.25,9553119.0,2037202626.75
2025-08-07 13:30:00,218.875,220.3300018310547,216.5800018310547,218.27000427246094,30765656.0,6715219866.565063
2025-08-07 14:30:00,218.2863006591797,220.1300048828125,217.64999389648438,219.62899780273438,11957311.0,2626172231.3456116
2025-08-07 15:30:00,219.6199951171875,220.33999633789062,219.4199981689453,219.9149932861328,9896825.0,2176460203.4290314
2025-08-07 16:30:00,219.9199981689453,220.2100067138672,213.25,218.7100067138672,7182645.0,1570916336.1733246
2025-08-07 17:30:00,218.72000122070312,219.72999572753906,218.71009826660156,219.5,4729353.0,1038092983.5
2025-08-07 18:30:00,219.49000549316406,220.85000610351562,219.24349975585938,219.3000946044922,9312135.0,2042152086.4698029
2025-08-07 19:30:00,219.30450439453125,220.1999969482422,219.25,220.1300048828125,6898669.0,1518604040.6549072
2025-08-08 13:30:00,220.82000732421875,223.10000610351562,219.25,222.7816925048828,15552244.0,3464755240.5689087
2025-08-08 14:30:00,222.77999877929688,224.6300048828125,222.6300048828125,224.36000061035156,10674558.0,2394943839.395233
2025-08-08 15:30:00,224.35499572753906,228.22500610351562,224.30999755859375,228.1999969482422,16989559.0,3877017311.9519806
2025-08-08 16:30:00,228.2097930908203,230.91000366210938,227.943603515625,228.6750030517578,25554276.0,5843624142.285461
2025-08-08 17:30:00,228.6699981689453,230.99000549316406,228.5500030517578,229.2899932861328,12552865.0,2878246331.5717316
2025-08-08 18:30:00,229.29159545898438,229.87989807128906,228.50999450683594,228.8300018310547,11212305.0,2565711773.6803436
2025-08-08 19:30:00,228.82000732421875,229.69000244140625,228.4600067138672,229.3699951171875,11188500.0,2566306190.3686523
2025-08-11 13:30:00,227.9199981689453,228.72999572753906,224.7624053955078,226.77499389648438,16158774.0,3664405875.2246704
2025-08-11 14:30:00,226.7899932861328,227.88999938964844,226.10000610351562,227.47000122070312,7977854.0,1814722459.1185913
2025-08-11 15:30:00,227.47000122070312,229.55999755859375,227.47000122070312,228.72999572753906,7420183.0,1697218425.887558
2025-08-11 16:30:00,228.73500061035156,229.0998992919922,228.0,228.10000610351562,4120877.0,939972068.8518372
2025-08-11 17:30:00,228.08999633789062,228.19500732421875,227.00999450683594,227.73500061035156,5313497.0,1210069242.5381012
2025-08-11 18:30:00,227.75999450683594,227.9600067138672,227.10000610351562,227.64999389648438,7584927.0,1726708585.2552795
2025-08-11 19:30:00,227.65919494628906,227.69500732421875,226.63999938964844,227.2050018310547,5849057.0,1328935006.3949432
2025-08-12 13:30:00,228.0050048828125,229.9398956298828,227.10000610351562,228.57000732421875,12571415.0,2873448418.6257935
2025-08-12 14:30:00,228.58999633789062,230.5865020751953,228.25999450683594,229.72999572753906,10092499.0,2318549752.1501923
2025-08-12 15:30:00,229.7299041748047,230.11000061035156,228.32000732421875,229.77999877929688,4868374.0,1118654971.7771606
2025-08-12 16:30:00,229.77999877929688,230.77999877929688,229.66000366210938,229.77499389648438,5072601.0,1165556863.8143005
2025-08-12 17:30:00,229.7700958251953,230.5500030517578,229.4499969482422,229.57000732421875,3593400.0,824936864.3188477
2025-08-12 18:30:00,229.5800018310547,229.61000061035156,228.9199981689453,229.18299865722656,3327871.0,762691454.9244232
2025-08-12 19:30:00,229.1699981689453,230.10000610351562,229.05999755859375,229.64999389648438,4734707.0,1087325433.6516418
2025-08-13 13:30:00,231.07000732421875,232.72000122070312,230.42999267578125,231.80999755859375,14738656.0,3416567811.376953
2025-08-13 14:30:00,231.80999755859375,234.5500030517578,231.67999267578125,232.2899932861328,11605576.0,2695859171.121704
2025-08-13 15:30:00,232.27999877929688,233.3972930908203,232.0301971435547,233.09500122070312,5966244.0,1390701652.4630127
2025-08-13 16:30:00,233.07000732421875,233.36000061035156,231.5601043701172,232.4550018310547,5417224.0,1259260814.8392334
2025-08-13 17:30:00,232.4499969482422,234.99000549316406,232.02000427246094,232.9250030517578,8137347.0,1895391574.8082123
2025-08-13 18:30:00,232.94000244140625,233.91000366210938,230.8000030517578,233.5850067138672,9192848.0,2147311461.7995605
2025-08-13 19:30:00,233.5850067138672,234.3300018310547,233.11000061035156,233.3300018310547,5738352.0,1338929682.6672363
2025-08-14 13:30:00,234.05499267578125,235.11000061035156,231.67019653320312,232.2100067138672,16052941.0,3727653537.387314
2025-08-14 14:30:00,232.2050018310547,232.4600067138672,230.85000610351562,231.74020385742188,6624676.0,1535203766.72937
2025-08-14 15:30:00,231.75,232.2949981689453,230.91000366210938,232.00999450683594,4323697.0,1003140917.219223
2025-08-14 16:30:00,232.02000427246094,233.13999938964844,231.9687957763672,232.92730712890625,3209373.0,747550610.4622192
2025-08-14 17:30:00,232.92999267578125,233.1300048828125,232.32000732421875,232.72999572753906,3634219.0,845791772.3429413
2025-08-14 18:30:00,232.7100067138672,233.49000549316406,232.44000244140625,232.94500732421875,4523178.0,1053651732.3387451
2025-08-14 19:30:00,232.92999267578125,233.50999450683594,232.69000244140625,232.8300018310547,4542543.0,1057640295.0076447
2025-08-15 13:30:00,233.72999572753906,234.22140502929688,231.5500946044922,232.1699981689453,11603282.0,2693933960.693756
2025-08-15 14:30:00,232.16140747070312,232.2899932861328,230.47000122070312,231.07000732421875,5319424.0,1229159342.640625
2025-08-15 15:30:00,231.07000732421875,231.4550018310547,230.6197052001953,230.74000549316406,3957281.0,913103039.6779938
2025-08-15 16:30:00,230.74420166015625,231.22500610351562,230.22999572753906,230.57000732421875,6137966.0,1415230865.5758057
2025-08-15 17:30:00,230.55999755859375,231.28990173339844,229.36000061035156,230.85000610351562,4535672.0,1047059908.8835449
2025-08-15 18:30:00,230.86000061035156,231.5,230.47999572753906,231.36000061035156,6170754.0,1427665649.2063293
2025-08-15 19:30:00,231.3699951171875,231.77000427246094,231.02000427246094,231.64999389648438,4696096.0,1087850609.7373047
2025-08-18 13:30:00,231.77999877929688,233.1199951171875,230.61000061035156,230.66000366210938,9348530.0,2156331964.0353394
2025-08-18 14:30:00,230.6199951171875,231.22000122070312,230.3699951171875,230.86000061035156,4699541.0,1084936038.1283722
2025-08-18 15:30:00,230.86500549316406,231.10000610351562,230.5,230.67999267578125,2959031.0,682589249.4074097
2025-08-18 16:30:00,230.67999267578125,231.14999389648438,230.11000061035156,231.07000732421875,2944837.0,680463507.1586304
2025-08-18 17:30:00,231.0800018310547,231.6699981689453,230.89999389648438,231.14500427246094,3270491.0,755957656.168045
2025-08-18 18:30:00,231.14999389648438,231.6750030517578,231.10000610351562,231.22500610351562,2886450.0,667419418.8674927
2025-08-18 19:30:00,231.22000122070312,231.5500030517578,230.8800048828125,230.8800048828125,2842575.0,656293729.8797607
2025-08-19 13:30:00,231.27499389648438,232.86500549316406,230.58999633789062,231.8300018310547,7589938.0,1759575340.4375916
2025-08-19 14:30:00,231.82000732421875,232.27000427246094,230.47000122070312,231.32260131835938,5331365.0,1233265220.377655
2025-08-19 15:30:00,231.32000732421875,231.66000366210938,231.05499267578125,231.30990600585938,3317736.0,767425202.3122559
2025-08-19 16:30:00,231.27999877929688,231.3300018310547,230.05999755859375,230.625,3326154.0,767094266.25
2025-08-19 17:30:00,230.6199951171875,230.89999389648438,229.8699951171875,230.0500030517578,3163874.0,727849223.3553772
2025-08-19 18:30:00,230.02499389648438,230.19000244140625,229.35000610351562,230.18499755859375,3535859.0,813901695.2825317
2025-08-19 19:30:00,230.18499755859375,230.69000244140625,229.99000549316406,230.5399932861328,3980557.0,917677584.055069
2025-08-20 13:30:00,229.97000122070312,230.4698944091797,226.5,226.7200927734375,10654146.0,2415508969.541748
2025-08-20 14:30:00,226.74000549316406,227.5500030517578,226.11000061035156,227.3350067138672,4855593.0,1103846267.2548065
2025-08-20 15:30:00,227.3300018310547,227.3699951171875,226.41000366210938,227.1345977783203,3599979.0,817679782.1753998
2025-08-20 16:30:00,227.1300048828125,227.16000366210938,225.88999938964844,226.2949981689453,3171568.0,717709974.7526855
2025-08-20 17:30:00,226.3000030517578,226.8300018310547,225.77000427246094,225.99009704589844,2697011.0,609497777.6238556
2025-08-20 18:30:00,225.99000549316406,226.72999572753906,225.8699951171875,226.44500732421875,3388687.0,767351252.5344849
2025-08-20 19:30:00,226.44000244140625,227.0,225.92999267578125,225.9600067138672,4504957.0,1017940113.965683
2025-08-21 13:30:00,226.27999877929688,226.52000427246094,224.67999267578125,225.57989501953125,6246020.0,1408976535.8898926
2025-08-21 14:30:00,225.5272979736328,225.5850067138672,224.51010131835938,225.1300048828125,3627965.0,816763778.1646729
2025-08-21 15:30:00,225.13499450683594,225.83999633789062,224.8000030517578,224.8300018310547,2756586.0,619763235.4274597
2025-08-21 16:30:00,224.8300018310547,225.00999450683594,223.7803955078125,224.1750030517578,3327885.0,746028630.030899
2025-08-21 17:30:00,224.17080688476562,224.77850341796875,224.16000366210938,224.22999572753906,2428717.0,544591202.5334015
2025-08-21 18:30:00,224.22349548339844,225.05499267578125,224.0941925048828,224.8800048828125,2704582.0,608206413.3659668
2025-08-21 19:30:00,224.89999389648438,225.25,224.38839721679688,224.91000366210938,3977376.0,894551650.7255859
2025-08-22 13:30:00,226.1699981689453,228.19000244140625,225.41000366210938,227.9499969482422,8240998.0,1878535468.95047
2025-08-22 14:30:00,227.97000122070312,228.72000122070312,227.8000030517578,228.05999755859375,5233127.0,1193466930.843811
2025-08-22 15:30:00,228.0399932861328,228.43499755859375,226.9250030517578,227.16929626464844,3176741.0,721658017.3850555
2025-08-22 16:30:00,227.1699981689453,229.08999633789062,227.07000732421875,228.61000061035156,4947377.0,1131019858.9896393
2025-08-22 17:30:00,228.6273956298828,228.6273956298828,227.77999877929688,227.8699951171875,4653621.0,1060420594.5472412
2025-08-22 18:30:00,227.8800048828125,228.51980590820312,227.78500366210938,227.85000610351562,4051520.0,923138856.7285156
2025-08-22 19:30:00,227.83999633789062,228.30999755859375,227.44000244140625,227.75,4139072.0,942673648.0
2025-08-25 13:30:00,226.40499877929688,229.1199951171875,226.24000549316406,228.80999755859375,8000835.0,1830671036.8167114
2025-08-25 14:30:00,228.77000427246094,229.24000549316406,228.2899932861328,228.56500244140625,4318256.0,987002193.1826172
2025-08-25 15:30:00,228.57000732421875,229.3000030517578,228.50010681152344,228.5399932861328,2427231.0,554719356.4438934
2025-08-25 16:30:00,228.5399932861328,228.75999450683594,228.32000732421875,228.43499755859375,2355527.0,538084804.4942017
2025-08-25 17:30:00,228.43499755859375,228.65499877929688,227.74000549316406,227.88499450683594,2684903.0,611849105.4063873
2025-08-25 18:30:00,227.875,227.90499877929688,227.44500732421875,227.59840393066406,2661985.0,605863537.2873688
2025-08-25 19:30:00,227.60000610351562,227.72000122070312,227.1199951171875,227.14999389648438,3262464.0,741068677.6875
2025-08-26 13:30:00,226.8699951171875,227.0500030517578,224.69000244140625,226.5,7799571.0,1766602831.5
2025-08-26 14:30:00,226.50999450683594,227.29989624023438,226.2899932861328,226.9615936279297,3785331.0,859124756.1692047
2025-08-26 15:30:00,226.96499633789062,227.6999969482422,226.5500030517578,227.57049560546875,4519154.0,1028426115.4974365
2025-08-26 16:30:00,227.55999755859375,228.1699981689453,227.4199981689453,228.11160278320312,2684567.0,612380881.1488953
2025-08-26 17:30:00,228.11000061035156,228.50999450683594,227.73500061035156,228.3592071533203,2399616.0,547974407.2324219
2025-08-26 18:30:00,228.36000061035156,228.6199951171875,227.77000427246094,228.56820678710938,2604761.0,595365550.8789978
2025-08-26 19:30:00,228.57000732421875,229.49000549316406,227.72500610351562,229.3000030517578,5151468.0,1181231628.1210327
2025-08-27 13:30:00,228.5800018310547,230.25,228.2949981689453,230.01499938964844,7840101.0,1803340826.729782
2025-08-27 14:30:00,230.02999877929688,230.6999969482422,229.47999572753906,229.5740966796875,4445165.0,1020494739.4671631
2025-08-27 15:30:00,229.57000732421875,230.08799743652344,229.30999755859375,229.8699951171875,2490171.0,572415595.6109619
2025-08-27 16:30:00,229.88999938964844,230.08999633789062,229.60000610351562,229.83999633789062,1919036.0,441071227.2122803
2025-08-27 17:30:00,229.83999633789062,230.67999267578125,229.8000030517578,230.625,2268584.0,523192185.0
2025-08-27 18:30:00,230.6199951171875,230.63499450683594,229.72000122070312,230.13250732421875,2256272.0,519241532.5654297
2025-08-27 19:30:00,230.125,230.89999389648438,230.1199951171875,230.44000244140625,3801508.0,876019512.8010254
2025-08-28 13:30:00,230.80999755859375,230.89999389648438,229.3350067138672,230.41580200195312,7213423.0,1662086645.7243347
2025-08-28 14:30:00,230.4300994873047,231.89999389648438,230.35000610351562,230.9499969482422,3919070.0,905109204.5399475
2025-08-28 15:30:00,230.9600067138672,232.35499572753906,230.9481964111328,232.2899932861328,3117170.0,724087398.3717346
2025-08-28 16:30:00,232.27999877929688,233.1199951171875,232.0800018310547,233.0,3773992.0,879340136.0
2025-08-28 17:30:00,233.00999450683594,233.41000366210938,232.83009338378906,232.91920471191406,3045856.0,709438357.1870117
2025-08-28 18:30:00,232.9199981689453,233.1699981689453,232.69000244140625,232.97500610351562,2740378.0,638439581.27594
2025-08-28 19:30:00,232.97500610351562,233.3300018310547,232.47999572753906,232.49000549316406,4904323.0,1140206081.2102509
2025-08-29 13:30:00,232.55999755859375,233.36129760742188,231.3699951171875,232.80960083007812,8795007.0,2047562068.967743
2025-08-29 14:30:00,232.80499267578125,233.16000366210938,232.5,232.9600067138672,3599986.0,838652762.7298279
2025-08-29 15:30:00,232.98500061035156,233.02999877929688,231.39999389648438,232.5,4414822.0,1026446115.0
2025-08-29 16:30:00,232.50999450683594,232.9600067138672,231.97999572753906,232.02999877929688,2677553.0,621272619.3215027
2025-08-29 17:30:00,232.03250122070312,232.5749969482422,231.97000122070312,232.17999267578125,3415896.0,793102708.2612305
2025-08-29 18:30:00,232.19000244140625,232.75,232.0,232.3542938232422,2433703.0,565481341.940506
2025-08-29 19:30:00,232.35000610351562,232.83770751953125,231.47999572753906,232.27000427246094,4673659.0,1085550795.8980255
2025-09-02 13:30:00,229.6999969482422,230.77999877929688,227.69000244140625,230.60000610351562,9687341.0,2233900893.726837
2025-09-02 14:30:00,230.60000610351562,230.75,227.5283966064453,227.82899475097656,5124954.0,1167613117.9649963
2025-09-02 15:30:00,227.82000732421875,228.1468963623047,227.1699981689453,227.85000610351562,3136378.0,714623746.4429321
2025-09-02 16:30:00,227.8437042236328,228.54539489746094,227.64999389648438,228.41000366210938,2530443.0,577978494.896759
2025-09-02 17:30:00,228.4199981689453,229.33999633789062,228.3300018310547,228.39999389648438,2346892.0,536030118.475708
2025-09-02 18:30:00,228.39999389648438,229.0800018310547,226.97000122070312,228.94000244140625,3504389.0,802294826.2156372
2025-09-02 19:30:00,228.92469787597656,230.0,228.89500427246094,229.7100067138672,4687318.0,1076723849.2500305
2025-09-03 13:30:00,237.1999969482422,237.97000122070312,234.3699951171875,236.8300018310547,21171526.0,5014052541.346222
2025-09-03 14:30:00,236.81390380859375,237.60000610351562,235.99000549316406,236.01100158691406,8284903.0,1955328255.080429
2025-09-03 15:30:00,236.02000427246094,236.82000732421875,235.49000549316406,236.49000549316406,4830748.0,1142423621.0560913
2025-09-03 16:30:00,236.4998016357422,237.89999389648438,236.44000244140625,237.4272003173828,4651843.0,1104474059.806015
2025-09-03 17:30:00,237.4250030517578,237.44000244140625,236.6300048828125,236.91000366210938,4344650.0,1029291047.4105835
2025-09-03 18:30:00,236.89999389648438,237.4499969482422,236.77000427246094,237.15499877929688,4834362.0,1146493114.2086792
2025-09-03 19:30:00,237.1558074951172,238.7100067138672,237.15040588378906,238.49000549316406,8891635.0,2120566079.9932098
2025-09-04 13:30:00,238.4499969482422,239.89320373535156,237.0399932861328,237.69000244140625,12016131.0,2856114206.7262573
2025-09-04 14:30:00,237.67999267578125,238.10000610351562,237.0749969482422,237.39999389648438,5223309.0,1240013524.719452
2025-09-04 15:30:00,237.38999938964844,237.6746063232422,236.74000549316406,237.16000366210938,3678939.0,872497186.712677
2025-09-04 16:30:00,237.14999389648438,238.08999633789062,236.97000122070312,238.0399932861328,3071522.0,731145076.2582092
2025-09-04 17:30:00,238.04010009765625,238.38999938964844,237.50999450683594,238.05999755859375,5093419.0,1212539314.704895
2025-09-04 18:30:00,238.07000732421875,238.97999572753906,237.8800048828125,238.70449829101562,3814924.0,910639519.4383545
2025-09-04 19:30:00,238.6999969482422,239.89990234375,238.49000549316406,239.7100067138672,5942248.0,1424416307.9754639
2025-09-05 13:30:00,239.99000549316406,241.32000732421875,239.1199951171875,239.28500366210938,17499270.0,4187312886.0342407
2025-09-05 14:30:00,239.25,240.1699981689453,238.63999938964844,239.80499267578125,6538203.0,1567893722.527771
2025-09-05 15:30:00,239.82000732421875,240.31500244140625,238.52000427246094,238.77000427246094,4219870.0,1007578377.9292297
2025-09-05 16:30:00,238.77999877929688,239.72500610351562,238.49009704589844,239.625,3993359.0,956908650.375
2025-09-05 17:30:00,239.64849853515625,239.64999389648438,238.72999572753906,239.1199951171875,2784543.0,665839908.5635986
2025-09-05 18:30:00,239.1199951171875,240.1300048828125,239.10000610351562,239.9250030517578,5197093.0,1246912553.8852692
2025-09-05 19:30:00,239.92999267578125,240.01499938964844,239.05999755859375,239.6699981689453,4868520.0,1166838179.4854736
2025-09-08 13:30:00,239.3000030517578,240.14999389648438,238.74000549316406,239.22999572753906,11286441.0,2700055232.2091217
2025-09-08 14:30:00,239.22000122070312,239.57000732421875,238.61500549316406,238.6999969482422,5248756.0,1252878041.1820679
2025-09-08 15:30:00,238.69500732421875,238.78829956054688,237.60000610351562,237.72999572753906,4448853.0,1057625804.6824493
2025-09-08 16:30:00,237.72000122070312,237.87989807128906,236.33999633789062,237.80580139160156,4717107.0,1121755410.3849335
2025-09-08 17:30:00,237.80990600585938,237.9550018310547,237.10499572753906,237.1649932861328,4114279.0,975762951.4122772
2025-09-08 18:30:00,237.15499877929688,237.24989318847656,236.61000061035156,237.11000061035156,3761415.0,891869112.9457855
2025-09-08 19:30:00,237.11500549316406,238.00999450683594,236.90420532226562,237.9199981689453,5177199.0,1231759176.6002655
2025-09-09 13:30:00,237.0,238.0,236.0749969482422,236.3101043701172,7890752.0,1864664428.678711
2025-09-09 14:30:00,236.30999755859375,236.67999267578125,235.77999877929688,236.22500610351562,4277475.0,1010446557.9826355
2025-09-09 15:30:00,236.22999572753906,236.25999450683594,235.5500030517578,236.0,4300130.0,1014830680.0
2025-09-09 16:30:00,236.0,238.78050231933594,235.8249969482422,237.75,9674704.0,2300160876.0
2025-09-09 17:30:00,237.75999450683594,238.10000610351562,233.6699981689453,234.52859497070312,16074676.0,3769971176.889282
2025-09-09 18:30:00,234.5500030517578,234.69000244140625,233.3699951171875,234.30999755859375,9544618.0,2236399420.27771
2025-09-09 19:30:00,234.30999755859375,234.63499450683594,233.51499938964844,234.35000610351562,6317179.0,1480430937.2070007
2025-09-10 13:30:00,232.02499389648438,232.33999633789062,227.5500030517578,228.10800170898438,22167235.0,5056523679.263458
2025-09-10 14:30:00,228.11000061035156,228.34640502929688,227.02000427246094,227.0399932861328,11560546.0,2624706286.2240295
2025-09-10 15:30:00,227.0399932861328,228.05499267578125,226.24009704589844,227.7386016845703,10156861.0,2313109321.6445465
2025-09-10 16:30:00,227.7449951171875,227.78990173339844,226.6199951171875,226.80499267578125,6579251.0,1492206974.8671265
2025-09-10 17:30:00,226.8000030517578,227.0850067138672,226.35000610351562,227.05999755859375,6214643.0,1411096824.4075317
2025-09-10 18:30:00,227.05499267578125,227.35000610351562,226.17999267578125,226.18499755859375,6166050.0,1394668004.196167
2025-09-10 19:30:00,226.18499755859375,227.10000610351562,225.9521942138672,226.77999877929688,7727491.0,1752440399.5470276
2025-09-11 13:30:00,226.875,229.18499755859375,226.64999389648438,228.94000244140625,13821091.0,3164200607.282898
2025-09-11 14:30:00,228.94000244140625,229.32000732421875,228.32020568847656,228.74000549316406,6721728.0,1537528099.6435547
2025-09-11 15:30:00,228.75,228.77999877929688,228.02999877929688,228.61000061035156,3513968.0,803328226.6247559
2025-09-11 16:30:00,228.60000610351562,229.5399932861328,228.30999755859375,229.47250366210938,3516399.0,806916882.4049377
2025-09-11 17:30:00,229.47000122070312,230.16000366210938,229.17999267578125,229.4600067138672,4663505.0,1070087888.6101532
2025-09-11 18:30:00,229.46499633789062,230.1508026123047,229.41000366210938,229.85000610351562,3884806.0,892922682.8109741
2025-09-11 19:30:00,229.83999633789062,230.4499969482422,229.8350067138672,230.02000427246094,5627999.0,1294552354.025406
2025-09-12 13:30:00,230.0,234.0780029296875,229.02000427246094,234.07000732421875,14988292.0,3508309618.2175293
2025-09-12 14:30:00,234.0800018310547,234.50999450683594,233.36000061035156,234.09500122070312,8044876.0,1883265257.0404053
2025-09-12 15:30:00,234.08999633789062,234.49000549316406,233.62100219726562,233.9694061279297,4710781.0,1102178632.9687347
2025-09-12 16:30:00,233.9636993408203,233.96499633789062,233.0,233.23500061035156,4969404.0,1159038944.9730835
2025-09-12 17:30:00,233.22000122070312,233.8699951171875,233.218505859375,233.5399932861328,3203879.0,748233880.1495819
2025-09-12 18:30:00,233.5399932861328,234.4499969482422,233.02999877929688,233.77549743652344,6970851.0,1629614160.0808868
2025-09-12 19:30:00,233.77999877929688,234.2899932861328,233.50999450683594,234.05999755859375,5874733.0,1375039991.6373901
2025-09-15 13:30:00,237.0,238.19000244140625,235.02999877929688,236.21499633789062,14134217.0,3338714016.8939514
2025-09-15 14:30:00,236.2100067138672,237.02000427246094,235.66000366210938,236.82000732421875,4993166.0,1182481608.69104
2025-09-15 15:30:00,236.81500244140625,237.3000030517578,236.47000122070312,236.57000732421875,3686503.0,872116041.7107544
2025-09-15 16:30:00,236.5648956298828,236.5904998779297,235.6999969482422,235.75999450683594,2964448.0,698898244.1958008
2025-09-15 17:30:00,235.75,236.13999938964844,235.5800018310547,235.63999938964844,2953754.0,696022590.7571716
2025-09-15 18:30:00,235.63499450683594,236.33999633789062,235.27000427246094,235.97000122070312,3570486.0,842527585.7785034
2025-09-15 19:30:00,235.97000122070312,236.7899932861328,235.67999267578125,236.75999450683594,4732529.0,1120473540.0434418
2025-09-16 13:30:00,237.0,241.22000122070312,236.32350158691406,239.52999877929688,14419277.0,3453849402.2083435
2025-09-16 14:30:00,239.52999877929688,239.85000610351562,238.2449951171875,239.5928955078125,5338278.0,1279013483.0456543
2025-09-16 15:30:00,239.58009338378906,239.58009338378906,238.46499633789062,239.19500732421875,3100557.0,741637754.3241577
2025-09-16 16:30:00,239.1999969482422,239.39999389648438,238.89999389648438,239.08560180664062,2224680.0,531888956.62719727
2025-09-16 17:30:00,239.10000610351562,239.11000061035156,238.1300048828125,238.92999267578125,2717104.0,649197638.8193359
2025-09-16 18:30:00,238.94000244140625,239.60000610351562,238.80999755859375,238.93829345703125,3145293.0,751530941.8423462
2025-09-16 19:30:00,238.94000244140625,239.4199981689453,238.08009338378906,238.13999938964844,20444664.0,4868692272.481567
2025-09-17 13:30:00,238.97000122070312,240.10000610351562,238.7899932861328,239.6300048828125,9926684.0,2378731335.3901367
2025-09-17 14:30:00,239.63999938964844,240.00999450683594,239.1999969482422,239.47999572753906,4002310.0,958473181.7002869
2025-09-17 15:30:00,239.48500061035156,239.77999877929688,239.27999877929688,239.67430114746094,3170671.0,759928356.0935211
2025-09-17 16:30:00,239.67999267578125,239.77000427246094,239.35000610351562,239.52000427246094,2892623.0,692841073.3186188
2025-09-17 17:30:00,239.52000427246094,239.82000732421875,238.4499969482422,239.55999755859375,4570049.0,1094800927.2826538
2025-09-17 18:30:00,239.5500030517578,239.6300048828125,237.7301025390625,239.2628936767578,5910219.0,1414096100.203354
2025-09-17 19:30:00,239.27000427246094,239.27999877929688,238.47999572753906,238.97000122070312,4226195.0,1009933824.3089294
2025-09-18 13:30:00,239.9499969482422,241.1999969482422,236.64999389648438,237.55999755859375,11453464.0,2720884879.8774414
2025-09-18 14:30:00,237.56500244140625,238.7949981689453,237.31500244140625,238.19000244140625,4587899.0,1092791674.0109253
2025-09-18 15:30:00,238.2100067138672,238.5399932861328,237.35000610351562,237.94000244140625,3609143.0,858759494.2313843
2025-09-18 16:30:00,237.9499969482422,238.1999969482422,237.63999938964844,237.8800048828125,3556108.0,845926988.4038086
2025-09-18 17:30:00,237.8699951171875,238.10000610351562,237.210205078125,237.8018035888672,3010288.0,715851915.7219238
2025-09-18 18:30:00,237.80999755859375,237.94639587402344,237.25010681152344,237.4499969482422,3540701.0,840739441.6446381
2025-09-18 19:30:00,237.4550018310547,238.11000061035156,237.43499755859375,237.85000610351562,4049383.0,963145771.2654724
2025-09-19 13:30:00,241.1750030517578,242.6999969482422,240.21060180664062,241.14999389648438,26772067.0,6456083793.646271
2025-09-19 14:30:00,241.14999389648438,243.16000366210938,241.05999755859375,242.27999877929688,10143358.0,2457532763.857971
2025-09-19 15:30:00,242.27369689941406,244.56910705566406,242.0491943359375,244.52000427246094,9031105.0,2208285833.1850433
2025-09-19 16:30:00,244.5124969482422,245.9199981689453,244.26870727539062,245.24380493164062,12269832.0,3009100285.552002
2025-09-19 17:30:00,245.24000549316406,246.2698974609375,244.89999389648438,245.48849487304688,9746967.0,2392768258.407257
2025-09-19 18:30:00,245.48500061035156,246.10000610351562,245.1909942626953,245.61000061035156,7490411.0,1839719850.281784
2025-09-19 19:30:00,245.60000610351562,246.3000030517578,244.74000549316406,245.2899932861328,12986528.0,3185465365.930176
2025-09-22 13:30:00,248.33999633789062,252.73500061035156,248.1699981689453,252.67160034179688,27825122.0,7030618105.44574
2025-09-22 14:30:00,252.66000366210938,256.0799865722656,252.0800018310547,255.789794921875,16983776.0,4344276580.0390625
2025-09-22 15:30:00,255.77000427246094,256.6300048828125,253.5800018310547,253.72000122070312,16047694.0,4071620941.26947
2025-09-22 16:30:00,253.72999572753906,254.72999572753906,253.16000366210938,254.5928955078125,8453992.0,2152326301.879883
2025-09-22 17:30:00,254.5800018310547,255.25999450683594,253.89999389648438,255.24000549316406,5242129.0,1338001034.7558746
2025-09-22 18:30:00,255.2449951171875,256.05999755859375,254.7346954345703,255.7899932861328,8214973.0,2101307888.5157623
2025-09-22 19:30:00,255.80499267578125,256.260009765625,255.61500549316406,256.0899963378906,9091926.0,2328351296.0443726
2025-09-23 13:30:00,256.5,257.3399963378906,255.27999877929688,256.6173095703125,11263642.0,2890445506.003174
2025-09-23 14:30:00,256.6099853515625,256.70001220703125,255.00999450683594,256.1000061035156,5490061.0,1406004655.608673
2025-09-23 15:30:00,256.1300048828125,256.2099914550781,255.35000610351562,255.72689819335938,3232527.0,826644103.0362854
2025-09-23 16:30:00,255.7200927734375,255.85000610351562,254.39999389648438,254.6699981689453,2847437.0,725156775.5761871
2025-09-23 17:30:00,254.66000366210938,254.96099853515625,253.92999267578125,254.63999938964844,16280935.0,4145777278.462906
2025-09-23 18:30:00,254.63999938964844,254.83999633789062,253.58999633789062,254.16990661621094,4692554.0,1192706011.971527
2025-09-23 19:30:00,254.16000366210938,254.52999877929688,253.6699981689453,254.52999877929688,5076635.0,1292155900.3529358
2025-09-24 13:30:00,255.0,255.3699951171875,252.0800018310547,252.6219940185547,6502958.0,1642790216.9789124
2025-09-24 14:30:00,252.625,252.99000549316406,251.5399932861328,252.1199951171875,3291728.0,829910447.2871094
2025-09-24 15:30:00,252.1199951171875,252.25999450683594,251.0399932861328,252.1649932861328,3045221.0,767898133.0197906
2025-09-24 16:30:00,252.17140197753906,252.25999450683594,251.33999633789062,251.49000549316406,1637321.0,411769867.2840729
2025-09-24 17:30:00,251.51499938964844,252.11000061035156,251.27999877929688,251.76499938964844,1622724.0,408545106.8695679
2025-09-24 18:30:00,251.75,251.7899932861328,251.24000549316406,251.38999938964844,1680916.0,422565472.2140503
2025-09-24 19:30:00,251.38999938964844,252.49000549316406,251.2899932861328,252.24000549316406,2697400.0,680392190.8172607
2025-09-25 13:30:00,253.0,254.1199951171875,251.71200561523438,254.0,8503081.0,2159782574.0
2025-09-25 14:30:00,254.00010681152344,254.1387939453125,253.02999877929688,253.50010681152344,3154957.0,799781936.4857635
2025-09-25 15:30:00,253.50010681152344,253.91000366210938,252.3000030517578,252.53030395507812,2473004.0,624508451.802124
2025-09-25 16:30:00,252.5399932861328,253.8800048828125,252.5,253.5,2502302.0,634333557.0
2025-09-25 17:30:00,253.49000549316406,254.58999633789062,252.85000610351562,254.55999755859375,2634795.0,670713408.767395
2025-09-25 18:30:00,254.5500030517578,257.1700134277344,254.22999572753906,256.9599914550781,7107739.0,1826404552.7049255
2025-09-25 19:30:00,256.95001220703125,257.1099853515625,255.4199981689453,256.94000244140625,4610669.0,1184665304.116516
2025-09-26 13:30:00,254.0,256.6000061035156,253.77999877929688,255.02000427246094,8034498.0,2048957714.2870789
2025-09-26 14:30:00,255.02000427246094,255.99000549316406,254.57119750976562,255.9700927734375,3714841.0,950888195.4085693
2025-09-26 15:30:00,255.97000122070312,256.0400085449219,254.86000061035156,255.6649932861328,2276774.0,582091409.4240417
2025-09-26 16:30:00,255.66000366210938,256.9750061035156,255.47999572753906,256.5199890136719,2086042.0,535111470.9220581
2025-09-26 17:30:00,256.5199890136719,257.3599853515625,255.86000061035156,256.55499267578125,2653513.0,680772008.2800903
2025-09-26 18:30:00,256.56500244140625,256.7298889160156,255.49000549316406,255.64500427246094,2089315.0,534122942.1015167
2025-09-26 19:30:00,255.63999938964844,255.64979553222656,254.89999389648438,255.4600067138672,3021515.0,771876242.1860504
2025-09-29 13:30:00,254.0,254.5,253.00999450683594,254.2198944091797,6306062.0,1603126415.7777405
2025-09-29 14:30:00,254.2050018310547,254.24000549316406,253.30999755859375,253.47000122070312,2834864.0,718552981.5405273
2025-09-29 15:30:00,253.4665069580078,254.07000732421875,253.1199951171875,253.66000366210938,2275242.0,577137894.052185
2025-09-29 16:30:00,253.6699981689453,253.7799072265625,253.2100067138672,253.39999389648438,1744854.0,442145992.95025635
2025-09-29 17:30:00,253.38999938964844,254.61500549316406,253.1300048828125,254.57000732421875,2297052.0,584760544.4641113
2025-09-29 18:30:00,254.57000732421875,254.60000610351562,253.61000061035156,253.99000549316406,2057798.0,522660125.323822
2025-09-29 19:30:00,253.99000549316406,254.8300018310547,253.94000244140625,254.35000610351562,2513071.0,639199624.1885681
2025-09-30 13:30:00,255.0,255.91900634765625,253.9600067138672,254.88619995117188,5093340.0,1298222077.6593018
2025-09-30 14:30:00,254.91000366210938,255.6750030517578,253.82009887695312,254.22000122070312,2465164.0,626693995.0892334
2025-09-30 15:30:00,254.2100067138672,254.97000122070312,254.16009521484375,254.53509521484375,1531480.0,389815407.6196289
2025-09-30 16:30:00,254.55059814453125,254.6699981689453,253.31170654296875,253.73500061035156,1623333.0,411896399.74580383
2025-09-30 17:30:00,253.75999450683594,253.99000549316406,253.11000061035156,253.33999633789062,1664288.0,421630715.8251953
2025-09-30 18:30:00,253.33999633789062,254.24000549316406,253.27099609375,253.9499969482422,2061307.0,523468906.35939026
2025-09-30 19:30:00,253.9600067138672,255.17999267578125,253.80999755859375,254.55999755859375,3030681.0,771490147.9608765
2025-10-01 13:30:00,255.25,258.7900085449219,255.0500030517578,256.1614074707031,9677443.0,2478987419.5975037
2025-10-01 14:30:00,256.17999267578125,256.2590026855469,255.10000610351562,255.52450561523438,2972074.0,759437739.5018921
2025-10-01 15:30:00,255.5301055908203,256.9200134277344,255.50999450683594,256.1600036621094,2338742.0,599092159.284729
2025-10-01 16:30:00,256.1636047363281,256.8298034667969,255.85499572753906,256.1404113769531,1826687.0,467888359.6369324
2025-10-01 17:30:00,256.1650085449219,256.6859130859375,256.05999755859375,256.4849853515625,10115926.0,2594583131.92749
2025-10-01 18:30:00,256.4800109863281,256.94000244140625,255.8699951171875,255.94000244140625,2751615.0,704248349.81781
2025-10-01 19:30:00,255.94000244140625,256.1400146484375,255.27999877929688,255.41000366210938,4879162.0,1246186784.288025
2025-10-02 13:30:00,256.5899963378906,257.29998779296875,254.14999389648438,256.2200927734375,11570169.0,2964509774.5843506
2025-10-02 14:30:00,256.2300109863281,257.6400146484375,255.97000122070312,257.1650085449219,4800305.0,1234470476.3432312
2025-10-02 15:30:00,257.1499938964844,258.17999267578125,256.72100830078125,257.3450012207031,4388406.0,1129334347.426941
2025-10-02 16:30:00,257.3450012207031,257.8226013183594,257.1138916015625,257.4100036621094,2290319.0,589551022.1773987
2025-10-02 17:30:00,257.3900146484375,257.9100036621094,257.0299987792969,257.8800048828125,2476632.0,638673872.2529297
2025-10-02 18:30:00,257.8699951171875,258.1600036621094,257.375,257.510009765625,4612702.0,1187816937.065918
2025-10-02 19:30:00,257.510009765625,257.875,256.8800048828125,257.1400146484375,5100991.0,1311668900.4615479
2025-10-03 13:30:00,254.6649932861328,259.0400085449219,253.9600067138672,257.8500061035156,16311886.0,4206019904.659851
2025-10-03 14:30:00,257.8599853515625,258.739990234375,257.5199890136719,258.510009765625,4452948.0,1151131630.9658203
2025-10-03 15:30:00,258.4930114746094,259.239990234375,258.2571105957031,258.5487060546875,4828730.0,1248461893.3874512
2025-10-03 16:30:00,258.5400085449219,258.92999267578125,258.1199951171875,258.30999755859375,3408741.0,880511879.3878784
2025-10-03 17:30:00,258.29998779296875,258.5899963378906,256.9599914550781,258.3699951171875,5459239.0,1410503553.7735596
2025-10-03 18:30:00,258.3699951171875,258.5849914550781,257.8500061035156,257.9200134277344,3050327.0,786740380.7989807
2025-10-03 19:30:00,257.9200134277344,258.260009765625,257.40350341796875,258.0150146484375,4468054.0,1152825018.2600098
2025-10-06 13:30:00,257.94500732421875,259.07000732421875,255.0500030517578,257.7799987792969,11669158.0,3008075534.9954224
2025-10-06 14:30:00,257.79998779296875,257.9800109863281,257.2799987792969,257.5513000488281,3447400.0,887882351.7883301
2025-10-06 15:30:00,257.56500244140625,257.6700134277344,256.7699890136719,257.1300048828125,3501833.0,900426336.388794
2025-10-06 16:30:00,257.1300048828125,257.4800109863281,256.1304931640625,256.55999755859375,2877222.0,738180069.2955322
2025-10-06 17:30:00,256.54998779296875,256.68121337890625,255.5,256.18499755859375,5922536.0,1517264870.7006836
2025-10-06 18:30:00,256.1802062988281,256.6600036621094,256.06500244140625,256.510009765625,2693724.0,690967169.5458984
2025-10-06 19:30:00,256.510009765625,257.25,256.4599914550781,256.6499938964844,3577742.0,918227462.4631958
2025-10-07 13:30:00,256.82000732421875,257.3999938964844,256.2799987792969,256.67999267578125,6425357.0,1649260587.6992798
2025-10-07 14:30:00,256.6700134277344,257.10791015625,255.60000610351562,256.3789978027344,4531854.0,1161872186.708313
2025-10-07 15:30:00,256.3900146484375,256.84979248046875,255.88999938964844,256.3384094238281,3693772.0,946855639.2542725
2025-10-07 16:30:00,256.3299865722656,256.6600036621094,255.75430297851562,255.88999938964844,2335693.0,597680480.3444061
2025-10-07 17:30:00,255.86000061035156,256.1499938964844,255.42999267578125,256.06988525390625,2294433.0,587535195.0327759
2025-10-07 18:30:00,256.07000732421875,256.301513671875,255.91009521484375,256.0199890136719,2361474.0,604584547.5360718
2025-10-07 19:30:00,256.0199890136719,256.6199951171875,255.9199981689453,256.489990234375,3978516.0,1020449529.9873047
2025-10-08 13:30:00,256.5299987792969,258.19000244140625,256.1099853515625,257.8399963378906,8459277.0,2181139950.7012024
2025-10-08 14:30:00,257.8599853515625,258.4549865722656,257.20001220703125,258.0400085449219,4427277.0,1142414594.910736
2025-10-08 15:30:00,258.05499267578125,258.5199890136719,257.55999755859375,258.20001220703125,2832234.0,731282853.373169
2025-10-08 16:30:00,258.19000244140625,258.32501220703125,257.625,257.92498779296875,2099955.0,541630867.7407837
2025-10-08 17:30:00,257.92498779296875,258.20001220703125,257.6499938964844,257.9150085449219,2280625.0,588207416.3627625
2025-10-08 18:30:00,257.8999938964844,258.42999267578125,257.739990234375,258.25,2564469.0,662274119.25
2025-10-08 19:30:00,258.239990234375,258.489990234375,257.8800048828125,258.0299987792969,4214118.0,1087368862.395813
2025-10-09 13:30:00,257.3299865722656,257.3599853515625,254.8090057373047,254.97999572753906,8612385.0,2195985890.5039215
2025-10-09 14:30:00,254.5800018310547,255.1199951171875,254.57009887695312,254.89500427246094,4441161.0,1132029752.069687
2025-10-09 15:30:00,254.47000122070312,254.61000061035156,253.8260955810547,253.84500122070312,4409804.0,1119406701.7630615
2025-10-09 16:30:00,253.8800048828125,254.00999450683594,253.2030029296875,253.4575958251953,2710789.0,687070062.7293854
2025-10-09 17:30:00,253.72999572753906,253.72999572753906,253.41009521484375,253.55999755859375,2363786.0,599361572.3890381
2025-10-09 18:30:00,253.44000244140625,254.08999633789062,253.41000366210938,253.89999389648438,3949781.0,1002849371.79245
2025-10-09 19:30:00,253.69000244140625,254.27000427246094,253.63999938964844,253.97999572753906,3200147.0,812773321.387497
2025-10-10 13:30:00,255.32000732421875,256.29290771484375,254.8800048828125,255.17999267578125,7963458.0,2032115154.1138916
2025-10-10 14:30:00,255.1999969482422,255.3000030517578,248.9499969482422,249.41000366210938,9992812.0,2492307277.5147705
2025-10-10 15:30:00,249.0399932861328,249.6649932861328,247.75999450683594,248.61000061035156,6989327.0,1737616589.7359467
2025-10-10 16:30:00,248.58999633789062,249.05999755859375,247.05999755859375,247.80999755859375,4394995.0,1089123700.2200317
2025-10-10 17:30:00,247.77000427246094,248.57000732421875,247.0800018310547,247.16000366210938,4882982.0,1206877849.0020142
2025-10-10 18:30:00,247.13710021972656,247.30999755859375,245.81500244140625,246.1649932861328,5426839.0,1335897785.9999237
2025-10-10 19:30:00,246.1699981689453,246.99000549316406,244.57000732421875,245.27999877929688,8519891.0,2089758854.0797424
2025-10-13 13:30:00,249.3800048828125,249.49000549316406,245.55999755859375,246.37600708007812,9359382.0,2305927165.897156
2025-10-13 14:30:00,246.3699951171875,248.65989685058594,246.22999572753906,248.59030151367188,5816790.0,1445997579.9417114
2025-10-13 15:30:00,248.6199951171875,249.6199951171875,248.36000061035156,249.17999267578125,3115587.0,776341945.8407593
2025-10-13 16:30:00,249.1699981689453,249.68930053710938,248.5500030517578,249.1042022705078,2298264.0,572507220.3270264
2025-10-13 17:30:00,249.08999633789062,249.32000732421875,248.68800354003906,249.1461944580078,2175748.0,542079334.2996216
2025-10-13 18:30:00,249.13999938964844,249.24000549316406,248.1300048828125,248.32000732421875,2310709.0,573795275.8041382
2025-10-13 19:30:00,248.32000732421875,248.58999633789062,247.3300018310547,247.58999633789062,3786722.0,937554486.1126099
2025-10-14 13:30:00,246.61500549316406,247.22999572753906,244.6999969482422,247.02000427246094,6901149.0,1704721855.4648895
2025-10-14 14:30:00,247.0,247.74989318847656,246.1199951171875,246.21400451660156,3292430.0,810642374.8905945
2025-10-14 15:30:00,246.22999572753906,247.75,246.1699981689453,247.38999938964844,2724013.0,673893574.4073944
2025-10-14 16:30:00,247.38999938964844,248.035400390625,247.38499450683594,247.79800415039062,2048766.0,507680125.7711792
2025-10-14 17:30:00,247.80999755859375,247.82000732421875,247.17999267578125,247.48500061035156,2132596.0,527785522.3616333
2025-10-14 18:30:00,247.49000549316406,248.75,247.14439392089844,248.4199981689453,3822730.0,949642579.6003723
2025-10-14 19:30:00,248.42999267578125,248.84500122070312,246.72999572753906,247.85000610351562,4482259.0,1110927920.5075378
2025-10-15 13:30:00,249.3800048828125,251.82000732421875,248.63999938964844,250.85000610351562,8163531.0,2047821801.176239
2025-10-15 14:30:00,250.8699951171875,251.4691925048828,249.8000030517578,249.85989379882812,3430819.0,857224070.9830017
2025-10-15 15:30:00,249.82000732421875,250.04969787597656,248.72000122070312,249.77499389648438,2879510.0,719229592.6748657
2025-10-15 16:30:00,249.77999877929688,249.9499053955078,247.47999572753906,248.0904998779297,2290291.0,568199439.0559235
2025-10-15 17:30:00,248.10499572753906,249.8000030517578,248.0500030517578,249.64700317382812,1934212.0,482870229.30285645
2025-10-15 18:30:00,249.64999389648438,250.10000610351562,249.47999572753906,249.9199981689453,2139459.0,534693589.36253357
2025-10-15 19:30:00,249.92999267578125,250.07000732421875,248.1699981689453,249.42999267578125,4229173.0,1054882590.4146118
2025-10-16 13:30:00,248.27000427246094,248.3800048828125,246.17999267578125,247.50999450683594,9564057.0,2367199695.533066
2025-10-16 14:30:00,247.49000549316406,249.0399932861328,247.48170471191406,248.23500061035156,4826932.0,1198213467.9661255
2025-10-16 15:30:00,248.1699981689453,248.66310119628906,247.03500366210938,247.72000122070312,3305994.0,818960837.7156372
2025-10-16 16:30:00,247.70010375976562,247.7720947265625,246.0399932861328,247.22000122070312,4045208.0,1000056326.697998
2025-10-16 17:30:00,247.22000122070312,247.4199981689453,245.25999450683594,245.66000366210938,3995746.0,981594976.9928589
2025-10-16 18:30:00,245.63999938964844,247.02000427246094,245.1300048828125,246.5500030517578,3603265.0,888384996.7462921
2025-10-16 19:30:00,246.55999755859375,247.91000366210938,246.35000610351562,247.42999267578125,3734949.0,924138403.7144165
2025-10-17 13:30:00,248.02000427246094,250.32000732421875,247.27000427246094,249.5601043701172,11142993.0,2780846496.075485
2025-10-17 14:30:00,249.6439971923828,249.86000061035156,248.22999572753906,248.47999572753906,3459331.0,859574552.1001434
2025-10-17 15:30:00,248.47999572753906,250.35000610351562,248.09719848632812,250.29649353027344,4277714.0,1070696814.5253601
2025-10-17 16:30:00,250.29330444335938,251.36000061035156,250.27520751953125,250.81500244140625,6063960.0,1520932142.2045898
2025-10-17 17:30:00,250.8000030517578,252.53500366210938,250.2449951171875,252.3000030517578,3952984.0,997337875.2635498
2025-10-17 18:30:00,252.2823944091797,252.82000732421875,251.6999969482422,252.75999450683594,3982655.0,1006655855.9226227
2025-10-17 19:30:00,252.75,253.3800048828125,252.1199951171875,252.3000030517578,7247788.0,1828616934.5184937
2025-10-20 13:30:00,255.88499450683594,259.8699951171875,255.6300048828125,259.5050048828125,19526731.0,5067284423.500366
2025-10-20 14:30:00,259.489990234375,263.54998779296875,259.07000732421875,262.57000732421875,20690049.0,5432586317.468445
2025-10-20 15:30:00,262.54998779296875,264.375,262.4175109863281,263.489990234375,13764809.0,3626889388.988037
2025-10-20 16:30:00,263.4800109863281,264.2099914550781,262.6499938964844,263.1650085449219,8089517.0,2128877810.4292908
2025-10-20 17:30:00,263.17999267578125,263.8299865722656,262.7900085449219,263.7300109863281,4756799.0,1254510652.5297546
2025-10-20 18:30:00,263.739990234375,263.80999755859375,263.0400085449219,263.4200134277344,5423277.0,1428599700.162323
2025-10-20 19:30:00,263.44000244140625,263.8500061035156,261.92999267578125,262.2300109863281,8021467.0,2103469379.5364685
2025-10-21 13:30:00,261.8800048828125,265.2900085449219,261.8800048828125,263.4999084472656,17003580.0,4480441773.275757
2025-10-21 14:30:00,263.4599914550781,263.8299865722656,262.510009765625,263.6619873046875,4721265.0,1244818112.4920654
2025-10-21 15:30:00,263.6700134277344,264.5350036621094,263.0801086425781,263.1700134277344,5514253.0,1451186036.0539246
2025-10-21 16:30:00,263.1600036621094,263.6799011230469,262.8475036621094,263.3265075683594,2671606.0,703504677.5786743
2025-10-21 17:30:00,263.3258056640625,264.04998779296875,262.1499938964844,263.44989013671875,3718095.0,979531719.2678833
2025-10-21 18:30:00,263.4495849609375,263.7381896972656,262.95001220703125,263.0849914550781,3430980.0,902639343.982544
2025-10-21 19:30:00,263.0950012207031,263.2099914550781,262.4700012207031,262.8399963378906,3493018.0,918104838.328186
2025-10-22 13:30:00,262.7900085449219,262.8500061035156,259.7200012207031,260.0498962402344,9155667.0,2380930253.360138
2025-10-22 14:30:00,260.0,261.1300048828125,257.6401062011719,258.4299011230469,5930214.0,1532544617.6585083
2025-10-22 15:30:00,258.45001220703125,259.489990234375,258.04998779296875,258.54998779296875,3763921.0,973161728.6036987
2025-10-22 16:30:00,258.54998779296875,258.7699890136719,256.29998779296875,256.69140625,4679141.0,1201095283.3320312
2025-10-22 17:30:00,256.6700134277344,257.0798034667969,255.42999267578125,256.5509948730469,4221043.0,1082912781.0519104
2025-10-22 18:30:00,256.54998779296875,257.67999267578125,256.1400146484375,257.510009765625,3195141.0,822780790.1125488
2025-10-22 19:30:00,257.5199890136719,258.80999755859375,257.42999267578125,258.42999267578125,4263522.0,1101821959.2330322
2025-10-23 13:30:00,259.8900146484375,260.1799011230469,258.0101013183594,259.4798889160156,6251007.0,1622010601.973236
2025-10-23 14:30:00,259.4200134277344,259.67999267578125,258.7300109863281,259.3999938964844,2852790.0,740013708.5879517
2025-10-23 15:30:00,259.3999938964844,260.6199035644531,259.0834045410156,260.0400085449219,3168121.0,823838211.9113464
2025-10-23 16:30:00,260.04998779296875,260.54998779296875,259.5199890136719,259.8599853515625,2574209.0,668933913.0318604
2025-10-23 17:30:00,259.8800048828125,260.42498779296875,259.8299865722656,259.9700012207031,3320192.0,863150318.2929688
2025-10-23 18:30:00,259.9700012207031,260.0199890136719,259.6199951171875,259.8999938964844,2237171.0,581440729.2453918
2025-10-23 19:30:00,259.9100036621094,260.04998779296875,259.0799865722656,259.5799865722656,3143856.0,816082098.2651367
2025-10-24 13:30:00,261.19000244140625,261.6199951171875,259.17999267578125,260.94140625,7287527.0,1901617543.4648438
2025-10-24 14:30:00,260.94000244140625,263.3599853515625,260.7900085449219,263.2799987792969,5490920.0,1445649410.8972168
2025-10-24 15:30:00,263.2900085449219,264.0299987792969,262.95001220703125,263.5799865722656,4458666.0,1175215124.4102173
2025-10-24 16:30:00,263.5899963378906,263.7099914550781,262.8500061035156,263.6099853515625,2930456.0,772497463.2333984
2025-10-24 17:30:00,263.6099853515625,264.1300048828125,263.4100036621094,264.0199890136719,2843868.0,750837998.116333
2025-10-24 18:30:00,264.0249938964844,264.1000061035156,263.1499938964844,263.5,3187549.0,839919161.5
2025-10-24 19:30:00,263.510009765625,263.6600036621094,262.1300048828125,262.739990234375,4742484.0,1246040199.8466797
2025-10-27 13:30:00,264.8800048828125,267.04998779296875,264.65008544921875,265.7300109863281,9319511.0,2476473760.417206
2025-10-27 14:30:00,265.739990234375,266.4200134277344,265.19500732421875,265.7099914550781,4050852.0,1076351850.3057861
2025-10-27 15:30:00,265.7099914550781,266.0899963378906,265.04998779296875,265.92999267578125,3517895.0,935513791.5841675
2025-10-27 16:30:00,265.94000244140625,266.125,265.510009765625,265.6199951171875,3331147.0,884819249.8746338
2025-10-27 17:30:00,265.6300048828125,266.0150146484375,265.510009765625,265.5950012207031,2171755.0,576807271.8760681
2025-10-27 18:30:00,265.5899963378906,267.3999938964844,265.4700012207031,267.2749938964844,4259189.0,1138374713.9789734
2025-10-27 19:30:00,267.2699890136719,269.0799865722656,267.2099914550781,268.739990234375,6996092.0,1880129695.758789
2025-10-28 13:30:00,269.135009765625,269.8699951171875,268.25,268.6499938964844,11832766.0,3178872513.678528
2025-10-28 14:30:00,268.6423034667969,269.1400146484375,268.1499938964844,268.69720458984375,3550384.0,953978256.0205078
2025-10-28 15:30:00,268.69500732421875,269.0758056640625,268.3500061035156,268.9949951171875,2758052.0,741902184.2729492
2025-10-28 16:30:00,268.9800109863281,269.8699951171875,268.82000732421875,269.4949951171875,3503864.0,944273811.5712891
2025-10-28 17:30:00,269.4949951171875,269.4949951171875,268.79998779296875,269.0902099609375,3181670.0,856156248.326416
2025-10-28 18:30:00,269.1050109863281,269.44000244140625,268.7799987792969,269.20001220703125,4120349.0,1109198001.097229
2025-10-28 19:30:00,269.20001220703125,269.3550109863281,268.6000061035156,269.0299987792969,5339653.0,1436526840.071869
2025-10-29 13:30:00,269.2749938964844,271.4100036621094,268.70001220703125,270.4200134277344,10209230.0,2760780113.6868286
2025-10-29 14:30:00,270.4100036621094,270.44500732421875,267.51220703125,267.6300048828125,6247839.0,1672109182.0770264
2025-10-29 15:30:00,267.6099853515625,268.8599853515625,267.1099853515625,268.6199951171875,4595121.0,1234341380.5828857
2025-10-29 16:30:00,268.6029968261719,269.93011474609375,268.4700927734375,269.93011474609375,3066081.0,827627596.1508179
2025-10-29 17:30:00,269.8900146484375,270.8500061035156,269.7900085449219,270.80999755859375,4963178.0,1344078222.0628662
2025-10-29 18:30:00,270.7850036621094,270.92999267578125,268.260009765625,268.30999755859375,5156103.0,1383433983.341858
2025-10-29 19:30:00,268.32000732421875,270.3800048828125,267.79998779296875,269.7300109863281,4325904.0,1166826133.4458008
2025-10-30 13:30:00,271.989990234375,274.1400146484375,268.989990234375,269.0899963378906,8387840.0,2257083834.8828125
2025-10-30 14:30:00,269.0899963378906,271.1700134277344,268.4800109863281,270.7900085449219,3886744.0,1052491440.9719238
2025-10-30 15:30:00,270.7799987792969,272.3900146484375,270.2630920410156,272.010009765625,3869786.0,1052620527.6508789
2025-10-30 16:30:00,272.0,272.06781005859375,271.0400085449219,271.95001220703125,2409548.0,655276608.0134277
2025-10-30 17:30:00,271.95001220703125,272.29998779296875,271.2799987792969,271.75,3435055.0,933476196.25
2025-10-30 18:30:00,271.760009765625,272.00799560546875,270.9949951171875,271.3399963378906,3831349.0,1039598223.6291809
2025-10-30 19:30:00,271.3399963378906,271.6700134277344,271.04998779296875,271.2900085449219,5177440.0,1404587741.8408203
2025-10-31 13:30:00,276.989990234375,277.32000732421875,269.1600036621094,270.3800048828125,17228178.0,4658154851.761963
2025-10-31 14:30:00,270.42999267578125,271.5599060058594,270.10009765625,271.29998779296875,4595066.0,1246641349.7078857
2025-10-31 15:30:00,271.2998962402344,272.8584899902344,270.2200012207031,272.43499755859375,4301242.0,1171808853.768921
2025-10-31 16:30:00,272.42999267578125,273.1700134277344,270.1499938964844,270.3487854003906,4005527.0,1082889359.3384705
2025-10-31 17:30:00,270.3299865722656,272.0599060058594,270.1099853515625,271.80999755859375,2396660.0,651436148.7487793
2025-10-31 18:30:00,271.7900085449219,272.17498779296875,271.2699890136719,272.1050109863281,2901733.0,789576089.8443909
2025-10-31 19:30:00,272.1300048828125,272.6499938964844,269.9599914550781,270.25,6601078.0,1783941329.5
2025-11-03 14:30:00,270.4200134277344,270.7799987792969,266.25,267.6300048828125,10223517.0,2736119904.6295166
2025-11-03 15:30:00,267.6400146484375,268.2799987792969,266.5,266.6400146484375,3102546.0,827262910.8874512
2025-11-03 16:30:00,266.659912109375,268.1499938964844,266.5223083496094,267.5350036621094,2821699.0,754903252.2983704
2025-11-03 17:30:00,267.5199890136719,268.0,267.25,267.6780090332031,2034109.0,544486247.2765198
2025-11-03 18:30:00,267.70989990234375,268.6199951171875,267.30999755859375,267.30999755859375,2075268.0,554739884.0134277
2025-11-03 19:30:00,267.32000732421875,267.7900085449219,266.9100036621094,267.6199951171875,2243434.0,600387796.1257324
2025-11-03 20:30:00,267.6300048828125,269.1099853515625,267.4599914550781,269.05999755859375,3383138.0,910267102.0203857
2025-11-04 14:30:00,268.24249267578125,269.5899963378906,267.614990234375,268.42999267578125,9645778.0,2589216117.892212
2025-11-04 15:30:00,268.42999267578125,271.0,267.7099914550781,270.6099853515625,3278354.0,887155327.9172363
2025-11-04 16:30:00,270.6400146484375,271.4859924316406,268.9800109863281,270.010009765625,3846826.0,1038681525.8266602
2025-11-04 17:30:00,270.0050048828125,270.92999267578125,269.8900146484375,270.6383972167969,2072453.0,560885358.2271423
2025-11-04 18:30:00,270.6099853515625,270.82000732421875,269.8699951171875,270.5104064941406,2562532.0,693191572.9742432
2025-11-04 19:30:00,270.5299987792969,270.6099853515625,269.28271484375,270.09051513671875,2594188.0,700665573.2814941
2025-11-04 20:30:00,270.1000061035156,270.4049987792969,269.5,270.2099914550781,3522361.0,951777135.7117004
2025-11-05 14:30:00,268.5899963378906,269.58990478515625,266.92999267578125,269.0101013183594,7995553.0,2150884522.6263123
2025-11-05 15:30:00,268.989990234375,270.3800048828125,268.760009765625,270.2900085449219,2169435.0,586376604.6876526
2025-11-05 16:30:00,270.2799987792969,270.4700012207031,269.5,269.9700012207031,1631841.0,440548116.7619934
2025-11-05 17:30:00,269.9700012207031,270.7900085449219,269.92999267578125,270.1199951171875,1426592.0,385351024.07421875
2025-11-05 18:30:00,270.1099853515625,271.70001220703125,269.7699890136719,270.42999267578125,2651761.0,717115707.8079224
2025-11-05 19:30:00,270.4100036621094,271.5,269.5299987792969,269.6000061035156,2282746.0,615428335.5327759
2025-11-05 20:30:00,269.6099853515625,270.3999938964844,268.9949951171875,270.1099853515625,3567904.0,963726497.1757812
2025-11-06 14:30:00,267.8900146484375,272.82000732421875,267.8900146484375,272.82000732421875,6762187.0,1844859906.8677368
2025-11-06 15:30:00,272.8280029296875,273.3999938964844,271.55010986328125,272.1814880371094,5580072.0,1518792300.314209
2025-11-06 16:30:00,272.17999267578125,272.2200012207031,270.3900146484375,271.42498779296875,3198033.0,868026067.9865112
2025-11-06 17:30:00,271.4200134277344,272.56500244140625,270.9200134277344,271.3500061035156,2621839.0,711436028.6524353
2025-11-06 18:30:00,271.3699951171875,272.1600036621094,271.0203857421875,271.9901123046875,1783486.0,485090557.4338379
2025-11-06 19:30:00,272.0050048828125,272.20001220703125,270.7349853515625,271.2099914550781,2198935.0,596373142.5602722
2025-11-06 20:30:00,271.20001220703125,271.52020263671875,269.5950012207031,269.6600036621094,14262779.0,3846101037.3718567
2025-11-07 14:30:00,269.7950134277344,272.2900085449219,267.2699890136719,271.5799865722656,7855390.0,2133366710.7199097
2025-11-07 15:30:00,271.55999755859375,271.9700012207031,269.4800109863281,269.5299987792969,3991205.0,1075749478.7779236
2025-11-07 16:30:00,269.5199890136719,269.8900146484375,268.32000732421875,269.1099853515625,3276263.0,881675087.9378662
2025-11-07 17:30:00,269.114990234375,269.1400146484375,268.0588073730469,268.45001220703125,2041690.0,548091705.4229736
2025-11-07 18:30:00,268.45001220703125,268.6600036621094,267.0950012207031,267.25,2217548.0,592639703.0
2025-11-07 19:30:00,267.260009765625,268.5,266.7799987792969,267.7598876953125,3921327.0,1049974077.1365967
2025-11-07 20:30:00,267.760009765625,268.5799865722656,267.69000244140625,268.4200134277344,3276821.0,879564336.820282
2025-11-10 14:30:00,268.95001220703125,273.7300109863281,268.95001220703125,271.85699462890625,7030981.0,1911421363.952942
2025-11-10 15:30:00,271.8299865722656,271.989990234375,269.04998779296875,269.06640625,3083676.0,829713619.359375
2025-11-10 16:30:00,269.0400085449219,269.7587890625,268.489990234375,269.0799865722656,2346213.0,631318962.535675
2025-11-10 17:30:00,269.07000732421875,270.2300109863281,269.010009765625,269.7300109863281,1807442.0,487521350.5171509
2025-11-10 18:30:00,269.7099914550781,270.3077087402344,267.4549865722656,269.6600036621094,3188667.0,859855954.8972473
2025-11-10 19:30:00,269.6300048828125,269.80999755859375,269.04998779296875,269.11859130859375,2248210.0,605035108.1658936
2025-11-10 20:30:00,269.1000061035156,269.6000061035156,268.760009765625,269.3599853515625,2892894.0,779229885.463623
2025-11-11 14:30:00,269.80999755859375,274.739990234375,269.79998779296875,274.1000061035156,9244708.0,2533974519.2252197
2025-11-11 15:30:00,274.1000061035156,274.3460998535156,272.42999267578125,272.5,3452496.0,940805160.0
2025-11-11 16:30:00,272.510009765625,273.614990234375,271.7799987792969,273.31500244140625,2525614.0,690288196.5760498
2025-11-11 17:30:00,273.3299865722656,274.70001220703125,273.0299987792969,274.4800109863281,2634766.0,723190600.6264038
2025-11-11 18:30:00,274.489990234375,275.6600036621094,274.1600036621094,275.32000732421875,3455305.0,951314597.9074097
2025-11-11 19:30:00,275.3299865722656,275.760009765625,275.04998779296875,275.25,2653431.0,730356882.75
2025-11-11 20:30:00,275.239990234375,275.8450012207031,274.79998779296875,275.29998779296875,4039713.0,1112132939.5870972
2025-11-12 14:30:00,275.07501220703125,275.239990234375,271.8699951171875,272.94000244140625,10718425.0,2925486945.66803
2025-11-12 15:30:00,272.9100036621094,274.6099853515625,272.54998779296875,274.6000061035156,3328165.0,913914129.3135071
2025-11-12 16:30:00,274.5899963378906,274.8500061035156,273.7250061035156,274.3900146484375,2104341.0,577410157.8153076
2025-11-12 17:30:00,274.3800048828125,275.1400146484375,274.1199951171875,274.9800109863281,1642127.0,451552100.50094604
2025-11-12 18:30:00,274.989990234375,275.7300109863281,274.42999267578125,274.45001220703125,2013567.0,552623487.7296753
2025-11-12 19:30:00,274.45001220703125,274.69000244140625,273.5,274.04998779296875,2059500.0,564405949.8596191
2025-11-12 20:30:00,274.04998779296875,274.3999938964844,272.9700012207031,273.4700012207031,3569857.0,976248798.1477356
2025-11-13 14:30:00,274.2699890136719,276.6990051269531,273.2900085449219,273.7099914550781,10014720.0,2741128925.625
2025-11-13 15:30:00,273.7001037597656,274.19000244140625,272.17999267578125,274.037109375,3931506.0,1077378539.7304688
2025-11-13 16:30:00,274.0299987792969,274.4898986816406,272.4599914550781,272.8599853515625,2339844.0,638449799.5649414
2025-11-13 17:30:00,272.8399963378906,273.32000732421875,272.5,272.5700988769531,1922883.0,524120409.43881226
2025-11-13 18:30:00,272.55999755859375,273.8500061035156,272.1000061035156,273.5299987792969,3060900.0,837247973.2635498
2025-11-13 19:30:00,273.5350036621094,273.69000244140625,272.5450134277344,273.03961181640625,2603044.0,710734123.3010254
2025-11-13 20:30:00,273.0299987792969,273.6000061035156,272.5,273.0400085449219,3833536.0,1046708702.1972656
2025-11-14 14:30:00,271.04998779296875,273.8900146484375,269.6000061035156,273.7591857910156,10617822.0,2906726305.593933
2025-11-14 15:30:00,273.7699890136719,274.6499938964844,273.20001220703125,274.6499938964844,3569903.0,980473837.1610413
2025-11-14 16:30:00,274.6449890136719,275.9200134277344,273.54998779296875,275.7049865722656,4251993.0,1172295672.9703674
2025-11-14 17:30:00,275.7099914550781,275.95831298828125,274.2300109863281,274.5849914550781,1963757.0,539218199.0648499
2025-11-14 18:30:00,274.57000732421875,274.760009765625,273.8399963378906,273.9599914550781,1593851.0,436651406.3406677
2025-11-14 19:30:00,273.9700012207031,274.25,272.8900146484375,272.989990234375,2106336.0,575008644.0703125
2025-11-14 20:30:00,272.9700012207031,273.260009765625,272.1700134277344,272.4100036621094,3221940.0,877688687.1990967
2025-11-17 14:30:00,268.7200012207031,270.489990234375,267.0,269.2799987792969,8509806.0,2291520549.292053
2025-11-17 15:30:00,269.2300109863281,269.3900146484375,266.6499938964844,267.8799133300781,3379761.0,905370083.7563782
2025-11-17 16:30:00,267.8500061035156,269.54998779296875,267.82000732421875,268.9200134277344,2089997.0,562042021.3039246
2025-11-17 17:30:00,268.94000244140625,269.3500061035156,267.44000244140625,267.7799987792969,1923442.0,515059296.41204834
2025-11-17 18:30:00,267.7699890136719,268.3399963378906,266.8599853515625,267.2900085449219,2030991.0,542863601.7446594
2025-11-17 19:30:00,267.2950134277344,267.3800048828125,265.7300109863281,266.44000244140625,2737988.0,729509529.404541
2025-11-17 20:30:00,266.44000244140625,267.5799865722656,266.19000244140625,267.4599914550781,3487816.0,932851237.5568848
2025-11-18 14:30:00,269.9150085449219,270.7049865722656,265.32000732421875,267.6499938964844,8219985.0,2200078935.079193
2025-11-18 15:30:00,267.6650085449219,268.1199951171875,266.02801513671875,267.8399963378906,3521812.0,943282113.1827393
2025-11-18 16:30:00,267.8399963378906,268.3380126953125,267.1400146484375,267.1650085449219,2742457.0,732688547.8390808
2025-11-18 17:30:00,267.1600036621094,268.92999267578125,266.42999267578125,268.45001220703125,2282519.0,612742253.4127808
2025-11-18 18:30:00,268.45001220703125,269.2200012207031,267.9599914550781,268.03448486328125,2176560.0,583393138.3740234
2025-11-18 19:30:00,268.04998779296875,268.92498779296875,267.67999267578125,268.28021240234375,2115137.0,567449403.6200562
2025-11-18 20:30:00,268.29998779296875,268.42999267578125,267.3299865722656,267.510009765625,3127789.0,836714865.9348145
2025-11-19 14:30:00,265.5249938964844,272.2099914550781,265.5,271.8500061035156,6778562.0,1842752121.073059
2025-11-19 15:30:00,271.85009765625,272.010009765625,269.3200988769531,269.7300109863281,2792346.0,753179517.2576294
2025-11-19 16:30:00,269.75,270.6549987792969,269.5299987792969,270.3999938964844,2001030.0,541078499.7866821
2025-11-19 17:30:00,270.4599914550781,271.30999755859375,269.6199951171875,270.0299987792969,2049762.0,553497230.3578491
2025-11-19 18:30:00,270.010009765625,271.010009765625,269.6300048828125,269.6700134277344,1644126.0,443371480.4968872
2025-11-19 19:30:00,269.6700134277344,270.7349853515625,269.1700134277344,270.0350036621094,2137859.0,577296762.8940735
2025-11-19 20:30:00,270.0,270.3299865722656,268.1400146484375,268.57000732421875,3516625.0,944460002.0065308
2025-11-20 14:30:00,270.80999755859375,275.42999267578125,270.80999755859375,273.9049987792969,7869887.0,2155601389.1282043
2025-11-20 15:30:00,273.9100036621094,274.7300109863281,271.6199951171875,271.7799987792969,2856925.0,776455073.0125427
2025-11-20 16:30:00,271.7799987792969,271.7799987792969,268.04998779296875,268.94000244140625,4056106.0,1090849157.5426025
2025-11-20 17:30:00,268.8699951171875,269.25,267.0201110839844,268.80999755859375,2981937.0,801574477.6898804
2025-11-20 18:30:00,268.7900085449219,268.92999267578125,266.3599853515625,267.7950134277344,2392389.0,640669844.379364
2025-11-20 19:30:00,267.7799987792969,267.9100036621094,267.0,267.32000732421875,2094448.0,559887854.7001953
2025-11-20 20:30:00,267.32000732421875,267.5799865722656,265.9200134277344,266.3800048828125,3489586.0,929555935.7189941
2025-11-21 14:30:00,265.8800048828125,270.45001220703125,265.82000732421875,269.8500061035156,10658658.0,2876238926.3552856
2025-11-21 15:30:00,269.7900085449219,271.4700012207031,269.2200012207031,270.8999938964844,4761138.0,1289792255.1403198
2025-11-21 16:30:00,270.8900146484375,271.1199951171875,269.80999755859375,270.54998779296875,2949033.0,797860842.151062
2025-11-21 17:30:00,270.6300048828125,271.6000061035156,270.20001220703125,270.9800109863281,2023820.0,548414765.8343506
2025-11-21 18:30:00,270.9800109863281,273.31500244140625,270.864990234375,272.6099853515625,3562846.0,971267395.869873
2025-11-21 19:30:00,272.57501220703125,273.2799987792969,271.3500061035156,271.3699951171875,3135966.0,851007078.107666
2025-11-21 20:30:00,271.3500061035156,272.1300048828125,270.5899963378906,271.489990234375,18794685.0,5102568847.108154
2025-11-24 14:30:00,270.8999938964844,275.9200134277344,270.8999938964844,273.0950012207031,7995693.0,2183583789.5953674
2025-11-24 15:30:00,273.0799865722656,275.38958740234375,272.6499938964844,275.0,3612728.0,993500200.0
2025-11-24 16:30:00,274.9700012207031,275.2699890136719,274.44000244140625,274.8500061035156,2583089.0,709962027.4159241
2025-11-24 17:30:00,274.8500061035156,276.510009765625,274.75,276.1199951171875,3404232.0,939976523.2177734
2025-11-24 18:30:00,276.1199951171875,276.45001220703125,275.8500061035156,276.2195129394531,2440121.0,674009034.1333313
2025-11-24 19:30:00,276.2300109863281,276.6549987792969,275.3550109863281,276.4750061035156,2989562.0,826539172.1968384
2025-11-24 20:30:00,276.4700012207031,276.9800109863281,275.1099853515625,275.9800109863281,4904039.0,1353416737.0973816
2025-11-25 14:30:00,275.29998779296875,280.3800048828125,275.2699890136719,278.9049987792969,9723608.0,2711962877.3703613
2025-11-25 15:30:00,278.8900146484375,279.6300048828125,277.7799987792969,277.8299865722656,2840433.0,789157462.2494202
2025-11-25 16:30:00,277.82000732421875,279.30999755859375,277.5,279.0700988769531,2504679.0,698981016.1850281
2025-11-25 17:30:00,279.0899963378906,279.3699951171875,278.2300109863281,278.760009765625,1925113.0,536644518.67993164
2025-11-25 18:30:00,278.7650146484375,278.7799987792969,277.7900085449219,278.0350036621094,1727727.0,480368582.77212524
2025-11-25 19:30:00,278.0400085449219,278.1449890136719,277.49749755859375,277.56500244140625,1909795.0,530092253.83758545
2025-11-25 20:30:00,277.55999755859375,278.0,276.8599853515625,276.95001220703125,2448205.0,678030404.635315
2025-11-26 14:30:00,276.9599914550781,279.0474853515625,276.6300048828125,277.80999755859375,5086107.0,1412971373.2527466
2025-11-26 15:30:00,277.7900085449219,279.1400146484375,276.80999755859375,279.0101013183594,2510611.0,700485829.4809875
2025-11-26 16:30:00,279.0299987792969,279.5299987792969,278.8699951171875,279.0790100097656,2586354.0,721797113.8547974
2025-11-26 17:30:00,279.07000732421875,279.2900085449219,278.0950012207031,278.54998779296875,1871279.0,521244742.60723877
2025-11-26 18:30:00,278.55999755859375,278.581787109375,277.92498779296875,278.260009765625,1426945.0,397061729.63500977
2025-11-26 19:30:00,278.2601013183594,278.94000244140625,278.010009765625,278.0799865722656,1953254.0,543160846.0922241
2025-11-26 20:30:00,278.07000732421875,278.29998779296875,277.1499938964844,277.4700012207031,9116002.0,2529417086.067932
2025-11-28 14:30:00,277.260009765625,278.23919677734375,276.0199890136719,276.260009765625,4040463.0,1116218347.8376465
2025-11-28 15:30:00,276.2900085449219,276.9198913574219,275.989990234375,276.25,1743837.0,481734971.25
2025-11-28 16:30:00,276.2449951171875,277.16009521484375,275.98651123046875,277.04998779296875,1791406.0,496309010.432251
2025-11-28 18:00:00,277.05999755859375,279.0,276.9007873535156,278.6099853515625,0.0,0.0
2025-12-01 14:30:00,278.1499938964844,278.7699890136719,276.1400146484375,278.14208984375,5114373.0,1422522394.4604492
2025-12-01 15:30:00,278.1000061035156,278.4801025390625,277.30499267578125,277.9200134277344,1731132.0,481116228.68518066
2025-12-01 16:30:00,277.8999938964844,279.8900146484375,277.8900146484375,279.7705078125,2091919.0,585257240.9326172
2025-12-01 17:30:00,279.7749938964844,280.6400146484375,279.4599914550781,280.58819580078125,2222347.0,623564335.1732788
2025-12-01 18:30:00,280.590087890625,281.2200012207031,280.45001220703125,280.8900146484375,2919865.0,820160922.62146
2025-12-01 19:30:00,280.8800048828125,281.94000244140625,280.7099914550781,281.9100036621094,2916696.0,822245780.0412598
2025-12-01 20:30:00,281.9200134277344,283.4100036621094,281.7300109863281,283.32000732421875,5357873.0,1517992617.602234
2025-12-02 14:30:00,283.0,285.3089904785156,282.7300109863281,284.57000732421875,7878173.0,2241891748.3114624
2025-12-02 15:30:00,284.5400085449219,287.3999938964844,284.1499938964844,285.5400085449219,6214915.0,1774606882.2059631
2025-12-02 16:30:00,285.5400085449219,285.9999084472656,284.8299865722656,285.8699951171875,2847056.0,813887884.8183594
2025-12-02 17:30:00,285.8800048828125,286.3399963378906,284.94000244140625,285.2149963378906,2725658.0,777398536.4883423
2025-12-02 18:30:00,285.20001220703125,286.1300048828125,285.0150146484375,285.625,2146948.0,613222022.5
2025-12-02 19:30:00,285.6000061035156,286.82000732421875,285.5801086425781,286.239990234375,2898388.0,829634552.8154297
2025-12-02 20:30:00,286.239990234375,286.6099853515625,285.7099914550781,286.2300109863281,3132652.0,896659016.3763428
2025-12-03 14:30:00,286.20001220703125,288.6099853515625,285.8999938964844,287.34051513671875,6627228.0,1904271107.4484863
2025-12-03 15:30:00,287.32000732421875,287.5899963378906,285.75,286.4100036621094,3581593.0,1025804064.2461853
2025-12-03 16:30:00,286.4200134277344,286.82000732421875,285.5,286.385009765625,2126959.0,609129173.986084
2025-12-03 17:30:00,286.3500061035156,286.44000244140625,285.3399963378906,285.6792907714844,2127386.0,607750123.677185
2025-12-03 18:30:00,285.67999267578125,285.94000244140625,284.8843078613281,285.2099914550781,1618603.0,461641747.7991638
2025-12-03 19:30:00,285.2300109863281,285.2499084472656,284.2749938964844,284.55499267578125,11158331.0,3175158795.978943
2025-12-03 20:30:00,284.54998779296875,284.70001220703125,283.5400085449219,284.1499938964844,0.0,0.0
2025-12-04 14:30:00,284.1099853515625,284.7300109863281,280.2699890136719,281.2250061035156,6410843.0,1802889361.8036804
2025-12-04 15:30:00,281.2099914550781,281.6000061035156,279.80999755859375,280.2799987792969,2986361.0,837017257.4345398
2025-12-04 16:30:00,280.2850036621094,280.9335021972656,279.93780517578125,280.114990234375,2285394.0,640173117.9916992
2025-12-04 17:30:00,280.1300048828125,280.4866943359375,279.6400146484375,280.0050048828125,1806229.0,505753159.96447754
2025-12-04 18:30:00,279.989990234375,280.1000061035156,278.5899963378906,278.8599853515625,2574486.0,717921128.2478027
2025-12-04 19:30:00,278.8599853515625,280.7300109863281,278.82000732421875,280.125,2807996.0,786589879.5
2025-12-04 20:30:00,280.1199951171875,280.69000244140625,279.5799865722656,280.6499938964844,3165508.0,888399800.8792725
2025-12-05 14:30:00,280.5400085449219,281.1400146484375,279.2699890136719,280.4551086425781,4393145.0,1232079958.2575989
2025-12-05 15:30:00,280.4599914550781,280.9800109863281,279.2900085449219,279.2950134277344,3579247.0,999665838.926178
2025-12-05 16:30:00,279.29998779296875,279.3299865722656,278.114990234375,278.31500244140625,2319755.0,645622618.4884644
2025-12-05 17:30:00,278.31500244140625,279.4801025390625,278.04998779296875,279.44000244140625,1693305.0,473177153.3340454
2025-12-05 18:30:00,279.4800109863281,279.57000732421875,278.5849914550781,279.2337951660156,1553832.0,433882406.4104004
2025-12-05 19:30:00,279.2300109863281,279.29998779296875,278.5400085449219,278.8013916015625,1937238.0,540104650.2634277
2025-12-05 20:30:00,278.79998779296875,279.0249938964844,278.19000244140625,278.7900085449219,2719470.0,758161064.5376587
2025-12-08 14:30:00,278.1684875488281,279.6693115234375,277.45001220703125,277.55999755859375,6285926.0,1744721605.213501
2025-12-08 15:30:00,277.54998779296875,277.8800048828125,276.7049865722656,277.4599914550781,3326326.0,922922383.5368042
2025-12-08 16:30:00,277.4700012207031,277.8190002441406,277.0000915527344,277.2300109863281,1896481.0,525761448.46536255
2025-12-08 17:30:00,277.2099914550781,277.84991455078125,276.8699951171875,276.9700012207031,1999024.0,553669679.7202148
2025-12-08 18:30:00,276.9494934082031,276.9494934082031,276.20001220703125,276.3599853515625,1825108.0,504386820.14501953
2025-12-08 19:30:00,276.3699951171875,276.9700012207031,276.1499938964844,276.92498779296875,2861661.0,792465437.4926147
2025-12-08 20:30:00,276.92999267578125,277.9849853515625,276.6600036621094,277.9599914550781,2613900.0,726559621.6644287
2025-12-09 14:30:00,277.8900146484375,280.0299987792969,277.3500061035156,277.70001220703125,5341504.0,1483335726.0039062
2025-12-09 15:30:00,277.70001220703125,278.0,277.0299987792969,277.4100036621094,2290151.0,635310797.2967834
2025-12-09 16:30:00,277.4100036621094,278.1199951171875,277.20001220703125,277.875,1696929.0,471534145.875
2025-12-09 17:30:00,277.875,278.739990234375,277.79998779296875,278.385009765625,1988455.0,553556064.5935059
2025-12-09 18:30:00,278.385009765625,278.8900146484375,278.1199951171875,278.69000244140625,1262893.0,351955653.25323486
2025-12-09 19:30:00,278.69000244140625,278.75,277.6499938964844,277.864990234375,1906538.0,529760162.75146484
2025-12-09 20:30:00,277.864990234375,278.25,276.9200134277344,277.2300109863281,2737573.0,758937392.8658752
2025-12-10 14:30:00,277.8699951171875,278.7929992675781,276.5849914550781,277.45001220703125,3868165.0,1073222426.468811
2025-12-10 15:30:00,277.4549865722656,278.2799987792969,276.44000244140625,278.2576904296875,1880040.0,523135588.3154297
2025-12-10 16:30:00,278.2300109863281,278.8900146484375,277.9750061035156,278.5264892578125,1611918.0,448961861.5114746
2025-12-10 17:30:00,278.5199890136719,279.2799987792969,278.0849914550781,278.1199951171875,1374275.0,382213356.28967285
2025-12-10 18:30:00,278.1199951171875,279.2200012207031,277.9100036621094,278.2200012207031,1631790.0,453996615.79193115
2025-12-10 19:30:00,278.2200012207031,279.75,277.70001220703125,278.9800109863281,2578278.0,719288024.7658081
2025-12-10 20:30:00,278.989990234375,279.3699951171875,278.5899963378906,278.7200012207031,2242651.0,625071689.4576111
2025-12-11 14:30:00,279.0950012207031,279.5799865722656,273.80999755859375,276.1199951171875,6887208.0,1901695839.3310547
2025-12-11 15:30:00,276.114990234375,276.5899963378906,275.20001220703125,275.82501220703125,2343607.0,646425429.3834839
2025-12-11 16:30:00,275.82000732421875,278.17999267578125,275.80999755859375,277.9049987792969,2412367.0,670408848.1902161
2025-12-11 17:30:00,277.9200134277344,278.3500061035156,277.3800048828125,277.5226135253906,1473658.0,408973419.6026001
2025-12-11 18:30:00,277.5249938964844,278.2099914550781,277.510009765625,277.760009765625,1432317.0,397840383.9074707
2025-12-11 19:30:00,277.760009765625,278.2149963378906,277.59130859375,278.0950012207031,1817634.0,505474929.4487915
2025-12-11 20:30:00,278.0899963378906,278.2099914550781,277.4700012207031,278.05999755859375,1985352.0,552046972.2729492
2025-12-12 14:30:00,277.7950134277344,279.2200012207031,276.82000732421875,277.8699951171875,3907328.0,1085729212.28125
2025-12-12 15:30:00,277.8800048828125,278.8599853515625,277.44000244140625,277.739990234375,3485545.0,968075234.2614746
2025-12-12 16:30:00,277.7699890136719,278.44000244140625,277.2807922363281,277.8550109863281,2096132.0,582420779.888794
2025-12-12 17:30:00,277.8349914550781,279.19000244140625,277.8349914550781,279.04998779296875,2564725.0,715686479.9423218
2025-12-12 18:30:00,279.0400085449219,279.04998779296875,277.7300109863281,277.95001220703125,2354465.0,654423575.4910278
2025-12-12 19:30:00,277.95001220703125,278.70001220703125,277.80999755859375,278.05499267578125,2391168.0,664876200.7265625
2025-12-12 20:30:00,278.04998779296875,278.5,276.94500732421875,278.3699951171875,2787871.0,776059636.6573486
2025-12-15 14:30:00,280.0,280.04998779296875,273.6199951171875,274.1449890136719,8113962.0,2224402023.347351
2025-12-15 15:30:00,274.1700134277344,275.6404113769531,273.7200012207031,275.510009765625,3495538.0,963055708.5161133
2025-12-15 16:30:00,275.5400085449219,275.69500732421875,274.1499938964844,274.9200134277344,2136284.0,587307225.9654541
2025-12-15 17:30:00,274.92498779296875,275.1000061035156,273.7300109863281,274.0400085449219,1992688.0,546076236.5473633
2025-12-15 18:30:00,274.0199890136719,274.25,273.0799865722656,273.3699951171875,2430153.0,664330913.7440186
2025-12-15 19:30:00,273.3800048828125,273.8424987792969,272.8399963378906,273.80499267578125,2804616.0,767917863.3383789
2025-12-15 20:30:00,273.80999755859375,274.7200012207031,273.5199890136719,274.114990234375,4104430.0,1125085789.3676758
2025-12-16 14:30:00,272.82000732421875,274.0299987792969,271.7900085449219,273.1700134277344,4976091.0,1359318845.2876282
2025-12-16 15:30:00,273.1700134277344,273.82000732421875,272.5,272.80999755859375,2282059.0,622568510.2185669
2025-12-16 16:30:00,272.79998779296875,274.2799987792969,272.69000244140625,273.20001220703125,1929804.0,527222476.35717773
2025-12-16 17:30:00,273.19989013671875,273.489990234375,271.79998779296875,272.1300048828125,2118531.0,576515851.3743896
2025-12-16 18:30:00,272.135009765625,273.9100036621094,272.135009765625,273.56500244140625,2008038.0,549328920.3724365
2025-12-16 19:30:00,273.56500244140625,274.79998779296875,273.5400085449219,274.55999755859375,1912589.0,525120431.17059326
2025-12-16 20:30:00,274.54998779296875,275.5,274.45001220703125,274.4700012207031,2361847.0,648256148.973114
2025-12-17 14:30:00,275.010009765625,276.1600036621094,274.8299865722656,275.4949951171875,4574850.0,1260348278.4118652
2025-12-17 15:30:00,275.4700012207031,275.7300109863281,273.0450134277344,273.489990234375,3354929.0,917539499.4470215
2025-12-17 16:30:00,273.489990234375,273.489990234375,272.2799987792969,272.8699951171875,2372809.0,647468380.2440186
2025-12-17 17:30:00,272.8800048828125,273.69000244140625,272.6499938964844,273.0199890136719,1699122.0,463894269.7728882
2025-12-17 18:30:00,272.9901123046875,273.9700012207031,272.44000244140625,273.7850036621094,2046363.0,560263501.4490051
2025-12-17 19:30:00,273.7699890136719,274.1099853515625,273.57000732421875,273.65008544921875,2167480.0,593131087.2094727
2025-12-17 20:30:00,273.6700134277344,273.8699951171875,271.69000244140625,271.8599853515625,5130736.0,1394841813.8027344
2025-12-18 14:30:00,273.6050109863281,273.6199951171875,266.9599914550781,270.8999938964844,10127086.0,2743427535.5891724
2025-12-18 15:30:00,270.86199951171875,272.7200012207031,270.80999755859375,272.29998779296875,3659235.0,996409645.831604
2025-12-18 16:30:00,272.2900085449219,273.16400146484375,269.94000244140625,270.25,3692916.0,998010549.0
2025-12-18 17:30:00,270.20001220703125,272.75,270.1199951171875,272.6499938964844,1920512.0,523627585.078125
2025-12-18 18:30:00,272.6700134277344,272.9599914550781,271.0899963378906,271.3699951171875,2108845.0,572277257.3529053
2025-12-18 19:30:00,271.3699951171875,271.96990966796875,270.5,271.8399963378906,2747038.0,746754799.8600464
2025-12-18 20:30:00,271.8500061035156,273.20001220703125,271.7850036621094,272.1600036621094,2956766.0,804713445.3880005
2025-12-19 14:30:00,272.1449890136719,272.9200134277344,270.95001220703125,271.7349853515625,18574766.0,5047413766.918701
2025-12-19 15:30:00,271.7200927734375,272.82000732421875,270.9949951171875,271.26080322265625,2919546.0,791958393.0054932
2025-12-19 16:30:00,271.2622985839844,271.4599914550781,270.2699890136719,270.6549987792969,2629565.0,711704911.8650818
2025-12-19 17:30:00,270.6600036621094,271.80950927734375,270.3399963378906,270.75,3085614.0,835429990.5
2025-12-19 18:30:00,270.760009765625,271.5098876953125,270.3999938964844,271.3699951171875,2544938.0,690619812.6335449
2025-12-19 19:30:00,271.3800048828125,271.739990234375,270.17498779296875,270.79998779296875,3108119.0,841678587.2590942
2025-12-19 20:30:00,270.80999755859375,274.5762939453125,269.8999938964844,273.6700134277344,8193309.0,2242262984.047577
2025-12-22 14:30:00,272.8599853515625,273.8800048828125,271.57000732421875,272.0150146484375,6084655.0,1655117518.9556885
2025-12-22 15:30:00,272.0299987792969,272.79998779296875,271.510009765625,272.44000244140625,2467910.0,672357406.4251709
2025-12-22 16:30:00,272.4200134277344,272.510009765625,271.5199890136719,271.94000244140625,2114933.0,575134885.1834106
2025-12-22 17:30:00,271.9200134277344,272.1400146484375,270.739990234375,270.9399108886719,2226647.0,603287539.7605286
2025-12-22 18:30:00,270.93499755859375,271.1400146484375,270.510009765625,270.864990234375,1960079.0,530916779.1936035
2025-12-22 19:30:00,270.8699951171875,271.1099853515625,270.7149963378906,270.7200012207031,1999793.0,541383963.4011536
2025-12-22 20:30:00,270.7149963378906,271.19989013671875,270.5050048828125,270.82000732421875,2599971.0,704124165.2627563
2025-12-23 14:30:00,270.3599853515625,271.92999267578125,269.55999755859375,270.8399963378906,5104762.0,1382573721.3858032
2025-12-23 15:30:00,270.8399963378906,271.95001220703125,270.70001220703125,271.7814025878906,2241209.0,609118925.5126038
2025-12-23 16:30:00,271.81500244140625,272.3111877441406,271.4729919433594,271.5299987792969,2086319.0,566498195.5232239
2025-12-23 17:30:00,271.5400085449219,271.80999755859375,271.1099853515625,271.70001220703125,1310733.0,356126172.1001587
2025-12-23 18:30:00,271.70001220703125,272.1199951171875,271.5,271.80999755859375,1442128.0,391984808.1591797
2025-12-23 19:30:00,271.80999755859375,272.44000244140625,271.760009765625,272.10699462890625,1857021.0,505308403.2727661
2025-12-23 20:30:00,272.1000061035156,272.45001220703125,271.8399963378906,272.239990234375,2287709.0,622805875.8190918
2025-12-24 14:30:00,273.25,274.739990234375,273.0899963378906,274.03509521484375,4589623.0,1257717775.8052368
2025-12-24 15:30:00,274.0400085449219,275.04998779296875,273.9100036621094,274.85101318359375,2096233.0,576151763.9188843
2025-12-24 16:30:00,274.8599853515625,275.42999267578125,274.8299865722656,275.3599853515625,2055154.0,565907175.3352051
2025-12-24 18:00:00,275.3550109863281,275.3900146484375,272.3599853515625,273.5303039550781,0.0,0.0
2025-12-26 14:30:00,274.25,275.3699951171875,274.05999755859375,274.8247985839844,2899986.0,796988068.3463745
2025-12-26 15:30:00,274.81500244140625,274.9800109863281,274.3699951171875,274.8800048828125,1434883.0,394420646.04626465
2025-12-26 16:30:00,274.8800048828125,274.93499755859375,274.4100036621094,274.6400146484375,1079100.0,296364039.8071289
2025-12-26 17:30:00,274.6300048828125,274.6499938964844,274.2250061035156,274.5199890136719,903247.0,247959356.51663208
2025-12-26 18:30:00,274.5249938964844,274.9849853515625,274.3800048828125,274.7601013183594,1447341.0,397671559.8022156
2025-12-26 19:30:00,274.7650146484375,274.8299865722656,273.8700866699219,273.9800109863281,1463547.0,400982623.13900757
2025-12-26 20:30:00,273.9800109863281,273.989990234375,272.8699951171875,273.25,2563251.0,700408335.75
2025-12-29 14:30:00,272.5,274.3599853515625,272.4049987792969,273.9543151855469,3705071.0,1015020188.5188293
2025-12-29 15:30:00,273.95001220703125,274.0299987792969,272.989990234375,273.2200012207031,1533379.0,418949812.25180054
2025-12-29 16:30:00,273.21881103515625,273.2900085449219,272.8299865722656,273.0400085449219,1203367.0,328567335.962677
2025-12-29 17:30:00,273.0400085449219,273.6700134277344,272.9502868652344,273.6400146484375,3234552.0,885102856.6611328
2025-12-29 18:30:00,273.6300048828125,274.0,273.44000244140625,273.67999267578125,0.0,0.0
2025-12-29 19:30:00,273.67999267578125,274.0,273.6700134277344,273.9028015136719,1410063.0,386220206.0107727
2025-12-29 20:30:00,273.9100036621094,273.94000244140625,273.4599914550781,273.79901123046875,1452813.0,397778762.902771
2025-12-30 14:30:00,274.0,274.07000732421875,272.3948059082031,272.5899963378906,3335833.0,909314705.2538147
2025-12-30 15:30:00,272.5799865722656,273.32000732421875,272.4200134277344,272.85980224609375,1711221.0,466923423.6593628
2025-12-30 16:30:00,272.8299865722656,272.9200134277344,272.2799987792969,272.5899963378906,1582688.0,431424916.12402344
2025-12-30 17:30:00,272.5899963378906,273.19000244140625,272.55999755859375,273.1000061035156,1137372.0,310616300.1419678
2025-12-30 18:30:00,273.1000061035156,273.52178955078125,273.0101013183594,273.3900146484375,1396303.0,381735297.6236572
2025-12-30 19:30:00,273.3800048828125,273.4744873046875,273.0899963378906,273.1650085449219,1396305.0,381421667.25631714
2025-12-30 20:30:00,273.1600036621094,273.2550048828125,272.739990234375,272.989990234375,2121973.0,579277388.5476074
2025-12-31 14:30:00,273.3599853515625,273.67999267578125,272.2318115234375,272.489990234375,2706559.0,737510235.4787598
2025-12-31 15:30:00,272.4949951171875,272.5849914550781,271.760009765625,272.489990234375,1886713.0,514110406.94506836
2025-12-31 16:30:00,272.489990234375,272.79998779296875,272.2699890136719,272.6700134277344,1322310.0,360554285.45562744
2025-12-31 17:30:00,272.6600036621094,273.1000061035156,272.54998779296875,272.625,1445671.0,394126056.375
2025-12-31 18:30:00,272.625,273.42999267578125,272.5799865722656,272.9609069824219,1456290.0,397510239.22943115
2025-12-31 19:30:00,272.97021484375,273.0068054199219,271.9599914550781,272.0799865722656,1417798.0,385754460.80218506
2025-12-31 20:30:00,272.0899963378906,272.75,271.75,271.8399963378906,2509865.0,682281692.4085999
2026-01-02 14:30:00,272.0,277.8247985839844,272.0,273.3900146484375,7596139.0,2076708552.4815674
2026-01-02 15:30:00,273.3699951171875,273.3900146484375,269.8299865722656,270.3245849609375,4078484.0,1102514494.5698242
2026-01-02 16:30:00,270.29998779296875,270.9599914550781,269.1099853515625,270.1499938964844,2431873.0,656970476.1070251
2026-01-02 17:30:00,270.17999267578125,270.4800109863281,269.7300109863281,270.0799865722656,1780091.0,480766953.3774109
2026-01-02 18:30:00,270.0899963378906,270.2499084472656,269.0199890136719,270.1300048828125,2020830.0,545886817.767334
2026-01-02 19:30:00,270.1400146484375,270.8399963378906,270.0899963378906,270.510009765625,2106622.0,569862337.7924805
2026-01-02 20:30:00,270.5299987792969,271.04998779296875,270.3500061035156,270.9800109863281,2650904.0,718341995.0437012
2026-01-05 14:30:00,270.7149963378906,271.3599853515625,267.8599853515625,269.80999755859375,7189336.0,1939754728.6079102
2026-01-05 15:30:00,269.79998779296875,270.2200012207031,268.70001220703125,268.7900085449219,3119976.0,838618375.6999512
2026-01-05 16:30:00,268.7799987792969,268.8500061035156,266.9200134277344,266.9700012207031,3085098.0,823628616.8259888
2026-01-05 17:30:00,266.989990234375,267.8900146484375,266.7701110839844,267.4200134277344,2496455.0,667602029.6217346
2026-01-05 18:30:00,267.4100036621094,267.6650085449219,266.1400146484375,266.2698974609375,2514491.0,669533260.7364502
2026-01-05 19:30:00,266.2699890136719,267.0400085449219,266.20001220703125,267.0190124511719,2686552.0,717360461.9387207
2026-01-05 20:30:00,267.0299987792969,267.739990234375,266.45001220703125,267.260009765625,2894622.0,773616703.987793
2026-01-06 14:30:00,267.00799560546875,267.00799560546875,263.0299987792969,264.0299987792969,8140729.0,2149396667.9325867
2026-01-06 15:30:00,264.0299987792969,265.1000061035156,262.29998779296875,262.4198913574219,4820286.0,1264938928.4317017
2026-01-06 16:30:00,262.4200134277344,263.0,262.2099914550781,262.8846130371094,3187699.0,837997018.0937805
2026-01-06 17:30:00,262.8900146484375,263.79998779296875,262.4901123046875,262.5400085449219,2583269.0,678211465.3338318
2026-01-06 18:30:00,262.92999267578125,263.07000732421875,262.5400085449219,262.87701416015625,2024107.0,532091204.5006714
2026-01-06 19:30:00,262.7799987792969,263.0150146484375,262.260009765625,262.82000732421875,3190757.0,838594778.1098022
2026-01-06 20:30:00,262.8299865722656,262.9601135253906,262.3999938964844,262.42498779296875,2355864.0,618237581.4418945
2026-01-07 14:30:00,263.2699890136719,263.67999267578125,261.2099914550781,262.0299987792969,7368698.0,1930819927.9450073
2026-01-07 15:30:00,262.0199890136719,262.2900085449219,260.9100036621094,261.0837097167969,3565599.0,930919814.2825012
2026-01-07 16:30:00,261.0849914550781,262.57000732421875,261.07000732421875,262.3599853515625,3336015.0,875236846.5325928
2026-01-07 17:30:00,262.3699951171875,262.70001220703125,261.0799865722656,261.2200012207031,2890664.0,755099253.6086426
2026-01-07 18:30:00,261.2449951171875,262.20001220703125,261.1300048828125,261.5899963378906,2574362.0,673427346.1524048
2026-01-07 19:30:00,261.5899963378906,262.5199890136719,261.260009765625,261.3299865722656,2727906.0,712883638.3504028
2026-01-07 20:30:00,261.3299865722656,261.3299865722656,259.82000732421875,260.3599853515625,4547776.0,1184058892.7421875
2026-01-08 14:30:00,256.375,257.7699890136719,255.6999969482422,256.7449951171875,10183679.0,2614608615.130005
2026-01-08 15:30:00,256.7200927734375,257.19000244140625,255.9499969482422,256.1099853515625,4167093.0,1067234127.1885986
2026-01-08 16:30:00,256.1099853515625,258.6000061035156,255.97000122070312,256.7090148925781,3892484.0,999235733.1251221
2026-01-08 17:30:00,256.6900939941406,257.6300048828125,256.5979919433594,257.4800109863281,2448318.0,630392945.5380249
2026-01-08 18:30:00,257.510009765625,257.5199890136719,256.29998779296875,256.6000061035156,2399355.0,615674507.6445007
2026-01-08 19:30:00,256.6050109863281,258.3299865722656,256.3800048828125,258.2799987792969,3537960.0,913784304.4812012
2026-01-08 20:30:00,258.2799987792969,259.2799987792969,257.9601135253906,259.05999755859375,3213685.0,832537228.2540894
2026-01-09 14:30:00,259.07501220703125,260.0,256.2200927734375,258.4599914550781,7220053.0,1866094836.6852112
2026-01-09 15:30:00,258.4599914550781,258.75,256.8800048828125,256.9599914550781,3212319.0,825437462.7909851
2026-01-09 16:30:00,256.9512939453125,259.05499267578125,256.7663879394531,258.92999267578125,3345096.0,866145682.7797852
2026-01-09 17:30:00,258.9100036621094,259.1600036621094,258.2401123046875,259.1199951171875,2173770.0,563267271.7858887
2026-01-09 18:30:00,259.1300048828125,259.95001220703125,259.010009765625,259.7300109863281,1971968.0,512179270.3046875
2026-01-09 19:30:00,259.7300109863281,260.2099914550781,259.67999267578125,259.9649963378906,2732054.0,710238408.1049194
2026-01-09 20:30:00,259.95001220703125,260.05499267578125,258.95001220703125,259.3500061035156,2303687.0,597461237.5105896
2026-01-12 14:30:00,259.4100036621094,261.29998779296875,256.79998779296875,260.3500061035156,8505619.0,2214437958.5641785
2026-01-12 15:30:00,260.364990234375,260.45001220703125,259.04998779296875,260.2300109863281,3280015.0,853558339.485321
2026-01-12 16:30:00,260.2300109863281,261.1099853515625,259.7099914550781,260.60931396484375,2709473.0,706113899.7362671
2026-01-12 17:30:00,260.6000061035156,261.29998779296875,260.3500061035156,260.8900146484375,2160352.0,563614264.9257812
2026-01-12 18:30:00,260.8909912109375,260.94000244140625,260.19000244140625,260.6400146484375,1974059.0,514518766.6768799
2026-01-12 19:30:00,260.6499938964844,261.19000244140625,260.48529052734375,260.9700012207031,2654547.0,692757133.8304138
2026-01-12 20:30:00,260.9599914550781,261.1300048828125,260.010009765625,260.2099914550781,2380012.0,619302902.1829834
2026-01-13 14:30:00,258.8999938964844,261.80999755859375,258.8999938964844,260.090087890625,8478567.0,2205191236.2165527
2026-01-13 15:30:00,260.1400146484375,260.2799072265625,259.489990234375,259.9100036621094,2608808.0,678055296.8337402
2026-01-13 16:30:00,259.8999938964844,261.1600036621094,259.8500061035156,260.8399963378906,2483937.0,647910117.983551
2026-01-13 17:30:00,260.8500061035156,261.44000244140625,259.989990234375,259.989990234375,2059870.0,535545581.18408203
2026-01-13 18:30:00,259.9800109863281,260.6736145019531,259.1499938964844,259.739990234375,2357708.0,612391052.8955078
2026-01-13 19:30:00,259.7398986816406,259.79998779296875,258.7601013183594,259.0199890136719,1960648.0,507847023.41967773
2026-01-13 20:30:00,259.010009765625,261.20001220703125,258.8399963378906,261.04998779296875,12843144.0,3352702584.42334
2026-01-14 14:30:00,259.489990234375,261.80999755859375,258.82000732421875,259.75,5147768.0,1337132738.0
2026-01-14 15:30:00,259.7550048828125,260.0,257.8599853515625,258.739990234375,2978461.0,770646970.0534668
2026-01-14 16:30:00,258.739990234375,258.80999755859375,256.7099914550781,257.3800048828125,2333928.0,600706400.0361328
2026-01-14 17:30:00,257.3900146484375,257.7149963378906,256.9100036621094,257.5299987792969,1604961.0,413325604.3708191
2026-01-14 18:30:00,257.5299987792969,258.1000061035156,257.05499267578125,257.79998779296875,1777225.0,458168583.3053589
2026-01-14 19:30:00,257.79998779296875,259.9800109863281,257.7900085449219,259.9700012207031,2443932.0,635349005.0233154
2026-01-14 20:30:00,259.9800109863281,260.6000061035156,258.6841125488281,259.95001220703125,14485668.0,3765549573.427002
2026-01-15 14:30:00,260.6499938964844,261.0299987792969,259.6199951171875,260.10009765625,5046140.0,1312501506.7871094
2026-01-15 15:30:00,260.1400146484375,260.78509521484375,259.19000244140625,260.4949951171875,2795244.0,728147072.1313477
2026-01-15 16:30:00,260.5,260.6300048828125,259.29998779296875,259.3299865722656,2122658.0,550468870.6375122
2026-01-15 17:30:00,259.3399963378906,259.56500244140625,258.0,259.5299987792969,2472715.0,641743720.9315491
2026-01-15 18:30:00,259.54998779296875,259.75,258.260009765625,258.32000732421875,2003848.0,517634030.0366211
2026-01-15 19:30:00,258.3434143066406,258.45001220703125,257.04998779296875,257.6700134277344,3158266.0,813790442.6283569
2026-01-15 20:30:00,257.6575012207031,258.3800048828125,257.1099853515625,258.3299865722656,2733911.0,706251191.9197693
2026-01-16 14:30:00,257.8800048828125,258.8999938964844,256.4601135253906,256.80999755859375,11278805.0,2896509884.513855
2026-01-16 15:30:00,256.80999755859375,256.9200134277344,256.05999755859375,256.4399108886719,2790833.0,715680965.8251648
2026-01-16 16:30:00,256.426513671875,256.6300048828125,255.82000732421875,255.8300018310547,2796717.0,715484115.2309418
2026-01-16 17:30:00,255.8300018310547,256.08990478515625,254.92999267578125,256.0299987792969,3606144.0,923281043.9179688
2026-01-16 18:30:00,256.0299987792969,257.1499938964844,255.9149932861328,256.0,2811980.0,719866880.0
2026-01-16 19:30:00,256.0,256.9700012207031,255.94000244140625,256.17999267578125,2648818.0,678574175.8394775
2026-01-16 20:30:00,256.1700134277344,256.4725036621094,255.1300048828125,255.47999572753906,3511559.0,897133078.3170013
2026-01-20 14:30:00,252.50999450683594,254.7899932861328,250.85000610351562,251.61570739746094,9087553.0,2286571076.6069183
2026-01-20 15:30:00,251.63999938964844,252.1300048828125,250.69000244140625,251.30499267578125,3367134.0,846177585.208374
2026-01-20 16:30:00,251.3000030517578,251.58999633789062,250.35000610351562,250.55999755859375,2677257.0,670813507.383728
2026-01-20 17:30:00,250.52000427246094,250.6999969482422,249.0800018310547,249.19500732421875,2979236.0,742410736.8405762
2026-01-20 18:30:00,249.17999267578125,249.22999572753906,247.4199981689453,247.45249938964844,3351984.0,829456818.7141113
2026-01-20 19:30:00,247.4499969482422,248.17999267578125,245.0800018310547,245.4600067138672,5956327.0,1462040065.4099884
2026-01-20 20:30:00,245.4600067138672,246.92999267578125,243.4199981689453,246.69000244140625,10059596.0,2481601761.7995605
2026-01-21 14:30:00,248.7100067138672,248.75,246.0800018310547,247.57000732421875,7234453.0,1791033582.1967163
2026-01-21 15:30:00,247.57000732421875,248.72000122070312,246.8300018310547,247.3000030517578,3802636.0,940391894.4047241
2026-01-21 16:30:00,247.30999755859375,247.36000061035156,245.19000244140625,245.8300018310547,3522106.0,865839324.4291687
2026-01-21 17:30:00,245.82009887695312,246.47000122070312,245.5800018310547,245.8800048828125,2014674.0,495368052.9572754
2026-01-21 18:30:00,245.8800048828125,247.33999633789062,245.5,247.1103057861328,2357430.0,582545248.1694031
2026-01-21 19:30:00,247.1300048828125,251.55999755859375,247.10000610351562,248.38279724121094,7875948.0,1956249995.1663208
2026-01-21 20:30:00,248.38999938964844,248.5800018310547,246.83999633789062,247.6300048828125,4345116.0,1075981096.2963867
2026-01-22 14:30:00,249.1999969482422,250.7799072265625,248.38499450683594,250.1300048828125,7300630.0,1826106617.5476074
2026-01-22 15:30:00,250.14999389648438,250.16000366210938,249.0,249.6999053955078,3165743.0,790485727.6064911
2026-01-22 16:30:00,249.69500732421875,249.89999389648438,249.25999450683594,249.74000549316406,1884417.0,470614311.93141174
2026-01-22 17:30:00,249.75,250.82000732421875,249.72999572753906,250.67999267578125,1833609.0,459649090.6902466
2026-01-22 18:30:00,250.6699981689453,251.0,249.75010681152344,250.52000427246094,2047891.0,513037662.0695343
2026-01-22 19:30:00,250.50999450683594,250.625,248.26510620117188,248.3699951171875,3355208.0,833332994.5771484
2026-01-22 20:30:00,248.33999633789062,248.9199981689453,248.17999267578125,248.36000061035156,2791482.0,693292471.2237854
2026-01-23 14:30:00,245.75,247.24000549316406,244.67999267578125,247.01010131835938,7601136.0,1877557373.494629
2026-01-23 15:30:00,247.02000427246094,249.41000366210938,246.97000122070312,248.35000610351562,3278816.0,814293973.6123047
2026-01-23 16:30:00,248.3699951171875,248.8000030517578,247.8800048828125,248.73989868164062,2265060.0,563410794.9078369
2026-01-23 17:30:00,248.72000122070312,248.80990600585938,247.61000061035156,247.92999267578125,1917316.0,475360141.8371582
2026-01-23 18:30:00,247.9600067138672,248.0299072265625,246.97000122070312,247.47500610351562,2288867.0,566437374.7951355
2026-01-23 19:30:00,247.47000122070312,248.47000122070312,247.40499877929688,248.19000244140625,1941323.0,481816960.1095581
2026-01-23 20:30:00,248.19000244140625,248.85000610351562,247.7449951171875,247.97000122070312,2635794.0,653597841.397522
2026-01-26 14:30:00,251.47999572753906,254.88999938964844,249.8000030517578,254.0399932861328,9810606.0,2492286282.3728943
2026-01-26 15:30:00,254.0399932861328,255.5,253.9199981689453,255.0998992919922,4941159.0,1260489163.2857208
2026-01-26 16:30:00,255.0850067138672,255.4199981689453,254.25999450683594,254.5,3015226.0,767375017.0
2026-01-26 17:30:00,254.47000122070312,254.75,254.0800018310547,254.64999389648438,1861533.0,474039367.08810425
2026-01-26 18:30:00,254.63999938964844,255.97000122070312,254.32000732421875,255.94000244140625,3013817.0,771356330.3379517
2026-01-26 19:30:00,255.92999267578125,256.55999755859375,255.47000122070312,255.72500610351562,3495145.0,893795976.4576721
2026-01-26 20:30:00,255.72999572753906,255.99000549316406,254.89999389648438,255.4199981689453,14219113.0,3631845816.4240265
2026-01-27 14:30:00,259.1400146484375,261.95001220703125,258.6600036621094,259.8450012207031,10912773.0,2835629513.506256
2026-01-27 15:30:00,259.8599853515625,261.3900146484375,259.760009765625,260.7200012207031,3262895.0,850701988.3830261
2026-01-27 16:30:00,260.7200012207031,261.3599853515625,260.4700012207031,261.30999755859375,2175987.0,568607157.6575317
2026-01-27 17:30:00,261.30010986328125,261.3500061035156,260.2301025390625,260.2550048828125,1989091.0,517670887.9173584
2026-01-27 18:30:00,260.2699890136719,260.3599853515625,259.5199890136719,259.875,2504629.0,650890461.375
2026-01-27 19:30:00,259.875,260.0400085449219,259.1499938964844,259.3800048828125,2602286.0,674980955.3864746
2026-01-27 20:30:00,259.385009765625,259.67498779296875,258.2099914550781,258.2699890136719,2715605.0,701359273.5154724
2026-01-28 14:30:00,257.55999755859375,258.8550109863281,255.21499633789062,256.0899963378906,6604210.0,1691272114.7146606
2026-01-28 15:30:00,256.05999755859375,256.7099914550781,255.25999450683594,255.49000549316406,2745774.0,701517814.3429871
2026-01-28 16:30:00,255.47000122070312,255.47999572753906,254.66000366210938,254.82000732421875,2230506.0,568377555.2567139
2026-01-28 17:30:00,254.8000030517578,255.38999938964844,254.50999450683594,255.2550048828125,1683148.0,429631950.9584961
2026-01-28 18:30:00,255.25999450683594,255.8800048828125,254.77999877929688,255.11000061035156,1899457.0,484570476.42933655
2026-01-28 19:30:00,255.0800018310547,256.6400146484375,255.0500030517578,256.4750061035156,3391568.0,869852423.5004883
2026-01-28 20:30:00,256.4599914550781,256.8999938964844,255.92999267578125,256.44000244140625,3092338.0,792999164.2696533
2026-01-29 14:30:00,258.07000732421875,259.6499938964844,255.49000549316406,256.8999938964844,7282171.0,1870789685.4531555
2026-01-29 15:30:00,256.8900146484375,257.0400085449219,254.41000366210938,256.1700134277344,4801889.0,1230099969.60849
2026-01-29 16:30:00,256.1300048828125,257.4100036621094,255.1199951171875,257.2200012207031,3524580.0,906592471.9024658
2026-01-29 17:30:00,257.20001220703125,257.6700134277344,256.54998779296875,257.3800048828125,3232719.0,832037232.0047607
2026-01-29 18:30:00,257.364990234375,258.1816101074219,257.1600036621094,258.1449890136719,3079026.0,794835132.94281
2026-01-29 19:30:00,258.1449890136719,258.5683898925781,257.7401123046875,258.2950134277344,4240841.0,1095388083.0398865
2026-01-29 20:30:00,258.30999755859375,259.3500061035156,257.75,258.17498779296875,5837763.0,1507164391.2632446
2026-01-30 14:30:00,255.1649932861328,258.70001220703125,252.17999267578125,254.0,18411294.0,4676468676.0
2026-01-30 15:30:00,254.0800018310547,256.9049987792969,253.69500732421875,256.6875,5356000.0,1374818250.0
2026-01-30 16:30:00,256.69000244140625,257.1400146484375,254.2834930419922,255.2100067138672,4040411.0,1031153318.4367828
2026-01-30 17:30:00,255.16000366210938,256.07000732421875,254.5399932861328,256.05499267578125,3264119.0,835793966.6378784
2026-01-30 18:30:00,256.05499267578125,258.0799865722656,255.75,257.5849914550781,3652617.0,940859318.7336731
2026-01-30 19:30:00,257.6000061035156,259.9100036621094,257.4100036621094,259.9100036621094,4945206.0,1285308509.5698853
2026-01-30 20:30:00,259.9200134277344,261.89990234375,258.0,259.4800109863281,9402318.0,2439713577.9369507
2026-02-02 14:30:00,260.0199890136719,265.25,259.2049865722656,265.0400085449219,12724698.0,3372554066.6515503
2026-02-02 15:30:00,265.0350036621094,265.3699951171875,262.30999755859375,264.29180908203125,4300486.0,1136583224.8719482
2026-02-02 16:30:00,264.2950134277344,264.8500061035156,263.80999755859375,264.17999267578125,2688303.0,710195866.8502808
2026-02-02 17:30:00,264.19000244140625,265.30999755859375,263.7799987792969,265.1300048828125,2603466.0,690256953.2922363
2026-02-02 18:30:00,265.1449890136719,267.3500061035156,265.010009765625,267.17999267578125,4680086.0,1250425343.2020264
2026-02-02 19:30:00,267.125,269.56988525390625,266.82000732421875,268.9800109863281,6110168.0,1643513055.7683105
2026-02-02 20:30:00,268.9750061035156,270.489990234375,268.8399963378906,269.9599914550781,6031354.0,1628224274.3025513
2026-02-03 14:30:00,269.1300048828125,271.5799865722656,267.69000244140625,269.885009765625,9032813.0,2437820824.7160645
2026-02-03 15:30:00,269.8500061035156,271.2850036621094,267.6099853515625,268.8949890136719,5335029.0,1434562564.3426208
2026-02-03 16:30:00,268.8999938964844,270.5,268.2900085449219,268.8999938964844,3977028.0,1069422804.9261475
2026-02-03 17:30:00,268.8900146484375,270.3699951171875,268.7550048828125,269.3399963378906,3592052.0,967483272.5255127
2026-02-03 18:30:00,269.3349914550781,271.875,268.8500061035156,271.4800109863281,4426151.0,1201611522.1071472
2026-02-03 19:30:00,271.4700012207031,271.70001220703125,268.6700134277344,269.2099914550781,3448770.0,928443342.2305298
2026-02-03 20:30:00,269.2149963378906,270.04998779296875,268.8399963378906,269.4599914550781,3048085.0,821336958.0543518
2026-02-04 14:30:00,272.30999755859375,278.80999755859375,272.2850036621094,276.1000061035156,14363169.0,3965671048.5658264
2026-02-04 15:30:00,276.125,277.3900146484375,275.29998779296875,277.21380615234375,5901048.0,1635851976.3676758
2026-02-04 16:30:00,277.1935119628906,277.260009765625,273.8999938964844,275.25,5657904.0,1557338076.0
2026-02-04 17:30:00,275.2699890136719,276.114990234375,273.1400146484375,275.6000061035156,5072262.0,1397915438.1586304
2026-02-04 18:30:00,275.6199951171875,275.760009765625,274.3500061035156,274.9100036621094,3128540.0,860066942.8570557
2026-02-04 19:30:00,274.90020751953125,278.0799865722656,274.8299865722656,277.6099853515625,5267006.0,1462173458.5065918
2026-02-04 20:30:00,277.6099853515625,278.95001220703125,276.3599853515625,276.4599914550781,7312922.0,2021730353.6316528
2026-02-05 14:30:00,278.0199890136719,279.44000244140625,273.2300109863281,276.7850036621094,9310150.0,2576909901.8447876
2026-02-05 15:30:00,276.7900085449219,277.3999938964844,273.2900085449219,275.2200012207031,4526349.0,1245741777.3053284
2026-02-05 16:30:00,275.2900085449219,275.5,273.5249938964844,274.739990234375,2531820.0,695592202.0751953
2026-02-05 17:30:00,274.7200012207031,274.9800109863281,273.9100036621094,274.32000732421875,1764770.0,484111719.3255615
2026-02-05 18:30:00,274.260009765625,277.57000732421875,274.114990234375,277.0450134277344,2995492.0,829886121.3626709
2026-02-05 19:30:00,277.06500244140625,277.7200012207031,276.085693359375,276.6300048828125,3087121.0,853990297.303833
2026-02-05 20:30:00,276.6300048828125,276.9100036621094,275.3500061035156,275.9200134277344,3990713.0,1101117584.5462341
2026-02-06 14:30:00,277.1600036621094,280.9049987792969,277.0,279.2900085449219,10301776.0,2877183107.067871
2026-02-06 15:30:00,279.29998779296875,279.95001220703125,278.3500061035156,279.114990234375,3913103.0,1092205705.6311035
2026-02-06 16:30:00,279.1000061035156,279.7749938964844,278.239990234375,278.67999267578125,3039580.0,847070132.1374512
2026-02-06 17:30:00,278.7099914550781,278.79998779296875,277.4901123046875,277.7749938964844,2618460.0,727342710.5181885
2026-02-06 18:30:00,277.79998779296875,277.9599914550781,276.92498779296875,277.1300048828125,2548586.0,706289650.6242676
2026-02-06 19:30:00,277.1300048828125,278.75,276.9949951171875,277.6600036621094,3186499.0,884763324.0093079
2026-02-06 20:30:00,277.6549987792969,279.010009765625,277.57000732421875,278.0799865722656,3255323.0,905240176.1283875
2026-02-09 14:30:00,277.9049987792969,278.0400085449219,273.04998779296875,273.08270263671875,6334544.0,1729854395.491211
2026-02-09 15:30:00,273.0899963378906,273.75,272.7699890136719,273.398193359375,2792572.0,763484139.6259766
2026-02-09 16:30:00,273.3699951171875,273.79998779296875,271.70001220703125,272.0115051269531,3245579.0,882834828.7984314
2026-02-09 17:30:00,272.0400085449219,272.3399963378906,271.7699890136719,271.9800109863281,1937150.0,526866078.2821655
2026-02-09 18:30:00,271.9800109863281,273.7099914550781,271.8399963378906,273.6199951171875,2566471.0,702237782.4884033
2026-02-09 19:30:00,273.6300048828125,274.25,272.9150085449219,274.0400085449219,2368415.0,649040466.8379211
2026-02-09 20:30:00,274.0299987792969,275.1199951171875,273.510009765625,274.5400085449219,3837569.0,1053566226.0517273
2026-02-10 14:30:00,274.885009765625,275.3599853515625,273.2099914550781,274.4200134277344,4751268.0,1303843028.3587646
2026-02-10 15:30:00,274.3900146484375,274.9100036621094,273.989990234375,274.05999755859375,1866180.0,511445286.2438965
2026-02-10 16:30:00,274.0199890136719,274.0498962402344,272.94000244140625,273.3500061035156,2051404.0,560751295.9207764
2026-02-10 17:30:00,273.3500061035156,274.19000244140625,273.1499938964844,274.05499267578125,1646593.0,451257032.5549927
2026-02-10 18:30:00,274.05499267578125,274.2699890136719,273.6600036621094,273.9649963378906,1371940.0,375863537.07580566
2026-02-10 19:30:00,273.9700012207031,274.29998779296875,273.5199890136719,274.07000732421875,1515644.0,415392562.1809082
2026-02-10 20:30:00,274.0799865722656,274.489990234375,273.30999755859375,273.7900085449219,9399403.0,2573462627.6871643
2026-02-11 14:30:00,274.69500732421875,277.44000244140625,274.45001220703125,277.05010986328125,9496956.0,2631132703.166748
2026-02-11 15:30:00,277.1000061035156,279.9800109863281,277.0400085449219,278.19000244140625,4696556.0,1306534925.1062012
2026-02-11 16:30:00,278.19000244140625,280.17999267578125,278.1600036621094,279.94500732421875,2685096.0,751679219.3862305
2026-02-11 17:30:00,279.910400390625,280.1499938964844,278.5,278.9599914550781,1893097.0,528098322.94363403
2026-02-11 18:30:00,278.93499755859375,279.6700134277344,278.5,279.5799865722656,1790251.0,500518350.5409851
2026-02-11 19:30:00,279.5799865722656,279.5899963378906,274.81060791015625,276.04998779296875,6599667.0,1821837994.7876587
2026-02-11 20:30:00,276.010009765625,276.54998779296875,275.4599914550781,275.5400085449219,2931248.0,807676098.9672852
2026-02-12 14:30:00,275.6000061035156,275.7200012207031,270.05999755859375,271.25,7475539.0,2027739953.75
2026-02-12 15:30:00,271.260009765625,271.75,266.1499938964844,266.1700134277344,5405536.0,1438791589.7041016
2026-02-12 16:30:00,266.19000244140625,267.0400085449219,264.4200134277344,264.6000061035156,4717401.0,1248224333.3927307
2026-02-12 17:30:00,264.57000732421875,264.6499938964844,260.17999267578125,262.3299865722656,7147306.0,1874952687.0078735
2026-02-12 18:30:00,262.30999755859375,262.6700134277344,261.2300109863281,261.7799987792969,4007694.0,1049134130.4277954
2026-02-12 19:30:00,261.7699890136719,262.489990234375,261.1000061035156,261.489990234375,3918342.0,1024607211.3149414
2026-02-12 20:30:00,261.4800109863281,262.510009765625,260.2799987792969,261.5899963378906,5638818.0,1475058379.9700317
2026-02-13 14:30:00,262.010009765625,262.2300109863281,258.79998779296875,260.5950012207031,9803254.0,2554678988.096863
2026-02-13 15:30:00,260.5799865722656,261.489990234375,258.3699951171875,259.2875061035156,3397399.0,880903113.9485779
2026-02-13 16:30:00,259.2984924316406,260.2099914550781,258.6000061035156,259.5899963378906,2315506.0,601082194.0603638
2026-02-13 17:30:00,259.5899963378906,260.2699890136719,258.7699890136719,258.9100036621094,2742312.0,710012009.9626465
2026-02-13 18:30:00,258.94000244140625,259.30999755859375,258.2799987792969,258.4599914550781,2401615.0,620721392.3783875
2026-02-13 19:30:00,258.4800109863281,258.7300109863281,255.8173065185547,255.91000366210938,3979292.0,1018340630.2926025
2026-02-13 20:30:00,255.91000366210938,256.6600036621094,255.4499969482422,255.82000732421875,6720926.0,1719347338.5455322
2026-02-17 14:30:00,258.04998779296875,261.3900146484375,255.55299377441406,259.6400146484375,8096132.0,2102079831.0756836
2026-02-17 15:30:00,259.6300048828125,260.9800109863281,258.739990234375,260.2650146484375,3490944.0,908570591.296875
2026-02-17 16:30:00,260.2550048828125,262.2300109863281,259.92999267578125,261.84991455078125,3136235.0,821222866.7611694
2026-02-17 17:30:00,261.8500061035156,263.67999267578125,260.9100036621094,263.3999938964844,3395782.0,894448958.0737915
2026-02-17 18:30:00,263.4599914550781,266.2900085449219,263.32000732421875,265.2850036621094,4164675.0,1104825822.6264954
2026-02-17 19:30:00,265.260009765625,266.14990234375,264.0201110839844,264.2900085449219,2825612.0,746781019.6246338
2026-02-17 20:30:00,264.2950134277344,264.5299987792969,262.5,263.75,4178204.0,1102001305.0
2026-02-18 14:30:00,263.5,265.6499938964844,262.45001220703125,265.398193359375,7797779.0,2069516458.8156738
2026-02-18 15:30:00,265.3900146484375,266.0899963378906,265.0400085449219,266.0400085449219,2372744.0,631244834.0349121
2026-02-18 16:30:00,266.0249938964844,266.82000732421875,265.1700134277344,265.4200134277344,1840765.0,488575871.01730347
2026-02-18 17:30:00,265.4100036621094,265.9599914550781,265.0,265.39990234375,1335418.0,354419806.78808594
2026-02-18 18:30:00,265.3800048828125,265.5790100097656,264.52301025390625,264.57000732421875,1312561.0,347264273.3834839
2026-02-18 19:30:00,264.5950012207031,264.6299133300781,263.2099914550781,263.739990234375,1727473.0,455603712.1501465
2026-02-18 20:30:00,263.739990234375,265.5299987792969,263.739990234375,264.32000732421875,3105119.0,820745076.8225708
2026-02-19 14:30:00,262.6000061035156,264.3500061035156,262.2900085449219,262.8699951171875,4372727.0,1149458725.138794
2026-02-19 15:30:00,262.8800048828125,264.4800109863281,262.7601013183594,263.6199951171875,1726762.0,455208990.0085449
2026-02-19 16:30:00,263.6700134277344,264.1400146484375,262.6900939941406,262.94000244140625,1785992.0,469608740.84033203
2026-02-19 17:30:00,262.8999938964844,263.05999755859375,261.4200134277344,261.7699890136719,1237800.0,324018892.40112305
2026-02-19 18:30:00,261.739990234375,262.368896484375,261.5,261.5400085449219,1203819.0,314846831.5465393
2026-02-19 19:30:00,261.510009765625,261.6700134277344,260.2699890136719,260.760009765625,1954329.0,509610849.12524414
2026-02-19 20:30:00,260.760009765625,261.29998779296875,260.04998779296875,260.510009765625,2956715.0,770253853.5241699
2026-02-20 14:30:00,258.9549865722656,262.3500061035156,258.1600036621094,260.57049560546875,6967496.0,1815523885.849121
2026-02-20 15:30:00,260.54998779296875,263.260009765625,260.2773132324219,261.42999267578125,2960036.0,773842189.8000488
2026-02-20 16:30:00,261.4200134277344,264.75,261.2300109863281,262.29998779296875,3078479.0,807485004.1209106
2026-02-20 17:30:00,262.2695007324219,263.92999267578125,261.6099853515625,263.6099853515625,2014188.0,530960069.17529297
2026-02-20 18:30:00,263.57501220703125,264.7300109863281,263.1600036621094,264.42999267578125,1630010.0,431023532.3614502
2026-02-20 19:30:00,264.44000244140625,264.7099914550781,263.2850036621094,263.3301086425781,1887447.0,497021623.56710815
2026-02-20 20:30:00,263.3450012207031,264.7449951171875,263.0899963378906,264.5899963378906,13540364.0,3582644861.173706
2026-02-23 14:30:00,263.489990234375,267.739990234375,263.3810119628906,267.04998779296875,7631864.0,2038089188.0375977
2026-02-23 15:30:00,267.0899963378906,267.5299072265625,264.75,266.5899963378906,1006448.0,268308968.63427734
2026-02-23 16:30:00,266.57000732421875,267.34588623046875,265.8399963378906,267.1297912597656,2169664.0,579581891.4238281
2026-02-23 17:30:00,267.10699462890625,269.3699951171875,266.8612060546875,269.3349914550781,2699181.0,726983891.5707092
2026-02-23 18:30:00,269.3399963378906,269.42999267578125,267.25,267.29998779296875,2303781.0,615800633.1776733
2026-02-23 19:30:00,267.2701110839844,267.3299865722656,266.2799987792969,266.7799987792969,2444216.0,652067941.4963379
2026-02-23 20:30:00,266.80999755859375,267.20001220703125,265.989990234375,266.3900146484375,2450818.0,652873442.9206543
2026-02-24 14:30:00,268.0,274.8900146484375,267.739990234375,273.6700134277344,8122809.0,2222969248.1009216
2026-02-24 15:30:00,273.67999267578125,274.82000732421875,272.3599853515625,273.2200012207031,10039980.0,2743123347.855835
2026-02-24 16:30:00,273.2250061035156,273.239990234375,271.989990234375,272.510009765625,0.0,0.0
2026-02-24 17:30:00,272.489990234375,272.7900085449219,271.5950012207031,271.5950012207031,1641925.0,445938622.379303
2026-02-24 18:30:00,271.6000061035156,272.54998779296875,271.3699951171875,272.2900085449219,1871775.0,509665630.74417114
2026-02-24 19:30:00,272.2799987792969,272.7200012207031,271.3800048828125,271.909912109375,2122079.0,577014314.3791504
2026-02-24 20:30:00,271.9100036621094,272.4299011230469,271.4800109863281,272.1700134277344,13328406.0,3627592439.9902954
2026-02-25 14:30:00,271.67999267578125,274.0799865722656,271.04998779296875,273.6300048828125,5230897.0,1431330371.6514893
2026-02-25 15:30:00,273.6300048828125,274.58990478515625,272.9200134277344,273.9649963378906,2463949.0,675035778.7617493
2026-02-25 16:30:00,273.9150085449219,274.06988525390625,272.9599914550781,273.6099853515625,1694059.0,463511458.1746826
2026-02-25 17:30:00,273.6099853515625,274.6300048828125,273.4200134277344,274.3500061035156,1522519.0,417703096.9427185
2026-02-25 18:30:00,274.3299865722656,274.94000244140625,274.17999267578125,274.4100036621094,1635951.0,448921319.9010315
2026-02-25 19:30:00,274.4100036621094,274.5400085449219,273.2099914550781,273.75,1879899.0,514622351.25
2026-02-25 20:30:00,273.7200012207031,274.7200012207031,273.625,274.17999267578125,2422723.0,664262174.3954468
2026-02-26 14:30:00,274.9549865722656,276.1099853515625,270.8399963378906,272.0,5054219.0,1374747568.0
2026-02-26 15:30:00,271.9200134277344,272.78509521484375,270.7950134277344,272.5400085449219,2579542.0,703028398.7219849
2026-02-26 16:30:00,272.5299987792969,272.7300109863281,271.5126953125,271.760009765625,1300410.0,353399434.2993164
2026-02-26 17:30:00,271.7550048828125,272.0249938964844,270.9100036621094,271.3900146484375,1189482.0,322813537.40405273
2026-02-26 18:30:00,271.4100036621094,272.94000244140625,270.8529968261719,272.79998779296875,1838921.0,501657626.3522339
2026-02-26 19:30:00,272.80499267578125,273.5,272.5799865722656,272.6300048828125,1756013.0,478741832.7642822
2026-02-26 20:30:00,272.6449890136719,273.07000732421875,272.20001220703125,272.989990234375,1906660.0,520499094.78027344
2026-02-27 14:30:00,272.80999755859375,272.80999755859375,268.29998779296875,268.5050048828125,8446879.0,2268029287.1395264
2026-02-27 15:30:00,268.4700927734375,269.6400146484375,268.1919860839844,269.05499267578125,0.0,0.0
2026-02-27 16:30:00,269.07000732421875,269.5199890136719,267.2699890136719,267.8841857910156,1958841.0,524742526.37905884
2026-02-27 17:30:00,267.8699951171875,268.260009765625,265.8800048828125,265.9508056640625,8433506.0,2242897715.272705
2026-02-27 18:30:00,265.95001220703125,266.4800109863281,265.4801025390625,265.7300109863281,0.0,0.0
2026-02-27 19:30:00,265.7300109863281,266.8999938964844,265.260009765625,266.6400146484375,2562786.0,683341296.5808105
2026-02-27 20:30:00,266.6300048828125,266.6300048828125,262.8900146484375,264.1700134277344,9125681.0,2410731272.3072205
2026-03-02 14:30:00,262.44000244140625,264.3399963378906,260.20001220703125,263.80999755859375,9648357.0,2545333036.614441
2026-03-02 15:30:00,263.82000732421875,265.0299987792969,262.0,264.3599853515625,439306.0,116134927.72485352
2026-03-02 16:30:00,264.3599853515625,266.20001220703125,264.0,266.0,2203439.0,586114774.0
2026-03-02 17:30:00,265.9949951171875,266.2900085449219,265.25,265.5,1644931.0,436729180.5
2026-03-02 18:30:00,265.52801513671875,266.1499938964844,264.3599853515625,266.05999755859375,6993135.0,1860593481.0269165
2026-03-02 19:30:00,266.0450134277344,266.5299987792969,264.1400146484375,264.30999755859375,0.0,0.0
2026-03-02 20:30:00,264.31500244140625,265.54998779296875,263.6099853515625,264.6000061035156,3945882.0,1044080401.2837524
2026-03-03 14:30:00,263.4800109863281,265.55999755859375,261.2200012207031,262.260009765625,8047558.0,2110552639.6694336
2026-03-03 15:30:00,262.2799987792969,263.94000244140625,261.9100036621094,262.57000732421875,4016845.0,1054703021.0702515
2026-03-03 16:30:00,262.4800109863281,263.7799987792969,261.5799865722656,261.80999755859375,2940122.0,769753333.6419678
2026-03-03 17:30:00,261.79998779296875,261.8699951171875,260.1300048828125,261.4800109863281,2901307.0,758633786.2347107
2026-03-03 18:30:00,261.44000244140625,263.9100036621094,261.3699951171875,263.6549987792969,2917518.0,769218204.7285767
2026-03-03 19:30:00,263.6700134277344,264.614990234375,262.510009765625,263.2799987792969,2571377.0,676992133.4211121
2026-03-03 20:30:00,263.239990234375,263.9599914550781,262.3399963378906,263.7099914550781,4136373.0,1090802888.4850159
2026-03-04 14:30:00,264.6499938964844,266.1499938964844,261.4200134277344,264.1300048828125,7214854.0,1905659422.2487793
2026-03-04 15:30:00,264.125,264.7200012207031,262.81500244140625,264.5299987792969,3576211.0,946015091.464508
2026-03-04 16:30:00,264.5199890136719,265.510009765625,264.29998779296875,264.8999938964844,3050842.0,808168027.1791382
2026-03-04 17:30:00,264.9100036621094,265.3599853515625,263.3399963378906,263.7799987792969,2827303.0,745785981.8887024
2026-03-04 18:30:00,263.79998779296875,264.19500732421875,263.05999755859375,263.3500061035156,2889009.0,760820537.7831116
2026-03-04 19:30:00,263.3399963378906,263.67999267578125,262.0599060058594,262.7300109863281,3383632.0,888981672.5336914
2026-03-04 20:30:00,262.7099914550781,263.1600036621094,262.16461181640625,262.45001220703125,4837553.0,1269615843.9021606
2026-03-05 14:30:00,260.7449951171875,261.45001220703125,258.5400085449219,258.8699951171875,10468747.0,2710044484.7730713
2026-03-05 15:30:00,258.9100036621094,261.2250061035156,258.07501220703125,260.7550048828125,4851072.0,1264941303.046875
2026-03-05 16:30:00,260.760009765625,261.55499267578125,258.9700012207031,259.0199890136719,3933354.0,1018817309.8668823
2026-03-05 17:30:00,259.0400085449219,259.489990234375,258.4949951171875,258.9090881347656,3426289.0,887097360.676178
2026-03-05 18:30:00,258.9200134277344,259.17999267578125,257.760009765625,257.8599853515625,3356489.0,865504204.3726807
2026-03-05 19:30:00,257.8450012207031,259.489990234375,257.25,258.69000244140625,4038383.0,1044689308.1293335
2026-03-05 20:30:00,258.67999267578125,260.55999755859375,258.4100036621094,260.30999755859375,7024068.0,1828435123.9313965
2026-03-06 14:30:00,258.739990234375,258.760009765625,254.3699951171875,256.70001220703125,8565069.0,2198653316.854065
2026-03-06 15:30:00,256.69500732421875,257.95001220703125,256.0799865722656,257.25,3270567.0,841353360.75
2026-03-06 16:30:00,257.29998779296875,257.489990234375,256.3900146484375,256.7699890136719,3297640.0,846734986.5710449
2026-03-06 17:30:00,256.7699890136719,257.5899963378906,256.05999755859375,256.4750061035156,2387760.0,612400760.5737305
2026-03-06 18:30:00,256.4750061035156,257.2300109863281,255.91000366210938,257.17999267578125,2090262.0,537573565.8504639
2026-03-06 19:30:00,257.1700134277344,257.96990966796875,256.8005065917969,256.9100036621094,2795477.0,718186006.3073425
2026-03-06 20:30:00,256.9200134277344,258.010009765625,256.44000244140625,257.5350036621094,5125522.0,1320001327.0402222
2026-03-09 13:30:00,255.69000244140625,257.0198974609375,253.6804962158203,255.7100067138672,7181497.0,1836380646.085617
2026-03-09 14:30:00,255.66000366210938,257.8800048828125,255.6300048828125,257.7300109863281,3727402.0,960663358.4104614
2026-03-09 15:30:00,257.7200012207031,258.2699890136719,257.1499938964844,257.57000732421875,3050497.0,785716534.6325073
2026-03-09 16:30:00,257.5799865722656,258.0899963378906,256.5400085449219,256.6300048828125,2401092.0,616192251.684082
2026-03-09 17:30:00,256.6499938964844,257.364990234375,255.9499969482422,257.1499938964844,2688859.0,691440075.4385071
2026-03-09 18:30:00,257.1317138671875,259.57000732421875,256.5199890136719,259.4800109863281,4105990.0,1065422330.3097534
2026-03-09 19:30:00,259.4599914550781,261.1499938964844,259.010009765625,259.8900146484375,4821540.0,1253070101.2280273
2026-03-10 13:30:00,257.69500732421875,260.25,256.95001220703125,259.9700012207031,5290551.0,1375384549.9281921
2026-03-10 14:30:00,259.9400939941406,261.7799987792969,259.9150085449219,261.30999755859375,3031430.0,792142965.8990479
2026-03-10 15:30:00,261.29998779296875,261.9800109863281,261.0,261.8699951171875,2380233.0,623311604.0877686
2026-03-10 16:30:00,261.8900146484375,262.4800109863281,260.82000732421875,262.20001220703125,2603212.0,682562218.1774902
2026-03-10 17:30:00,262.19000244140625,262.4800109863281,260.4700012207031,261.6700134277344,3001027.0,785278775.3869934
2026-03-10 18:30:00,261.70001220703125,261.9700012207031,260.42999267578125,260.5050048828125,2377024.0,619226648.7265625
2026-03-10 19:30:00,260.4700012207031,261.20001220703125,260.35009765625,260.7200012207031,3231160.0,842428039.1442871
2026-03-11 13:30:00,261.2099914550781,262.1300048828125,259.54998779296875,259.9949951171875,4281023.0,1113044553.9815674
2026-03-11 14:30:00,260.0,260.9599914550781,259.8599853515625,260.1000061035156,2604285.0,677374544.3952942
2026-03-11 15:30:00,260.1199951171875,260.8680114746094,259.8500061035156,260.6449890136719,1954747.0,509495010.33950806
2026-03-11 16:30:00,260.6199951171875,261.20001220703125,260.5,261.02508544921875,1517902.0,396210499.25354004
2026-03-11 17:30:00,261.0400085449219,261.1300048828125,259.6300048828125,260.1099853515625,1845686.0,480081358.423584
2026-03-11 18:30:00,260.1000061035156,260.3999938964844,259.80999755859375,260.1317138671875,1606862.0,417995766.00805664
2026-03-11 19:30:00,260.1400146484375,261.1000061035156,260.0400085449219,260.80999755859375,3235002.0,843720863.7220459
2026-03-12 13:30:00,258.6400146484375,258.95001220703125,254.6699981689453,254.6699981689453,7250332.0,1846442037.1642456
2026-03-12 14:30:00,254.66000366210938,255.7899932861328,254.35000610351562,255.35499572753906,3974410.0,1014885448.5694885
2026-03-12 15:30:00,255.3300018310547,256.25,254.17999267578125,255.65780639648438,3679550.0,940705681.5261841
2026-03-12 16:30:00,255.6300048828125,255.9499969482422,254.77000427246094,255.0500030517578,3104437.0,791786666.3239899
2026-03-12 17:30:00,255.04010009765625,255.67999267578125,254.80999755859375,255.39500427246094,2746542.0,701453105.8244934
2026-03-12 18:30:00,255.3699951171875,256.25,254.88999938964844,256.0899963378906,3162742.0,809946587.1976929
2026-03-12 19:30:00,256.09991455078125,256.2051086425781,254.97000122070312,255.75,4532523.0,1159192757.25
2026-03-13 13:30:00,255.39999389648438,256.3299865722656,254.6407012939453,255.4250030517578,5452768.0,1392773283.0405273
2026-03-13 14:30:00,255.42999267578125,255.80999755859375,253.27000427246094,253.3007049560547,3280492.0,830950936.2026978
2026-03-13 15:30:00,253.3300018310547,253.50999450683594,251.85000610351562,252.65499877929688,3395163.0,857804903.6205139
2026-03-13 16:30:00,252.63999938964844,252.97000122070312,250.9600067138672,251.17999267578125,4343212.0,1090927958.3493652
2026-03-13 17:30:00,251.18499755859375,251.65750122070312,250.779296875,251.26400756835938,2493737.0,626586352.4414978
2026-03-13 18:30:00,251.25999450683594,251.84500122070312,250.2100067138672,250.2949981689453,3296194.0,825020871.1944885
2026-03-13 19:30:00,250.27999877929688,250.6199951171875,249.52000427246094,250.11500549316406,6367474.0,1592600794.4875793
2026-03-16 13:30:00,252.10499572753906,253.58999633789062,249.91000366210938,253.2357940673828,4604631.0,1166057387.672287
2026-03-16 14:30:00,253.22000122070312,253.88499450683594,252.9199981689453,253.01499938964844,2784630.0,704553157.7503967
2026-03-16 15:30:00,253.00999450683594,253.5399932861328,252.20010375976562,252.36500549316406,1738509.0,438738833.33491516
2026-03-16 16:30:00,252.35000610351562,253.3300018310547,252.1999969482422,252.92999267578125,1437485.0,363583070.5215454
2026-03-16 17:30:00,252.94000244140625,253.05999755859375,252.1300048828125,252.9199981689453,1544256.0,390573224.6923828
2026-03-16 18:30:00,252.9219970703125,253.44000244140625,252.27000427246094,252.86199951171875,1954982.0,494340657.52941895
2026-03-16 19:30:00,252.83999633789062,253.05999755859375,252.11000061035156,252.77999877929688,2287594.0,578258008.5275269
2026-03-17 13:30:00,253.07850646972656,255.0749969482422,252.17999267578125,254.44000244140625,3494086.0,889035250.3704834
2026-03-17 14:30:00,254.47999572753906,254.9499969482422,253.80079650878906,254.1699981689453,1412006.0,358889562.4345398
2026-03-17 15:30:00,254.14999389648438,255.12989807128906,253.66000366210938,254.86000061035156,1738870.0,443168409.261322
2026-03-17 16:30:00,254.8699951171875,255.02999877929688,253.55999755859375,253.9199981689453,6074290.0,1542383705.6776428
2026-03-17 17:30:00,253.91000366210938,254.6300048828125,253.88499450683594,254.10000610351562,0.0,0.0
2026-03-17 18:30:00,254.09500122070312,254.3300018310547,253.13009643554688,253.77000427246094,1332707.0,338201061.0839386
2026-03-17 19:30:00,253.77999877929688,254.5800018310547,253.67999267578125,254.22999572753906,1930468.0,490782871.3921509
2026-03-18 13:30:00,252.625,254.94000244140625,251.3800048828125,252.35499572753906,3152133.0,795456509.7476349
2026-03-18 14:30:00,252.33999633789062,253.05999755859375,252.0800018310547,252.3199005126953,2064997.0,521039837.5990143
2026-03-18 15:30:00,252.30999755859375,252.3300018310547,251.4600067138672,251.57009887695312,1753188.0,441049678.5098877
2026-03-18 16:30:00,251.5749969482422,251.58999633789062,250.38999938964844,250.80499267578125,1604382.0,402387015.7591553
2026-03-18 17:30:00,250.7899932861328,251.64759826660156,250.5399932861328,250.9600067138672,1514045.0,379964743.36509705
2026-03-18 18:30:00,250.94000244140625,250.94500732421875,249.61000061035156,249.67999267578125,1957409.0,488725864.7835083
2026-03-18 19:30:00,249.69400024414062,250.35000610351562,249.0,249.91000366210938,2998677.0,749399380.0514832
2026-03-19 13:30:00,249.39999389648438,251.8300018310547,247.3000030517578,249.8000030517578,5282204.0,1319494575.3200073
2026-03-19 14:30:00,249.80099487304688,250.7100067138672,249.14010620117188,249.41000366210938,1824930.0,455155797.98309326
2026-03-19 15:30:00,249.41000366210938,249.95260620117188,248.8800048828125,249.25999450683594,1704879.0,424958130.17481995
2026-03-19 16:30:00,249.27499389648438,249.4199981689453,247.7100067138672,248.2801055908203,7064876.0,1754068159.2660522
2026-03-19 17:30:00,248.2949981689453,248.5299072265625,247.6699981689453,248.02200317382812,0.0,0.0
2026-03-19 18:30:00,248.00999450683594,249.58999633789062,247.6699981689453,248.47000122070312,2599457.0,645887083.9631653
2026-03-19 19:30:00,248.44000244140625,249.3300018310547,248.2899932861328,248.90699768066406,2408615.0,599521128.2186127
2026-03-20 13:30:00,248.11000061035156,248.75999450683594,246.61000061035156,247.75999450683594,16388329.0,4060372303.01622
2026-03-20 14:30:00,247.80999755859375,248.85000610351562,247.16009521484375,247.98500061035156,6539448.0,1621685016.2713623
2026-03-20 15:30:00,247.9499969482422,249.05999755859375,247.86000061035156,248.6199951171875,2911321.0,723812612.8045654
2026-03-20 16:30:00,248.6300048828125,248.7899932861328,248.0800018310547,248.27000427246094,2570162.0,638094130.7209167
2026-03-20 17:30:00,248.2899932861328,248.75990295410156,247.5301055908203,248.0399932861328,2895312.0,718153169.0412598
2026-03-20 18:30:00,248.08999633789062,249.1999053955078,247.58999633789062,248.08999633789062,3994932.0,991102665.2501221
2026-03-20 19:30:00,248.08999633789062,248.1999969482422,246.0,248.19000244140625,6366085.0,1579998651.6921997
2026-03-23 13:30:00,253.99000549316406,254.55999755859375,251.02000427246094,252.4398956298828,9464664.0,2389258792.331909
2026-03-23 14:30:00,252.4199981689453,252.9199981689453,251.52999877929688,252.57989501953125,3394637.0,857417057.0894165
2026-03-23 15:30:00,252.58999633789062,252.90499877929688,250.6750030517578,250.80499267578125,4431092.0,1111339996.605713
2026-03-23 16:30:00,250.80999755859375,251.75,250.27999877929688,250.9199981689453,2569031.0,644621253.8159637
2026-03-23 17:30:00,250.9550018310547,251.98500061035156,250.89999389648438,251.3300018310547,2523158.0,634145304.7600403
2026-03-23 18:30:00,251.3699951171875,252.4149932861328,251.3699951171875,251.76499938964844,2979367.0,750100330.9365387
2026-03-23 19:30:00,251.76499938964844,252.52499389648438,250.97000122070312,251.44000244140625,4373303.0,1099623316.9970093
2026-03-24 13:30:00,250.49000549316406,253.1199951171875,249.5500030517578,252.47000122070312,5324672.0,1344319946.3398438
2026-03-24 14:30:00,252.44000244140625,254.1699981689453,251.74000549316406,253.98500061035156,4425199.0,1123934170.7159271
2026-03-24 15:30:00,253.97999572753906,254.8249969482422,253.38490295410156,254.58999633789062,2900185.0,738358088.5292053
2026-03-24 16:30:00,254.59689331054688,254.7100067138672,252.76499938964844,253.05999755859375,2254333.0,570481503.4762573
2026-03-24 17:30:00,253.0500030517578,253.5399932861328,252.2949981689453,252.57000732421875,2463029.0,622087252.5697632
2026-03-24 18:30:00,252.58999633789062,253.1501007080078,252.0800018310547,252.089599609375,2249663.0,567116644.9260254
2026-03-24 19:30:00,252.08990478515625,252.1300048828125,251.22000122070312,251.75,3583757.0,902210824.75
2026-03-25 13:30:00,254.02000427246094,254.97999572753906,251.60000610351562,252.86000061035156,5252200.0,1328071295.2056885
2026-03-25 14:30:00,252.8699951171875,254.2899932861328,252.60000610351562,254.2449951171875,3411621.0,867387564.4866943
2026-03-25 15:30:00,254.24000549316406,254.4600067138672,253.08999633789062,253.9250030517578,2284849.0,580180289.2978058
2026-03-25 16:30:00,254.0,254.64999389648438,253.74000549316406,254.14500427246094,2123725.0,539734099.1985321
2026-03-25 17:30:00,254.1199951171875,254.50999450683594,253.73500061035156,253.9600067138672,1763468.0,447850345.11968994
2026-03-25 18:30:00,253.9499969482422,254.05499267578125,252.25999450683594,252.625,2548509.0,643817086.125
2026-03-25 19:30:00,252.63499450683594,252.71499633789062,252.00999450683594,252.57000732421875,3058584.0,772506583.2817383
2026-03-26 13:30:00,251.9949951171875,256.239990234375,250.77499389648438,255.91000366210938,7345489.0,1879784116.8899841
2026-03-26 14:30:00,255.89999389648438,257.0,255.50999450683594,255.67999267578125,5446373.0,1392528608.7495728
2026-03-26 15:30:00,255.69000244140625,256.7699890136719,255.57000732421875,256.1000061035156,3382555.0,866272356.1454773
2026-03-26 16:30:00,256.1000061035156,256.4599914550781,254.59010314941406,254.99000549316406,3520903.0,897795075.3108978
2026-03-26 17:30:00,254.97999572753906,255.11500549316406,253.38999938964844,253.8249969482422,4260523.0,1081427237.4729156
2026-03-26 18:30:00,253.85000610351562,254.51499938964844,253.13999938964844,253.6699981689453,3242928.0,822633539.8220215
2026-03-26 19:30:00,253.67999267578125,253.72500610351562,252.02000427246094,252.8800048828125,4420545.0,1117867441.1846924
2026-03-27 13:30:00,253.91000366210938,255.4929962158203,252.7801055908203,254.47999572753906,9684416.0,2464490142.303711
2026-03-27 14:30:00,254.4600067138672,254.69000244140625,251.8000030517578,252.6199951171875,5252638.0,1326921385.9123535
2026-03-27 15:30:00,252.6199951171875,253.24000549316406,251.69000244140625,251.77999877929688,3302520.0,831508481.5686035
2026-03-27 16:30:00,251.77499389648438,252.75999450683594,250.3699951171875,250.41000366210938,3282303.0,821921506.2501526
2026-03-27 17:30:00,250.41000366210938,250.5800018310547,248.63499450683594,249.38499450683594,4579763.0,1142124170.5976105
2026-03-27 18:30:00,249.4199981689453,249.52000427246094,248.25,248.40989685058594,4113587.0,1021855722.3559113
2026-03-27 19:30:00,248.41000366210938,249.3699951171875,248.07000732421875,248.6199951171875,5252096.0,1305776081.875
2026-03-30 13:30:00,249.9949951171875,250.83999633789062,246.97000122070312,247.8300018310547,6260227.0,1551472068.872818
2026-03-30 14:30:00,247.82000732421875,248.0,246.0399932861328,246.52999877929688,4008529.0,988222649.4767761
2026-03-30 15:30:00,246.52999877929688,247.2100067138672,245.9600067138672,246.02000427246094,2817533.0,693169480.6977997
2026-03-30 16:30:00,246.00999450683594,247.44000244140625,245.9600067138672,246.25,2713501.0,668199621.25
2026-03-30 17:30:00,246.2550048828125,247.32000732421875,245.9949951171875,246.48019409179688,2877202.0,709173307.4013062
2026-03-30 18:30:00,246.50999450683594,246.8300018310547,245.8300018310547,245.88999938964844,2969148.0,730083799.9077759
2026-03-30 19:30:00,245.88999938964844,247.0399932861328,245.50999450683594,246.5399932861328,4551161.0,1122043202.3841095
2026-03-31 13:30:00,247.88999938964844,249.27000427246094,247.63999938964844,248.94009399414062,5972142.0,1486705590.826355
2026-03-31 14:30:00,248.94009399414062,249.00999450683594,247.1009979248047,248.42999267578125,3461229.0,859873095.1192017
2026-03-31 15:30:00,248.4499969482422,250.69000244140625,247.66000366210938,250.33999633789062,3436143.0,860204026.0364685
2026-03-31 16:30:00,250.3498992919922,253.92990112304688,250.17999267578125,253.22500610351562,5752049.0,1456562643.132721
2026-03-31 17:30:00,253.17999267578125,253.9600067138672,252.39999389648438,253.1300048828125,3142090.0,795357257.0422363
2026-03-31 18:30:00,253.1199951171875,254.125,253.02000427246094,253.6699981689453,3514497.0,891522447.5547638
2026-03-31 19:30:00,253.6699981689453,255.47999572753906,253.27999877929688,253.7899932861328,7002121.0,1777068241.5786896
2026-04-01 13:30:00,254.3000030517578,256.17999267578125,253.82000732421875,254.12010192871094,7295932.0,1854042983.5049438
2026-04-01 14:30:00,254.19000244140625,254.7449951171875,253.3300018310547,254.14999389648438,3965408.0,1007808418.9970703
2026-04-01 15:30:00,254.14999389648438,254.82000732421875,253.75999450683594,254.4300994873047,2571729.0,654325265.3243866
2026-04-01 16:30:00,254.44000244140625,255.39999389648438,254.22000122070312,255.14219665527344,4352734.0,1110566114.216095
2026-04-01 17:30:00,255.125,255.27999877929688,254.10000610351562,254.30999755859375,2614499.0,664893234.3069458
2026-04-01 18:30:00,254.32000732421875,255.66000366210938,253.97000122070312,255.65499877929688,3235556.0,827186065.2303467
2026-04-01 19:30:00,255.63999938964844,256.1300048828125,255.1501007080078,255.69000244140625,4782139.0,1222745132.585144
2026-04-02 13:30:00,254.13999938964844,254.75999450683594,250.64999389648438,252.125,6325362.0,1594781894.25
2026-04-02 14:30:00,252.11000061035156,255.72000122070312,251.99000549316406,255.1199951171875,3633781.0,927050190.9769287
2026-04-02 15:30:00,255.1649932861328,255.18499755859375,254.0,254.11000061035156,1582954.0,402244441.90615845
2026-04-02 16:30:00,254.1300048828125,255.4853057861328,254.07000732421875,255.3350067138672,1421651.0,362997267.629776
2026-04-02 17:30:00,255.3350067138672,255.38999938964844,254.30999755859375,255.14500427246094,1758702.0,448724029.3039856
2026-04-02 18:30:00,255.16000366210938,255.6999969482422,254.8000946044922,255.1199951171875,3309762.0,844386465.2790527
2026-04-02 19:30:00,255.10000610351562,256.1300048828125,254.8000030517578,255.88999938964844,3297591.0,843820558.9773102
2026-04-06 13:30:00,256.9624938964844,262.0199890136719,256.4800109863281,261.760009765625,6693044.0,1751971262.8017578
2026-04-06 14:30:00,261.760009765625,262.1600036621094,258.9700012207031,259.25,3953211.0,1024869951.75
2026-04-06 15:30:00,259.2301025390625,259.6300048828125,258.7099914550781,259.0400085449219,2022687.0,523956857.7637024
2026-04-06 16:30:00,259.0299987792969,259.55999755859375,257.9100036621094,258.7799987792969,2006161.0,519154341.131073
2026-04-06 17:30:00,258.7900085449219,259.3900146484375,257.8500061035156,259.2799987792969,2071173.0,537013732.9117126
2026-04-06 18:30:00,259.28009033203125,259.3699035644531,258.0199890136719,258.2499084472656,2221241.0,573635284.8893127
2026-04-06 19:30:00,258.2300109863281,259.07501220703125,258.1300048828125,258.8869934082031,2757592.0,713904701.9265137
2026-04-07 13:30:00,254.25,254.79989624023438,247.57000732421875,247.6699981689453,13859963.0,3432697010.83165
2026-04-07 14:30:00,247.6649932861328,248.19000244140625,245.6999969482422,247.82000732421875,8526234.0,2112971372.328003
2026-04-07 15:30:00,247.82000732421875,250.28990173339844,247.39999389648438,250.1699981689453,6863002.0,1716917197.773468
2026-04-07 16:30:00,250.1699981689453,253.38999938964844,249.66009521484375,251.5850067138672,8239350.0,2072896925.0679016
2026-04-07 17:30:00,251.61500549316406,252.7899932861328,251.2899932861328,251.32000732421875,3425924.0,861003244.7722168
2026-04-07 18:30:00,251.3300018310547,252.5,250.1199951171875,251.9550018310547,4257297.0,1072647273.4303436
2026-04-07 19:30:00,251.92100524902344,253.60989379882812,251.44000244140625,253.49000549316406,5898745.0,1495272902.452774
2026-04-07 20:00:00,253.5,253.5,253.5,253.5,0.0,0.0
