timestamps,open,high,low,close,volume,amount
2026-03-09 13:30:00,404.9150085449219,408.5,404.22198486328125,407.4418029785156,2001107.0,815334644.0329285
2026-03-09 13:35:00,407.489990234375,407.6199951171875,404.70001220703125,404.8900146484375,546458.0,221255387.62475586
2026-03-09 13:40:00,404.8900146484375,405.2349853515625,403.6199951171875,404.69000244140625,692457.0,280230425.02056885
2026-03-09 13:45:00,404.67999267578125,405.1499938964844,403.5,403.70001220703125,485533.0,196009678.0269165
2026-03-09 13:50:00,403.8299865722656,405.1300048828125,403.7699890136719,404.6700134277344,357674.0,144739942.38275146
2026-03-09 13:55:00,404.6400146484375,406.010009765625,404.4700012207031,405.5299987792969,448427.0,181850600.76260376
2026-03-09 14:00:00,405.45001220703125,407.46990966796875,404.989990234375,407.46990966796875,369853.0,150703968.50042725
2026-03-09 14:05:00,407.44000244140625,407.7298889160156,404.8999938964844,405.8099060058594,326061.0,132318783.76217651
2026-03-09 14:10:00,405.7300109863281,406.25,404.2449951171875,405.05450439453125,352306.0,142703132.22521973
2026-03-09 14:15:00,405.08990478515625,405.5899963378906,404.0400085449219,404.8399963378906,358895.0,145295050.48568726
2026-03-09 14:20:00,404.75,405.989990234375,404.3999938964844,405.6600036621094,317428.0,128767843.64245605
2026-03-09 14:25:00,405.6698913574219,406.3599853515625,404.7900085449219,405.07000732421875,257303.0,104225728.09454346
2026-03-09 14:30:00,405.05499267578125,406.0,404.6300048828125,405.4949951171875,386084.0,156555129.69482422
2026-03-09 14:35:00,405.55999755859375,406.8500061035156,405.04998779296875,406.4200134277344,286241.0,116334071.06356812
2026-03-09 14:40:00,406.4049987792969,406.6600036621094,405.6000061035156,406.6549987792969,199863.0,81275288.02102661
2026-03-09 14:45:00,406.70001220703125,407.82000732421875,406.5199890136719,407.7349853515625,332403.0,135532332.33581543
2026-03-09 14:50:00,407.79998779296875,408.4399108886719,407.45001220703125,408.4200134277344,308430.0,125968984.74151611
2026-03-09 14:55:00,408.4125061035156,408.6400146484375,407.2900085449219,407.4949951171875,297001.0,121026421.0447998
2026-03-09 15:00:00,407.57000732421875,407.93231201171875,407.2699890136719,407.4750061035156,321913.0,131171501.63980103
2026-03-09 15:05:00,407.4800109863281,407.760009765625,406.9649963378906,407.0199890136719,360987.0,146928924.77407837
2026-03-09 15:10:00,406.989990234375,408.32000732421875,406.69000244140625,408.30999755859375,388772.0,158739494.3708496
2026-03-09 15:15:00,408.3399963378906,409.1499938964844,408.0299987792969,408.375,371795.0,151831783.125
2026-03-09 15:20:00,408.3900146484375,409.1700134277344,408.1499938964844,408.70001220703125,208477.0,85204552.44488525
2026-03-09 15:25:00,408.69500732421875,408.8999938964844,408.25,408.5574951171875,208022.0,84988947.24926758
2026-03-09 15:30:00,408.56500244140625,409.0448913574219,408.19000244140625,408.3699951171875,238210.0,97277816.53686523
2026-03-09 15:35:00,408.375,408.8399963378906,408.07000732421875,408.44000244140625,239398.0,97779719.70446777
2026-03-09 15:40:00,408.4100036621094,408.92999267578125,408.2200012207031,408.6549987792969,218160.0,89152174.5336914
2026-03-09 15:45:00,408.6499938964844,408.9599914550781,408.2900085449219,408.3399963378906,245486.0,100241752.34100342
2026-03-09 15:50:00,408.3450012207031,408.40008544921875,407.7799987792969,408.3399963378906,249236.0,101773027.32727051
2026-03-09 15:55:00,408.32000732421875,408.4800109863281,407.9100036621094,408.1400146484375,238820.0,97471998.29833984
2026-03-09 16:00:00,408.1600036621094,408.6499938964844,407.8999938964844,408.29998779296875,282000.0,115140596.55761719
2026-03-09 16:05:00,408.2900085449219,408.6000061035156,408.04998779296875,408.17999267578125,168415.0,68743633.4664917
2026-03-09 16:10:00,408.17999267578125,408.2799987792969,407.5,407.6449890136719,283549.0,115587328.98983765
2026-03-09 16:15:00,407.6401062011719,408.0899963378906,407.4820861816406,407.7900085449219,117923.0,48087821.17764282
2026-03-09 16:20:00,407.8299865722656,407.95001220703125,407.1000061035156,407.3999938964844,240045.0,97794331.53488159
2026-03-09 16:25:00,407.4089050292969,408.25,406.80999755859375,406.88238525390625,232430.0,94571672.80456543
2026-03-09 16:30:00,406.94000244140625,407.0799865722656,406.0,406.9324951171875,335251.0,136424525.92053223
2026-03-09 16:35:00,406.87200927734375,407.29998779296875,406.7699890136719,407.2200012207031,178390.0,72643976.01776123
2026-03-09 16:40:00,407.20001220703125,407.79998779296875,407.1401062011719,407.2799987792969,175910.0,71644624.58526611
2026-03-09 16:45:00,407.2699890136719,407.59991455078125,407.0899963378906,407.2049865722656,171877.0,69989171.4770813
2026-03-09 16:50:00,407.1950988769531,407.32000732421875,406.8800048828125,407.1000061035156,134663.0,54821308.121917725
2026-03-09 16:55:00,407.1099853515625,407.79998779296875,407.0299987792969,407.13800048828125,157056.0,63943465.8046875
2026-03-09 17:00:00,407.17999267578125,407.20550537109375,406.510009765625,406.894287109375,137487.0,55942674.85180664
2026-03-09 17:05:00,406.8500061035156,407.1600036621094,406.625,407.0299987792969,112266.0,45695629.84295654
2026-03-09 17:10:00,407.0199890136719,407.1783142089844,406.70001220703125,406.95001220703125,93300.0,37968436.138916016
2026-03-09 17:15:00,406.8800048828125,407.04998779296875,406.0199890136719,406.1199951171875,134599.0,54663345.22277832
2026-03-09 17:20:00,406.0950012207031,406.1050109863281,405.54998779296875,405.6499938964844,187229.0,75949442.70724487
2026-03-09 17:25:00,405.6449890136719,405.6700134277344,405.04998779296875,405.17498779296875,183802.0,74471973.10632324
2026-03-09 17:30:00,405.1300048828125,405.2900085449219,404.94500732421875,405.0899963378906,191824.0,77705983.45751953
2026-03-09 17:35:00,405.0799865722656,405.3399963378906,404.9200134277344,405.04998779296875,133293.0,53990328.02288818
2026-03-09 17:40:00,405.0350036621094,405.1700134277344,404.45001220703125,404.760009765625,249958.0,101173002.5209961
2026-03-09 17:45:00,404.75,405.31988525390625,404.75,404.9125061035156,151115.0,61188353.35983276
2026-03-09 17:50:00,404.8900146484375,405.3299865722656,404.625,405.29998779296875,276105.0,111905353.12957764
2026-03-09 17:55:00,405.29998779296875,405.3500061035156,404.7799987792969,404.8599853515625,122114.0,49439072.2512207
2026-03-09 18:00:00,404.8900146484375,405.489990234375,404.8800048828125,405.2099914550781,239700.0,97128834.95178223
2026-03-09 18:05:00,405.2099914550781,405.489990234375,404.6499938964844,404.75,171979.0,69608500.25
2026-03-09 18:10:00,404.75,405.260009765625,404.6499938964844,405.06390380859375,165034.0,66849316.30114746
2026-03-09 18:15:00,405.05999755859375,405.3599853515625,404.91009521484375,405.2322082519531,204521.0,82878496.4638977
2026-03-09 18:20:00,405.239990234375,405.3999938964844,404.7300109863281,405.20001220703125,166066.0,67289945.22717285
2026-03-09 18:25:00,405.20001220703125,405.2799987792969,404.760009765625,405.010009765625,164197.0,66501428.57348633
2026-03-09 18:30:00,404.9700012207031,406.0,404.94500732421875,405.9599914550781,175754.0,71349092.3381958
2026-03-09 18:35:00,405.9200134277344,405.94000244140625,405.2699890136719,405.465087890625,557261.0,225949880.34301758
2026-03-09 18:40:00,405.4649963378906,405.5199890136719,405.2349853515625,405.32000732421875,137213.0,55615174.16497803
2026-03-09 18:45:00,405.29998779296875,405.6700134277344,405.2799987792969,405.510009765625,151713.0,61521140.111572266
2026-03-09 18:50:00,405.4599914550781,405.6000061035156,405.2099914550781,405.5159912109375,114741.0,46529310.34753418
2026-03-09 18:55:00,405.5199890136719,405.5199890136719,404.8299865722656,404.95001220703125,130344.0,52782804.39111328
2026-03-09 19:00:00,404.9800109863281,405.17999267578125,404.7300109863281,404.82501220703125,136013.0,55061464.38531494
2026-03-09 19:05:00,404.79998779296875,404.98980712890625,404.3999938964844,404.965087890625,177627.0,71932733.66674805
2026-03-09 19:10:00,404.9400939941406,405.1499938964844,404.6300048828125,404.9200134277344,150895.0,61100405.42617798
2026-03-09 19:15:00,404.8900146484375,406.6400146484375,404.67999267578125,406.510009765625,315868.0,128403503.76464844
2026-03-09 19:20:00,406.5199890136719,407.75,406.25,406.8450012207031,368466.0,149908550.2197876
2026-03-09 19:25:00,406.8450012207031,407.927001953125,406.4649963378906,407.8900146484375,270062.0,110155593.13598633
2026-03-09 19:30:00,407.885009765625,408.8399963378906,406.8699951171875,408.79998779296875,310655.0,126995760.2078247
2026-03-09 19:35:00,408.7749938964844,409.6300048828125,408.04998779296875,409.53900146484375,303591.0,124332354.99371338
2026-03-09 19:40:00,409.54998779296875,409.54998779296875,408.07000732421875,408.70001220703125,334340.0,136644762.08129883
2026-03-09 19:45:00,408.7300109863281,409.29998779296875,408.5,408.81500244140625,210538.0,86071092.98400879
2026-03-09 19:50:00,408.9100036621094,409.79998779296875,408.7300109863281,409.1000061035156,452622.0,185167662.96258545
2026-03-09 19:55:00,409.1099853515625,410.2099914550781,409.0400085449219,409.45001220703125,1637886.0,670632442.6937256
2026-03-10 13:30:00,410.0299987792969,410.20001220703125,407.04998779296875,407.62689208984375,1625316.0,662522509.7438965
2026-03-10 13:35:00,407.6700134277344,407.75,406.1400146484375,406.17999267578125,547866.0,222532207.86730957
2026-03-10 13:40:00,406.1499938964844,406.25,404.2449951171875,406.03961181640625,847628.0,344170544.0847168
2026-03-10 13:45:00,406.0,406.5199890136719,404.5400085449219,405.5899963378906,513019.0,208075374.3312683
2026-03-10 13:50:00,405.5429992675781,406.2699890136719,405.0299987792969,405.8599853515625,362430.0,147095834.4909668
2026-03-10 13:55:00,405.8800048828125,406.2099914550781,404.80999755859375,404.8900146484375,252670.0,102303560.0012207
2026-03-10 14:00:00,404.8999938964844,404.92999267578125,403.67999267578125,404.55999755859375,547764.0,221603402.50268555
2026-03-10 14:05:00,404.5400085449219,404.8800048828125,403.0,403.25,481403.0,194125759.75
2026-03-10 14:10:00,403.25,404.2300109863281,403.0199890136719,404.1199951171875,444422.0,179599816.4699707
2026-03-10 14:15:00,404.0899963378906,404.29998779296875,403.3800048828125,403.7200012207031,443454.0,179031249.42132568
2026-03-10 14:20:00,403.6700134277344,404.2699890136719,402.94000244140625,403.37939453125,535419.0,215976992.04052734
2026-03-10 14:25:00,403.3789978027344,404.70001220703125,403.19000244140625,404.4100036621094,479822.0,194044816.77716064
2026-03-10 14:30:00,404.42999267578125,405.0882873535156,404.0299987792969,404.9599914550781,375486.0,152056807.35150146
2026-03-10 14:35:00,404.9599914550781,405.739990234375,404.5603942871094,405.6700134277344,378454.0,153527439.2617798
2026-03-10 14:40:00,405.67449951171875,406.1000061035156,405.03009033203125,405.6044921875,375191.0,152179155.0283203
2026-03-10 14:45:00,405.6300048828125,405.8399963378906,405.2203063964844,405.6778869628906,265289.0,107621880.95449829
2026-03-10 14:50:00,405.7200012207031,405.95989990234375,405.5199890136719,405.7099914550781,235524.0,95554440.02746582
2026-03-10 14:55:00,405.7200012207031,406.19000244140625,405.6437072753906,406.04998779296875,241679.0,98133754.9998169
2026-03-10 15:00:00,406.05499267578125,406.6300048828125,405.8599853515625,406.260009765625,330353.0,134209213.00610352
2026-03-10 15:05:00,406.2799987792969,406.29998779296875,405.1000061035156,405.1199951171875,307262.0,124477979.93969727
2026-03-10 15:10:00,405.1300048828125,405.8599853515625,404.92999267578125,405.739990234375,347416.0,140960564.44726562
2026-03-10 15:15:00,405.7598876953125,406.6199951171875,405.54998779296875,406.56500244140625,270682.0,110049827.99084473
2026-03-10 15:20:00,406.5199890136719,406.6600036621094,405.9778137207031,406.135009765625,216273.0,87836036.96704102
2026-03-10 15:25:00,406.1700134277344,406.3599853515625,405.8699951171875,406.05999755859375,197273.0,80104673.89837646
2026-03-10 15:30:00,406.04998779296875,406.05999755859375,405.42999267578125,405.67999267578125,193593.0,78536806.82208252
2026-03-10 15:35:00,405.69000244140625,406.0899963378906,405.20001220703125,406.0899963378906,190554.0,77382073.16217041
2026-03-10 15:40:00,406.1199951171875,406.8699951171875,405.8844909667969,406.2799987792969,346087.0,140608225.93753052
2026-03-10 15:45:00,406.2900085449219,406.7200012207031,405.95001220703125,406.05999755859375,196552.0,79811904.64013672
2026-03-10 15:50:00,406.0899963378906,406.31988525390625,405.90008544921875,406.1099853515625,176733.0,71773036.0411377
2026-03-10 15:55:00,406.1099853515625,406.7099914550781,406.010009765625,406.5215148925781,268326.0,109080292.00506592
2026-03-10 16:00:00,406.5249938964844,406.7699890136719,406.260009765625,406.4549865722656,173315.0,70444745.99777222
2026-03-10 16:05:00,406.4599914550781,406.4739990234375,405.3999938964844,405.6700134277344,258285.0,104778479.41818237
2026-03-10 16:10:00,405.6650085449219,405.9800109863281,405.20001220703125,405.80999755859375,216508.0,87861110.95141602
2026-03-10 16:15:00,405.80999755859375,406.260009765625,405.6099853515625,406.114990234375,228289.0,92711585.00561523
2026-03-10 16:20:00,406.1199951171875,406.5784912109375,405.57000732421875,406.526611328125,265087.0,107764919.81713867
2026-03-10 16:25:00,406.5199890136719,407.3800048828125,406.4750061035156,407.260009765625,294532.0,119951105.19628906
2026-03-10 16:30:00,407.29998779296875,407.8500061035156,407.1400146484375,407.6400146484375,276198.0,112589356.76586914
2026-03-10 16:35:00,407.6000061035156,407.94000244140625,407.4049987792969,407.82000732421875,230948.0,94185215.05151367
2026-03-10 16:40:00,407.82000732421875,407.8699951171875,407.3999938964844,407.6000061035156,215044.0,87651935.71252441
2026-03-10 16:45:00,407.6000061035156,407.6600036621094,406.2799987792969,406.4599914550781,210050.0,85376921.20513916
2026-03-10 16:50:00,406.489990234375,407.0799865722656,406.29998779296875,406.8299865722656,151271.0,61541578.89877319
2026-03-10 16:55:00,406.8500061035156,406.8599853515625,406.0,406.0472106933594,160501.0,65170983.36349487
2026-03-10 17:00:00,406.0299987792969,406.57989501953125,405.8399963378906,406.3999938964844,226880.0,92204030.61523438
2026-03-10 17:05:00,406.42498779296875,406.6300048828125,406.1099853515625,406.4700012207031,163434.0,66431018.179504395
2026-03-10 17:10:00,406.4599914550781,406.54998779296875,405.8399963378906,406.0199890136719,161988.0,65770365.98034668
2026-03-10 17:15:00,406.0199890136719,406.69000244140625,405.9200134277344,406.60150146484375,264263.0,107449732.581604
2026-03-10 17:20:00,406.6300048828125,406.6600036621094,406.04998779296875,406.260009765625,172246.0,69976661.64208984
2026-03-10 17:25:00,406.32000732421875,406.55999755859375,406.05999755859375,406.3800048828125,143080.0,58144851.09863281
2026-03-10 17:30:00,406.364990234375,406.3699951171875,405.29998779296875,405.3699951171875,225376.0,91360668.01953125
2026-03-10 17:35:00,405.4100036621094,405.49700927734375,404.6099853515625,405.0899963378906,263474.0,106730681.6951294
2026-03-10 17:40:00,405.05999755859375,405.57000732421875,404.9801025390625,405.29998779296875,303027.0,122816839.40093994
2026-03-10 17:45:00,405.30499267578125,405.80999755859375,405.239990234375,405.4200134277344,220375.0,89344435.45913696
2026-03-10 17:50:00,405.5,405.9599914550781,405.30999755859375,405.8500061035156,179712.0,72936116.296875
2026-03-10 17:55:00,405.8599853515625,406.1153869628906,405.6499938964844,405.8500061035156,151672.0,61556082.12573242
2026-03-10 18:00:00,405.8550109863281,406.1300048828125,405.5350036621094,406.0199890136719,186556.0,75745465.07043457
2026-03-10 18:05:00,406.0400085449219,406.1300048828125,405.55999755859375,405.67999267578125,191949.0,77869868.91412354
2026-03-10 18:10:00,405.6549987792969,406.1499938964844,404.3800048828125,404.4493103027344,289078.0,116917397.72369385
2026-03-10 18:15:00,404.45001220703125,405.1300048828125,404.1400146484375,404.3599853515625,313775.0,126878054.40368652
2026-03-10 18:20:00,404.3299865722656,405.4100036621094,404.1499938964844,405.0273132324219,275483.0,111578139.33120728
2026-03-10 18:25:00,405.07000732421875,405.92999267578125,404.9501037597656,405.6600036621094,213439.0,86583665.52163696
2026-03-10 18:30:00,405.6400146484375,405.9599914550781,405.05999755859375,405.2049865722656,217478.0,88123170.06976318
2026-03-10 18:35:00,405.20001220703125,405.54998779296875,404.6300964355469,404.864990234375,441468.0,178734937.50878906
2026-03-10 18:40:00,404.8550109863281,405.25,404.57501220703125,404.6806945800781,234820.0,95027120.70129395
2026-03-10 18:45:00,404.67498779296875,405.0,404.5,404.6400146484375,244305.0,98855578.77868652
2026-03-10 18:50:00,404.6199951171875,405.1050109863281,404.5,404.7099914550781,185899.0,75235182.70150757
2026-03-10 18:55:00,404.79998779296875,405.0199890136719,404.2749938964844,404.5899963378906,231387.0,93616865.4826355
2026-03-10 19:00:00,404.5950012207031,404.6400146484375,403.8900146484375,404.0849914550781,368064.0,148729138.29492188
2026-03-10 19:05:00,404.0799865722656,404.6960144042969,404.0799865722656,404.4599914550781,227478.0,92005749.93621826
2026-03-10 19:10:00,404.45001220703125,404.70001220703125,404.16009521484375,404.6600036621094,189095.0,76519183.39248657
2026-03-10 19:15:00,404.6600036621094,404.697509765625,404.2799987792969,404.4800109863281,310800.0,125712387.41455078
2026-03-10 19:20:00,404.4649963378906,404.8699035644531,403.8800048828125,404.57000732421875,257937.0,104353573.97918701
2026-03-10 19:25:00,404.54998779296875,405.1499938964844,404.20001220703125,404.7001037597656,244852.0,99091629.80578613
2026-03-10 19:30:00,404.70001220703125,404.868896484375,404.29998779296875,404.59991455078125,237070.0,95918501.74255371
2026-03-10 19:35:00,404.55010986328125,404.7699890136719,404.33380126953125,404.5400085449219,279205.0,112949593.08578491
2026-03-10 19:40:00,404.55999755859375,405.0899963378906,404.260009765625,404.80999755859375,290877.0,117749917.65985107
2026-03-10 19:45:00,404.79998779296875,405.1300048828125,404.55999755859375,404.8599853515625,287812.0,116523562.1040039
2026-03-10 19:50:00,404.8699951171875,405.50750732421875,404.3900146484375,405.3299865722656,570932.0,231415859.89367676
2026-03-10 19:55:00,405.3299865722656,405.95001220703125,405.3299865722656,405.760009765625,1149510.0,466425188.8256836
2026-03-11 13:30:00,405.8399963378906,408.489990234375,405.760009765625,407.32501220703125,2454954.0,999964168.0177002
2026-03-11 13:35:00,407.32000732421875,409.010009765625,407.29998779296875,407.5450134277344,544542.0,221925376.70196533
2026-03-11 13:40:00,407.5675048828125,409.0,407.2200012207031,407.739990234375,364281.0,148531931.38256836
2026-03-11 13:45:00,407.55999755859375,408.4800109863281,407.1300048828125,407.2250061035156,279509.0,113823054.23098755
2026-03-11 13:50:00,407.2200012207031,407.3185119628906,406.3999938964844,406.6300048828125,245874.0,99979745.82055664
2026-03-11 13:55:00,406.6300048828125,407.2799987792969,406.2200012207031,407.2799072265625,265999.0,108336048.0423584
2026-03-11 14:00:00,407.2799987792969,408.32989501953125,406.989990234375,407.3450012207031,352450.0,143568745.68023682
2026-03-11 14:05:00,407.3450012207031,407.9700012207031,406.6400146484375,406.7991027832031,286740.0,116645574.73205566
2026-03-11 14:10:00,406.7799987792969,407.1799011230469,405.8500061035156,406.05999755859375,321831.0,130682695.07427979
2026-03-11 14:15:00,406.1383056640625,406.32000732421875,405.29998779296875,405.4100036621094,256621.0,104036720.54977417
2026-03-11 14:20:00,405.3999938964844,405.4599914550781,404.29998779296875,404.3699951171875,357815.0,144689649.80285645
2026-03-11 14:25:00,404.3900146484375,404.5799865722656,403.30499267578125,404.45001220703125,380950.0,154075232.15026855
2026-03-11 14:30:00,404.45001220703125,404.96990966796875,403.2449951171875,403.69500732421875,392177.0,158319896.88739014
2026-03-11 14:35:00,403.6700134277344,404.6000061035156,403.6600036621094,404.010009765625,232012.0,93735170.38574219
2026-03-11 14:40:00,404.0249938964844,405.0,403.7749938964844,404.7296142578125,279918.0,113291104.16381836
2026-03-11 14:45:00,404.6673889160156,404.70001220703125,403.739990234375,404.16009521484375,233750.0,94472422.25646973
2026-03-11 14:50:00,404.18499755859375,404.5,404.0400085449219,404.31500244140625,194484.0,78632798.93481445
2026-03-11 14:55:00,404.32000732421875,404.57501220703125,403.8299865722656,404.260009765625,245632.0,99299194.71875
2026-03-11 15:00:00,404.29998779296875,404.6000061035156,403.6000061035156,404.1099853515625,737098.0,297868661.982666
2026-03-11 15:05:00,404.07000732421875,404.139892578125,403.239990234375,403.32000732421875,244183.0,98483889.3484497
2026-03-11 15:10:00,403.30999755859375,403.42999267578125,401.5899963378906,401.9599914550781,532868.0,214191616.72668457
2026-03-11 15:15:00,401.9599914550781,402.54998779296875,401.6400146484375,402.4849853515625,214907.0,86496840.74694824
2026-03-11 15:20:00,402.5,403.2149963378906,402.4100036621094,403.1000061035156,250871.0,101126101.63119507
2026-03-11 15:25:00,403.17999267578125,403.45001220703125,402.7300109863281,402.7300109863281,235724.0,94933129.10974121
2026-03-11 15:30:00,402.8399963378906,403.4599914550781,402.3399963378906,403.30999755859375,347324.0,140079241.59204102
2026-03-11 15:35:00,403.3699951171875,403.614990234375,402.5,402.7699890136719,189527.0,76335787.70779419
2026-03-11 15:40:00,402.79998779296875,403.20001220703125,402.5899963378906,402.67999267578125,247378.0,99614171.22814941
2026-03-11 15:45:00,402.7099914550781,402.989990234375,402.1400146484375,402.5899963378906,186652.0,75144227.99645996
2026-03-11 15:50:00,402.6099853515625,403.4399108886719,402.6000061035156,403.3299865722656,166780.0,67267375.16052246
2026-03-11 15:55:00,403.32000732421875,403.4549865722656,402.9100036621094,403.0799865722656,173278.0,69844893.91326904
2026-03-11 16:00:00,403.05499267578125,403.07000732421875,402.0873107910156,402.0950012207031,257440.0,103515337.11425781
2026-03-11 16:05:00,402.05999755859375,402.82501220703125,401.8800048828125,402.5899963378906,129576.0,52166001.365478516
2026-03-11 16:10:00,402.6105041503906,403.20001220703125,402.3999938964844,403.1600036621094,138808.0,55961833.78833008
2026-03-11 16:15:00,403.19000244140625,403.29998779296875,402.6400146484375,402.6600036621094,120677.0,48591801.26193237
2026-03-11 16:20:00,402.6600036621094,403.131591796875,402.4599914550781,403.0899963378906,128942.0,51975230.30780029
2026-03-11 16:25:00,403.07000732421875,403.3299865722656,402.80999755859375,403.2799987792969,145447.0,58655865.98245239
2026-03-11 16:30:00,403.25,403.8399963378906,403.25,403.5899963378906,164134.0,66242840.45892334
2026-03-11 16:35:00,403.5799865722656,403.7300109863281,403.17999267578125,403.3800048828125,129299.0,52156631.25134277
2026-03-11 16:40:00,403.3299865722656,403.75,403.25,403.3399963378906,94235.0,38008744.55490112
2026-03-11 16:45:00,403.3399963378906,403.75,403.0,403.3450012207031,123334.0,49746152.3805542
2026-03-11 16:50:00,403.3500061035156,403.79998779296875,403.30999755859375,403.7601013183594,153367.0,61923475.45889282
2026-03-11 16:55:00,403.70941162109375,403.9800109863281,403.65008544921875,403.760009765625,96911.0,39128786.306396484
2026-03-11 17:00:00,403.75,404.1549987792969,403.70599365234375,403.9100036621094,125705.0,50773507.01034546
2026-03-11 17:05:00,403.9100036621094,404.17999267578125,403.8599853515625,404.1050109863281,127748.0,51623606.943481445
2026-03-11 17:10:00,404.1199951171875,404.1199951171875,403.6499938964844,404.0,110162.0,44505448.0
2026-03-11 17:15:00,404.0400085449219,404.1098937988281,403.55999755859375,403.6400146484375,84195.0,33984471.033325195
2026-03-11 17:20:00,403.6650085449219,404.25,403.5799865722656,404.2250061035156,87569.0,35397579.55947876
2026-03-11 17:25:00,404.2300109863281,404.4849853515625,404.135009765625,404.25,100004.0,40426617.0
2026-03-11 17:30:00,404.239990234375,404.3854064941406,403.95001220703125,404.19000244140625,98000.0,39610620.23925781
2026-03-11 17:35:00,404.2200012207031,404.3999938964844,402.0849914550781,402.7449951171875,392414.0,158042774.51391602
2026-03-11 17:40:00,402.80999755859375,403.05999755859375,402.3999938964844,402.8301086425781,140452.0,56578294.41906738
2026-03-11 17:45:00,402.8599853515625,403.385009765625,402.6700134277344,403.385009765625,122376.0,49364643.955078125
2026-03-11 17:50:00,403.4200134277344,404.0,403.4200134277344,403.510009765625,109557.0,44207346.13989258
2026-03-11 17:55:00,403.4700012207031,403.69000244140625,403.1499938964844,403.55999755859375,104566.0,42198654.704711914
2026-03-11 18:00:00,403.5249938964844,403.7699890136719,403.2799987792969,403.6300048828125,108956.0,43977910.81201172
2026-03-11 18:05:00,403.6199951171875,403.7699890136719,402.9775085449219,403.010009765625,90762.0,36577994.506347656
2026-03-11 18:10:00,403.04998779296875,403.5299987792969,402.80999755859375,403.4599914550781,176977.0,71403138.90774536
2026-03-11 18:15:00,403.4750061035156,403.79998779296875,403.2300109863281,403.510009765625,124652.0,50298329.73730469
2026-03-11 18:20:00,403.5299987792969,403.8500061035156,403.3999938964844,403.6199951171875,107254.0,43289858.95629883
2026-03-11 18:25:00,403.6499938964844,403.8999938964844,403.45001220703125,403.635009765625,104944.0,42359072.46484375
2026-03-11 18:30:00,403.6496887207031,404.0599060058594,403.6200866699219,404.04998779296875,123197.0,49777746.34613037
2026-03-11 18:35:00,404.0299987792969,404.114990234375,403.739990234375,403.7699890136719,117466.0,47429245.52947998
2026-03-11 18:40:00,403.78009033203125,403.8399963378906,403.53350830078125,403.6400146484375,93633.0,37794025.49157715
2026-03-11 18:45:00,403.6449890136719,403.7099914550781,403.2699890136719,403.3800048828125,83398.0,33641085.6472168
2026-03-11 18:50:00,403.4100036621094,404.1499938964844,403.4100036621094,404.0400085449219,105171.0,42493291.73867798
2026-03-11 18:55:00,404.1000061035156,404.3900146484375,404.07000732421875,404.3349914550781,205677.0,83162408.0375061
2026-03-11 19:00:00,404.3351135253906,404.5,403.7300109863281,403.8450012207031,157050.0,63423857.441711426
2026-03-11 19:05:00,403.8450012207031,404.24920654296875,403.7699890136719,404.0199890136719,126319.0,51035400.99221802
2026-03-11 19:10:00,404.04998779296875,404.0899963378906,403.6700134277344,403.739990234375,116124.0,46883902.62597656
2026-03-11 19:15:00,403.7200012207031,403.8800048828125,403.57000732421875,403.81988525390625,155381.0,62745937.59063721
2026-03-11 19:20:00,403.7900085449219,403.9049987792969,403.3450012207031,403.6300048828125,165928.0,66973519.45019531
2026-03-11 19:25:00,403.614990234375,403.8900146484375,403.5799865722656,403.79998779296875,144314.0,58273991.43835449
2026-03-11 19:30:00,403.82501220703125,404.3999938964844,403.75,404.3599853515625,174899.0,70722157.07800293
2026-03-11 19:35:00,404.3800048828125,404.4800109863281,404.0899963378906,404.260009765625,136241.0,55076787.990478516
2026-03-11 19:40:00,404.260009765625,404.5,404.1700134277344,404.4150085449219,173262.0,70069753.21051025
2026-03-11 19:45:00,404.4150085449219,404.54998779296875,404.1499938964844,404.2699890136719,276328.0,111711117.52416992
2026-03-11 19:50:00,404.32000732421875,404.7799987792969,404.0899963378906,404.70001220703125,323859.0,131065741.25335693
2026-03-11 19:55:00,404.7099914550781,405.1549987792969,404.6199951171875,404.82000732421875,1026552.0,415568788.1586914
2026-03-12 13:30:00,404.8399963378906,405.7699890136719,403.85009765625,404.4649963378906,1575166.0,637099510.4215698
2026-03-12 13:35:00,404.4200134277344,404.8299865722656,403.9100036621094,404.6499938964844,388635.0,157261150.3779602
2026-03-12 13:40:00,404.6466979980469,405.1400146484375,404.0899963378906,404.4200134277344,338037.0,136708928.07907104
2026-03-12 13:45:00,404.4200134277344,404.635009765625,403.0299987792969,404.2749938964844,372167.0,150457811.6534729
2026-03-12 13:50:00,404.31500244140625,404.7300109863281,402.5299987792969,402.55999755859375,289159.0,116403846.33404541
2026-03-12 13:55:00,402.5299987792969,403.0799865722656,401.81500244140625,402.7099914550781,276387.0,111303806.40829468
2026-03-12 14:00:00,402.70001220703125,403.7598876953125,402.6700134277344,403.1449890136719,297944.0,120114630.60668945
2026-03-12 14:05:00,403.0899963378906,403.8399963378906,402.6000061035156,403.31500244140625,434465.0,175226252.53570557
2026-03-12 14:10:00,403.3399963378906,404.54998779296875,403.2799987792969,404.3800048828125,300433.0,121489098.00695801
2026-03-12 14:15:00,404.4100036621094,404.6600036621094,403.15008544921875,403.67999267578125,214342.0,86525576.9901123
2026-03-12 14:20:00,403.6000061035156,404.276611328125,403.2799987792969,404.1706848144531,193941.0,78385266.78359985
2026-03-12 14:25:00,404.29998779296875,404.6000061035156,403.5199890136719,403.5199890136719,203090.0,81950874.56878662
2026-03-12 14:30:00,403.4849853515625,403.760009765625,402.8299865722656,403.42498779296875,317962.0,128273815.96862793
2026-03-12 14:35:00,403.4100036621094,403.864990234375,402.92999267578125,403.4549865722656,285581.0,115219078.52029419
2026-03-12 14:40:00,403.4599914550781,404.7300109863281,403.1499938964844,404.7099914550781,241832.0,97871826.65356445
2026-03-12 14:45:00,404.69500732421875,405.80999755859375,404.5,404.95001220703125,301772.0,122202575.08374023
2026-03-12 14:50:00,404.95001220703125,405.67999267578125,404.55999755859375,405.510009765625,298654.0,121107186.45654297
2026-03-12 14:55:00,405.5400085449219,405.70001220703125,404.8999938964844,405.1050109863281,207983.0,84254955.49996948
2026-03-12 15:00:00,405.1199951171875,405.4800109863281,404.07000732421875,404.260009765625,246240.0,99544984.8046875
2026-03-12 15:05:00,404.2699890136719,404.5249938964844,403.9612121582031,403.9800109863281,259056.0,104653445.72607422
2026-03-12 15:10:00,403.9700012207031,404.135009765625,402.7300109863281,403.0198974609375,259125.0,104432530.92956543
2026-03-12 15:15:00,402.9849853515625,403.3500061035156,402.4132080078125,403.239990234375,274213.0,110573647.44213867
2026-03-12 15:20:00,403.19000244140625,404.0899963378906,403.1600036621094,403.5199890136719,270370.0,109099699.42962646
2026-03-12 15:25:00,403.5,404.010009765625,403.3999938964844,403.6499938964844,274203.0,110682039.2763977
2026-03-12 15:30:00,403.6400146484375,403.989990234375,403.3800048828125,403.6099853515625,143620.0,57966466.096191406
2026-03-12 15:35:00,403.6199951171875,404.3299865722656,402.91009521484375,404.25,211067.0,85323834.75
2026-03-12 15:40:00,404.2699890136719,404.3500061035156,403.5199890136719,403.9100036621094,227192.0,91765121.55200195
2026-03-12 15:45:00,403.9100036621094,403.9800109863281,402.8800964355469,403.510009765625,191202.0,77151920.88720703
2026-03-12 15:50:00,403.5148010253906,404.13409423828125,403.3599853515625,404.010009765625,109780.0,44352218.87207031
2026-03-12 15:55:00,403.9800109863281,404.1199951171875,403.67999267578125,403.875,111440.0,45007830.0
2026-03-12 16:00:00,403.875,404.0299987792969,403.4100036621094,403.9649963378906,138827.0,56081248.54660034
2026-03-12 16:05:00,403.9649963378906,404.239990234375,402.70001220703125,402.92999267578125,224648.0,90517416.9946289
2026-03-12 16:10:00,402.94500732421875,403.8999938964844,402.67999267578125,403.7799987792969,191806.0,77447426.44586182
2026-03-12 16:15:00,403.8800048828125,404.3392028808594,403.79998779296875,404.32501220703125,228295.0,92305378.6618042
2026-03-12 16:20:00,404.3399963378906,405.2499084472656,404.2799987792969,405.0,386872.0,156683160.0
2026-03-12 16:25:00,405.0,405.1499938964844,404.54998779296875,404.9150085449219,411005.0,166422093.08700562
2026-03-12 16:30:00,404.8599853515625,405.79998779296875,404.5801086425781,405.489990234375,288315.0,116908846.53442383
2026-03-12 16:35:00,405.4800109863281,406.07501220703125,405.17999267578125,405.9949951171875,206010.0,83639028.9440918
2026-03-12 16:40:00,405.9800109863281,406.0199890136719,404.989990234375,405.2298889160156,311616.0,126276117.06445312
2026-03-12 16:45:00,405.20001220703125,405.45001220703125,404.1050109863281,405.1050109863281,211310.0,85602739.871521
2026-03-12 16:50:00,405.08050537109375,405.29998779296875,404.54998779296875,404.8399963378906,218688.0,88533649.11914062
2026-03-12 16:55:00,404.82000732421875,405.0899963378906,404.6000061035156,405.0,218709.0,88577145.0
2026-03-12 17:00:00,404.9949951171875,405.95989990234375,404.8999938964844,405.8800048828125,237439.0,96371742.47937012
2026-03-12 17:05:00,405.8699951171875,406.1199951171875,405.07000732421875,405.1099853515625,198466.0,80400558.3527832
2026-03-12 17:10:00,405.1199951171875,405.3349914550781,404.8500061035156,404.9017028808594,350477.0,141908734.12057495
2026-03-12 17:15:00,404.8999938964844,405.114990234375,404.1400146484375,404.17999267578125,392890.0,158798277.3223877
2026-03-12 17:20:00,404.2200012207031,404.8900146484375,404.0899963378906,404.489990234375,154183.0,62365480.16430664
2026-03-12 17:25:00,404.5199890136719,404.739990234375,404.04998779296875,404.32000732421875,168032.0,67938699.47070312
2026-03-12 17:30:00,404.3500061035156,404.80999755859375,404.32000732421875,404.5799865722656,135307.0,54742504.243133545
2026-03-12 17:35:00,404.5799865722656,404.8500061035156,404.260009765625,404.6050109863281,111875.0,45265185.60409546
2026-03-12 17:40:00,404.6099853515625,404.79998779296875,404.1199951171875,404.32000732421875,143138.0,57873557.20837402
2026-03-12 17:45:00,404.32000732421875,404.6099853515625,404.0,404.04998779296875,169354.0,68427481.63269043
2026-03-12 17:50:00,404.0469970703125,404.2900085449219,403.5274963378906,403.7300109863281,183626.0,74135326.99737549
2026-03-12 17:55:00,403.7300109863281,403.79998779296875,403.0799865722656,403.739990234375,129045.0,52100627.03979492
2026-03-12 18:00:00,403.7449951171875,404.20001220703125,403.6199951171875,403.82000732421875,118766.0,47960086.989868164
2026-03-12 18:05:00,403.8599853515625,403.8999938964844,403.04998779296875,403.3500061035156,163955.0,66131250.250701904
2026-03-12 18:10:00,403.3999938964844,403.45001220703125,403.1199951171875,403.3800048828125,136746.0,55160602.14770508
2026-03-12 18:15:00,403.4100036621094,403.70989990234375,403.1400146484375,403.18011474609375,146829.0,59198533.0680542
2026-03-12 18:20:00,403.2300109863281,403.7485046386719,403.12750244140625,403.20001220703125,178172.0,71838952.57495117
2026-03-12 18:25:00,403.2200012207031,403.3599853515625,402.6300964355469,403.04998779296875,176720.0,71226993.84277344
2026-03-12 18:30:00,403.0299987792969,403.239990234375,402.8599853515625,402.92498779296875,141051.0,56832972.453186035
2026-03-12 18:35:00,402.9200134277344,403.0400085449219,402.6499938964844,402.885009765625,148145.0,59685399.771728516
2026-03-12 18:40:00,402.9100036621094,403.010009765625,402.6600036621094,402.7101135253906,115528.0,46524293.99536133
2026-03-12 18:45:00,402.7200012207031,403.0,402.5950012207031,402.9200134277344,153331.0,61780128.57888794
2026-03-12 18:50:00,402.9100036621094,403.6600036621094,402.9100036621094,403.2868957519531,211586.0,85329861.12457275
2026-03-12 18:55:00,403.2701110839844,403.4100036621094,402.8900146484375,403.2699890136719,186544.0,75227596.8305664
2026-03-12 19:00:00,403.2200012207031,403.760009765625,403.1400146484375,403.3200988769531,199216.0,80347816.8178711
2026-03-12 19:05:00,403.29998779296875,403.69989013671875,402.9700012207031,403.55499267578125,143766.0,58017487.07702637
2026-03-12 19:10:00,403.54998779296875,403.7300109863281,402.8500061035156,403.010009765625,208002.0,83826888.05126953
2026-03-12 19:15:00,403.0150146484375,403.614990234375,402.85009765625,403.5199890136719,197268.0,79601581.19274902
2026-03-12 19:20:00,403.5150146484375,404.07000732421875,403.3999938964844,403.79998779296875,265330.0,107140250.7611084
2026-03-12 19:25:00,403.80499267578125,403.9599914550781,403.5199890136719,403.8399963378906,212388.0,85770769.14221191
2026-03-12 19:30:00,403.8349914550781,403.9599914550781,403.6449890136719,403.68499755859375,184570.0,74508139.99938965
2026-03-12 19:35:00,403.69000244140625,403.80999755859375,403.1400146484375,403.45001220703125,194864.0,78617883.17871094
2026-03-12 19:40:00,403.42999267578125,403.5299987792969,402.92999267578125,403.0799865722656,261533.0,105418718.12820435
2026-03-12 19:45:00,403.0799865722656,403.0899963378906,402.6499938964844,402.7900085449219,308941.0,124438348.02987671
2026-03-12 19:50:00,402.760009765625,403.0199890136719,402.18060302734375,402.70001220703125,493087.0,198566140.91912842
2026-03-12 19:55:00,402.67999267578125,402.7200012207031,401.7099914550781,401.8900146484375,1032450.0,414931345.6237793
2026-03-13 13:30:00,400.7200012207031,401.3999938964844,399.8999938964844,401.0,1324585.0,531158585.0
2026-03-13 13:35:00,401.0799865722656,402.04998779296875,400.45001220703125,402.0350036621094,490386.0,197152337.30584717
2026-03-13 13:40:00,402.03009033203125,404.1400146484375,401.92999267578125,403.989990234375,511938.0,206817827.62060547
2026-03-13 13:45:00,403.95001220703125,404.79998779296875,403.07501220703125,403.07501220703125,398566.0,160651995.31530762
2026-03-13 13:50:00,403.0,403.0,402.1499938964844,402.6400146484375,320415.0,129011900.2935791
2026-03-13 13:55:00,402.67999267578125,402.8699951171875,401.0,401.17999267578125,323503.0,129782931.17059326
2026-03-13 14:00:00,401.2799987792969,401.6499938964844,400.1000061035156,400.8450012207031,512304.0,205354497.5053711
2026-03-13 14:05:00,400.8450012207031,401.2598876953125,400.1600036621094,400.3299865722656,391594.0,156766820.7617798
2026-03-13 14:10:00,400.3450012207031,400.6600036621094,399.6300048828125,400.57501220703125,415199.0,166318344.49334717
2026-03-13 14:15:00,400.57000732421875,401.1000061035156,400.2900085449219,400.8232116699219,225677.0,90456579.94003296
2026-03-13 14:20:00,400.78900146484375,401.3699951171875,400.53900146484375,400.6549987792969,221529.0,88756701.22457886
2026-03-13 14:25:00,400.67999267578125,401.70001220703125,400.6099853515625,401.0199890136719,319632.0,128178821.12841797
2026-03-13 14:30:00,401.1300048828125,402.5400085449219,401.07000732421875,401.9700012207031,396216.0,159266946.0036621
2026-03-13 14:35:00,401.92999267578125,402.3999938964844,401.3299865722656,401.8800048828125,260365.0,104635487.47131348
2026-03-13 14:40:00,401.8399963378906,402.010009765625,401.1400146484375,401.30999755859375,199810.0,80185750.61218262
2026-03-13 14:45:00,401.29998779296875,401.29998779296875,400.0799865722656,400.4400939941406,188723.0,75572255.8588562
2026-03-13 14:50:00,400.5299987792969,400.8900146484375,399.6400146484375,399.6400146484375,271542.0,108519048.85766602
2026-03-13 14:55:00,399.6199951171875,399.8599853515625,398.806884765625,398.9200134277344,315807.0,125981732.68057251
2026-03-13 15:00:00,398.8900146484375,399.239990234375,398.0526123046875,398.1199951171875,310735.0,123709816.68273926
2026-03-13 15:05:00,398.1099853515625,398.5426940917969,397.79998779296875,398.3900146484375,348737.0,138933338.53845215
2026-03-13 15:10:00,398.3699951171875,399.1000061035156,398.2200012207031,398.79998779296875,165391.0,65957928.781066895
2026-03-13 15:15:00,398.9399108886719,399.0199890136719,398.56500244140625,398.6000061035156,222580.0,88720389.35852051
2026-03-13 15:20:00,398.6300048828125,398.94000244140625,397.70001220703125,397.75,247346.0,98381871.5
2026-03-13 15:25:00,397.73309326171875,397.8999938964844,397.5299987792969,397.8418884277344,195029.0,77590705.6581726
2026-03-13 15:30:00,397.8299865722656,398.1899108886719,397.54010009765625,397.8450012207031,216589.0,86168850.96939087
2026-03-13 15:35:00,397.8800048828125,398.0098876953125,396.9100036621094,397.489990234375,255439.0,101534445.61547852
2026-03-13 15:40:00,397.4649963378906,397.55999755859375,396.25,396.44500732421875,372222.0,147565553.51623535
2026-03-13 15:45:00,396.45989990234375,397.05999755859375,395.8699951171875,396.5129089355469,480845.0,190661249.69711304
2026-03-13 15:50:00,396.55499267578125,396.6300048828125,395.79998779296875,396.06500244140625,288225.0,114155835.32867432
2026-03-13 15:55:00,396.04998779296875,396.1300048828125,395.3999938964844,395.5,291611.0,115332150.5
2026-03-13 16:00:00,395.4700012207031,396.44000244140625,395.4200134277344,396.010009765625,213147.0,84408345.55151367
2026-03-13 16:05:00,396.010009765625,396.19000244140625,395.8399963378906,395.9198913574219,195662.0,77466477.78277588
2026-03-13 16:10:00,395.9049987792969,396.4100036621094,395.6099853515625,396.1099853515625,194450.0,77023586.65161133
2026-03-13 16:15:00,396.1199951171875,396.3500061035156,395.6700134277344,395.93011474609375,126183.0,49959649.66900635
2026-03-13 16:20:00,395.92999267578125,396.7900085449219,395.92999267578125,396.5,166252.0,65918918.0
2026-03-13 16:25:00,396.510009765625,396.7799987792969,396.1199951171875,396.4649963378906,170880.0,67747938.57421875
2026-03-13 16:30:00,396.45001220703125,396.7099914550781,396.0,396.1499938964844,229565.0,90942173.34884644
2026-03-13 16:35:00,396.1549987792969,396.6300048828125,395.80999755859375,396.0249938964844,276902.0,109660112.85992432
2026-03-13 16:40:00,395.9800109863281,396.1400146484375,395.55999755859375,395.69989013671875,300826.0,119036815.15026855
2026-03-13 16:45:00,395.67999267578125,396.07000732421875,395.20001220703125,395.8999938964844,198669.0,78653055.88742065
2026-03-13 16:50:00,395.8500061035156,396.5299987792969,395.79998779296875,396.1400146484375,181926.0,72068168.30493164
2026-03-13 16:55:00,396.1000061035156,396.2200012207031,394.8999938964844,395.07000732421875,409669.0,161847934.83050537
2026-03-13 17:00:00,395.0450134277344,395.55999755859375,395.0450134277344,395.42999267578125,166309.0,65763566.651916504
2026-03-13 17:05:00,395.4100036621094,395.739990234375,395.1700134277344,395.6499938964844,312344.0,123578901.69360352
2026-03-13 17:10:00,395.6400146484375,396.0,395.2799987792969,395.989990234375,136339.0,53988879.27856445
2026-03-13 17:15:00,396.0155944824219,396.4800109863281,395.9100036621094,396.25,190502.0,75486417.5
2026-03-13 17:20:00,396.2699890136719,396.5,395.7283020019531,396.31500244140625,157861.0,62562682.60040283
2026-03-13 17:25:00,396.2950134277344,396.7900085449219,396.239013671875,396.5899963378906,179318.0,71115724.96331787
2026-03-13 17:30:00,396.54998779296875,396.77099609375,396.1700134277344,396.59991455078125,146001.0,57903984.12432861
2026-03-13 17:35:00,396.6000061035156,396.67999267578125,396.2200012207031,396.56988525390625,105677.0,41908315.76397705
2026-03-13 17:40:00,396.5199890136719,396.6000061035156,396.1199951171875,396.4056091308594,103571.0,41056125.34329224
2026-03-13 17:45:00,396.4150085449219,396.45001220703125,395.3800048828125,395.42730712890625,187670.0,74209842.72888184
2026-03-13 17:50:00,395.4100036621094,395.8900146484375,395.1499938964844,395.8450012207031,201956.0,79943273.06652832
2026-03-13 17:55:00,395.8299865722656,396.5799865722656,395.80999755859375,396.56500244140625,385656.0,152937672.58154297
2026-03-13 18:00:00,396.57000732421875,397.3800048828125,396.4700012207031,397.1400146484375,290967.0,115554638.64221191
2026-03-13 18:05:00,397.1650085449219,397.2598876953125,396.1499938964844,396.8450012207031,339254.0,134631254.04412842
2026-03-13 18:10:00,396.82000732421875,397.1300048828125,396.66009521484375,396.9999084472656,134541.0,53412764.682403564
2026-03-13 18:15:00,396.9100036621094,396.92999267578125,395.8999938964844,396.07000732421875,159022.0,62983844.704711914
2026-03-13 18:20:00,396.0450134277344,396.32000732421875,395.5,395.5216064453125,240216.0,95010618.21386719
2026-03-13 18:25:00,395.57000732421875,396.1400146484375,395.55999755859375,396.07000732421875,132162.0,52345404.3079834
2026-03-13 18:30:00,396.07000732421875,396.4999084472656,395.85009765625,396.3399963378906,112849.0,44726572.24673462
2026-03-13 18:35:00,396.31500244140625,396.57000732421875,396.260009765625,396.3800048828125,111280.0,44109166.943359375
2026-03-13 18:40:00,396.3399963378906,396.42999267578125,395.6199951171875,395.8399963378906,267252.0,105789030.70129395
2026-03-13 18:45:00,395.82000732421875,395.92999267578125,395.6000061035156,395.8699951171875,145146.0,57458946.3112793
2026-03-13 18:50:00,395.8299865722656,396.2699890136719,395.6400146484375,396.0899963378906,230495.0,91296763.7059021
2026-03-13 18:55:00,396.0950012207031,396.0950012207031,395.6700134277344,395.7701110839844,144730.0,57279808.17718506
2026-03-13 19:00:00,395.7699890136719,395.8299865722656,395.2099914550781,395.3450012207031,209854.0,82964729.88616943
2026-03-13 19:05:00,395.3399963378906,395.42999267578125,394.95001220703125,395.2799987792969,231160.0,91372924.51782227
2026-03-13 19:10:00,395.2799987792969,395.35870361328125,395.1000061035156,395.2699890136719,175080.0,69203869.67651367
2026-03-13 19:15:00,395.2699890136719,395.7049865722656,395.20001220703125,395.2799987792969,201747.0,79746553.9137268
2026-03-13 19:20:00,395.2699890136719,395.29998779296875,394.7200012207031,394.94000244140625,323013.0,127570755.00860596
2026-03-13 19:25:00,394.9599914550781,395.0,394.510009765625,394.5899963378906,303628.0,119808571.40808105
2026-03-13 19:30:00,394.572509765625,395.1899108886719,394.572509765625,395.05499267578125,297680.0,117599970.21972656
2026-03-13 19:35:00,395.0299987792969,395.1099853515625,394.739990234375,394.9508056640625,258989.0,102287914.20812988
2026-03-13 19:40:00,394.95001220703125,394.989990234375,394.70001220703125,394.8699951171875,302980.0,119637711.12060547
2026-03-13 19:45:00,394.8800048828125,395.16009521484375,394.3699951171875,394.9299011230469,441301.0,174282960.2955017
2026-03-13 19:50:00,394.95001220703125,395.67999267578125,394.25,394.9800109863281,451389.0,178289632.17910767
2026-03-13 19:55:00,395.010009765625,395.760009765625,394.9200134277344,395.6099853515625,1010350.0,399704548.6999512
2026-03-16 13:30:00,397.94500732421875,398.1400146484375,395.7900085449219,396.2799987792969,1080313.0,428106434.32125854
2026-03-16 13:35:00,396.2650146484375,397.1300048828125,395.3500061035156,396.19000244140625,426402.0,168936209.4210205
2026-03-16 13:40:00,396.1744079589844,396.44000244140625,395.3800048828125,395.6549987792969,297193.0,117585896.05221558
2026-03-16 13:45:00,395.6549987792969,396.8299865722656,395.6199951171875,396.2550048828125,327284.0,129687923.0180664
2026-03-16 13:50:00,396.2550048828125,396.2650146484375,394.94500732421875,395.0199890136719,279200.0,110289580.93261719
2026-03-16 13:55:00,395.04998779296875,395.7699890136719,394.7900085449219,395.260009765625,358065.0,141528775.39672852
2026-03-16 14:00:00,395.29998779296875,396.08990478515625,394.8299865722656,395.7900085449219,350594.0,138761602.25579834
2026-03-16 14:05:00,395.7749938964844,396.8800048828125,395.3399963378906,396.7449951171875,231983.0,92038094.20227051
2026-03-16 14:10:00,396.7799987792969,397.3999938964844,396.70001220703125,397.1400146484375,227754.0,90450226.89624023
2026-03-16 14:15:00,397.2200012207031,397.8385925292969,396.7001037597656,397.57501220703125,1718821.0,683360280.0567017
2026-03-16 14:20:00,397.55999755859375,398.0299987792969,397.32000732421875,397.80999755859375,0.0,0.0
2026-03-16 14:25:00,397.760009765625,397.864990234375,397.1600036621094,397.3240051269531,155537.0,61798583.78543091
2026-03-16 14:30:00,397.3299865722656,397.54998779296875,396.95001220703125,397.20001220703125,1943589.0,771993574.5254517
2026-03-16 14:35:00,397.1700134277344,397.79998779296875,396.5299987792969,396.9649963378906,0.0,0.0
2026-03-16 14:40:00,396.94000244140625,397.5899963378906,396.8299865722656,397.260009765625,2005594.0,796742292.0258789
2026-03-16 14:45:00,397.239990234375,397.7099914550781,396.82000732421875,396.8999938964844,0.0,0.0
2026-03-16 14:50:00,396.8699951171875,397.25,396.1499938964844,397.20001220703125,237498.0,94334208.49914551
2026-03-16 14:55:00,397.1600036621094,397.8900146484375,396.92999267578125,397.864990234375,2290628.0,911360686.8505859
2026-03-16 15:00:00,397.8599853515625,398.07989501953125,396.5799865722656,396.625,0.0,0.0
2026-03-16 15:05:00,396.625,397.1700134277344,396.2799987792969,397.090087890625,174188.0,69168328.22949219
2026-03-16 15:10:00,397.1400146484375,397.70001220703125,396.6400146484375,397.6199951171875,127286.0,50611458.69848633
2026-03-16 15:15:00,397.6199951171875,397.6499938964844,397.1600036621094,397.44989013671875,124208.0,49366455.95410156
2026-03-16 15:20:00,397.3999938964844,398.02069091796875,397.3500061035156,397.8994140625,2575735.0,1024883447.2802734
2026-03-16 15:25:00,397.875,397.9599914550781,397.3500061035156,397.70989990234375,0.0,0.0
2026-03-16 15:30:00,397.69500732421875,398.3900146484375,397.6700134277344,398.20001220703125,2680573.0,1067404201.3218384
2026-03-16 15:35:00,398.25,398.5799865722656,398.17010498046875,398.2099914550781,0.0,0.0
2026-03-16 15:40:00,398.20001220703125,398.3999938964844,398.0799865722656,398.2659912109375,2667221.0,1062263415.3436279
2026-03-16 15:45:00,398.2300109863281,398.4549865722656,398.1499938964844,398.3599853515625,0.0,0.0
2026-03-16 15:50:00,398.29998779296875,398.69000244140625,398.04998779296875,398.5799865722656,2825605.0,1126229602.9585266
2026-03-16 15:55:00,398.5799865722656,398.69000244140625,398.0799865722656,398.2699890136719,0.0,0.0
2026-03-16 16:00:00,398.2449951171875,398.81500244140625,398.17999267578125,398.25,2910205.0,1158989141.25
2026-03-16 16:05:00,398.25,398.7900085449219,398.2200012207031,398.6300048828125,0.0,0.0
2026-03-16 16:10:00,398.6300048828125,399.3399963378906,398.60009765625,399.239990234375,3169591.0,1265427479.886963
2026-03-16 16:15:00,399.2200012207031,399.6098937988281,399.0899963378906,399.17999267578125,0.0,0.0
2026-03-16 16:20:00,399.19000244140625,399.19500732421875,398.2008972167969,398.2099914550781,146101.0,58178877.96157837
2026-03-16 16:25:00,398.2099914550781,398.2799072265625,397.8299865722656,397.9800109863281,118191.0,47037655.47848511
2026-03-16 16:30:00,397.9200134277344,398.3299865722656,397.6300048828125,398.239990234375,102068.0,40647559.32324219
2026-03-16 16:35:00,398.20001220703125,398.70111083984375,398.20001220703125,398.6839904785156,3238346.0,1291076705.8301392
2026-03-16 16:40:00,398.7200012207031,399.30999755859375,398.5780029296875,399.1199951171875,0.0,0.0
2026-03-16 16:45:00,399.1199951171875,399.2200012207031,398.8599853515625,399.037109375,110870.0,44241244.31640625
2026-03-16 16:50:00,399.0400085449219,399.4389953613281,398.989990234375,399.1050109863281,204505.0,81618970.27175903
2026-03-16 16:55:00,399.1099853515625,399.29998779296875,398.8800048828125,398.989990234375,148771.0,59358139.8371582
2026-03-16 17:00:00,399.0,399.5150146484375,398.80999755859375,398.8380126953125,276983.0,110471349.27038574
2026-03-16 17:05:00,398.8500061035156,399.29998779296875,398.79998779296875,398.9800109863281,134909.0,53825994.30215454
2026-03-16 17:10:00,399.010009765625,399.29998779296875,398.95001220703125,399.2550048828125,3656258.0,1459779305.6428223
2026-03-16 17:15:00,399.2650146484375,399.3399963378906,398.989990234375,399.05999755859375,0.0,0.0
2026-03-16 17:20:00,399.0799865722656,399.3599853515625,399.0400085449219,399.2225036621094,194579.0,77680315.54006958
2026-03-16 17:25:00,399.2099914550781,399.4599914550781,398.7300109863281,398.81500244140625,109945.0,43847715.44342041
2026-03-16 17:30:00,398.81500244140625,398.8389892578125,398.3349914550781,398.5400085449219,124595.0,49656092.36465454
2026-03-16 17:35:00,398.5199890136719,398.8399963378906,398.45001220703125,398.5950012207031,157078.0,62610505.601745605
2026-03-16 17:40:00,398.5899963378906,398.7099914550781,398.44000244140625,398.4800109863281,123455.0,49194349.75631714
2026-03-16 17:45:00,398.5,398.7650146484375,397.8500061035156,398.1199951171875,132607.0,52793498.19250488
2026-03-16 17:50:00,398.09991455078125,398.25,397.6650085449219,398.1700134277344,152482.0,60713759.98748779
2026-03-16 17:55:00,398.1700134277344,398.4775085449219,398.1099853515625,398.2362976074219,117312.0,46717896.544921875
2026-03-16 18:00:00,398.2200012207031,398.81500244140625,398.1199951171875,398.7900085449219,133623.0,53287517.311798096
2026-03-16 18:05:00,398.760009765625,399.1199951171875,398.6099853515625,399.0249938964844,122589.0,48916074.97677612
2026-03-16 18:10:00,399.0,399.17999267578125,398.760009765625,399.07000732421875,112688.0,44970400.98535156
2026-03-16 18:15:00,399.1199951171875,399.510009765625,399.07000732421875,399.32501220703125,136982.0,54700338.822143555
2026-03-16 18:20:00,399.32501220703125,399.32501220703125,398.9599914550781,399.07000732421875,132214.0,52762641.94836426
2026-03-16 18:25:00,399.0899963378906,399.2799072265625,398.8599853515625,398.8999938964844,105054.0,41906039.95880127
2026-03-16 18:30:00,398.9200134277344,399.6600036621094,398.69000244140625,399.45001220703125,188795.0,75414165.05462646
2026-03-16 18:35:00,399.4700012207031,400.6300048828125,399.2900085449219,400.4751892089844,268509.0,107531192.57931519
2026-03-16 18:40:00,400.4599914550781,400.5,399.9800109863281,400.4700012207031,157563.0,63099254.80233765
2026-03-16 18:45:00,400.44000244140625,400.4700012207031,400.0,400.1600036621094,4470986.0,1789109774.1332397
2026-03-16 18:50:00,400.135009765625,400.2200012207031,399.8999938964844,400.01690673828125,0.0,0.0
2026-03-16 18:55:00,400.0299987792969,400.1700134277344,399.9100036621094,400.1387939453125,4565992.0,1827030532.0439453
2026-03-16 19:00:00,400.1700134277344,400.25,399.6199951171875,399.7200012207031,0.0,0.0
2026-03-16 19:05:00,399.69000244140625,400.0799865722656,399.4100036621094,399.989990234375,246589.0,98633131.7019043
2026-03-16 19:10:00,400.010009765625,400.2799987792969,399.25,399.80999755859375,224853.0,89898477.38104248
2026-03-16 19:15:00,399.81500244140625,400.2550048828125,399.19000244140625,399.2550048828125,209191.0,83520553.72644043
2026-03-16 19:20:00,399.25,399.54998779296875,398.9849853515625,399.1199951171875,163701.0,65336342.32067871
2026-03-16 19:25:00,399.0914001464844,400.0,398.9601135253906,399.8450012207031,259511.0,103764176.11178589
2026-03-16 19:30:00,399.80999755859375,400.04998779296875,399.44000244140625,399.44000244140625,184778.0,73807724.77111816
2026-03-16 19:35:00,399.42999267578125,399.42999267578125,399.1300048828125,399.1499938964844,161171.0,64331403.66629028
2026-03-16 19:40:00,399.15008544921875,399.2699890136719,398.760009765625,399.0610046386719,5315165.0,2121075084.7203064
2026-03-16 19:45:00,399.0574951171875,399.659912109375,399.05499267578125,399.64990234375,0.0,0.0
2026-03-16 19:50:00,399.6600036621094,399.80499267578125,399.19000244140625,399.3299865722656,355855.0,142103572.37167358
2026-03-16 19:55:00,399.32000732421875,400.0,399.0899963378906,399.9599914550781,6510242.0,2603836334.6904907
2026-03-17 13:30:00,400.135009765625,402.6098937988281,399.1499938964844,402.010009765625,898495.0,361203983.72436523
2026-03-17 13:35:00,402.0150146484375,402.20001220703125,401.2799987792969,402.1099853515625,268594.0,108004329.40551758
2026-03-17 13:40:00,402.1449890136719,402.6000061035156,401.3399963378906,401.5799865722656,220206.0,88430322.52313232
2026-03-17 13:45:00,401.5299987792969,403.94000244140625,401.5299987792969,403.7650146484375,380152.0,153492077.8486328
2026-03-17 13:50:00,403.760009765625,404.3999938964844,403.07000732421875,403.07000732421875,285030.0,114887044.18762207
2026-03-17 13:55:00,403.04998779296875,403.04998779296875,401.5899963378906,401.79998779296875,201542.0,80979573.13977051
2026-03-17 14:00:00,401.8800048828125,402.0,401.2200012207031,401.2699890136719,1257567.0,504623896.2739563
2026-03-17 14:05:00,401.2550048828125,401.4700012207031,400.8399963378906,401.04998779296875,301411.0,120880877.8706665
2026-03-17 14:10:00,401.010009765625,401.04998779296875,399.54010009765625,399.5849914550781,0.0,0.0
2026-03-17 14:15:00,399.5849914550781,399.6300048828125,398.7799987792969,399.5899963378906,1725772.0,689601227.1600342
2026-03-17 14:20:00,399.59869384765625,400.4100036621094,399.4599914550781,400.3699951171875,0.0,0.0
2026-03-17 14:25:00,400.385009765625,400.69989013671875,400.0199890136719,400.375,142449.0,57033018.375
2026-03-17 14:30:00,400.3599853515625,400.54998779296875,400.0299987792969,400.29998779296875,1738465.0,695907518.2785034
2026-03-17 14:35:00,400.2950134277344,400.5,399.1199951171875,399.4100036621094,0.0,0.0
2026-03-17 14:40:00,399.44000244140625,399.6600036621094,399.1099853515625,399.625,175110.0,69978333.75
2026-03-17 14:45:00,399.57000732421875,399.69000244140625,399.2300109863281,399.41400146484375,115451.0,46112745.883117676
2026-03-17 14:50:00,399.4200134277344,400.0,399.19000244140625,399.7945861816406,166015.0,66371898.22494507
2026-03-17 14:55:00,399.8500061035156,400.1700134277344,399.760009765625,399.81500244140625,177675.0,71037130.55877686
2026-03-17 15:00:00,399.80999755859375,400.29998779296875,398.9200134277344,399.0599060058594,230028.0,91794952.05871582
2026-03-17 15:05:00,399.0199890136719,399.2099914550781,398.4599914550781,398.7250061035156,224106.0,89356666.21783447
2026-03-17 15:10:00,398.7200012207031,399.1199951171875,398.6400146484375,398.6700134277344,175440.0,69942667.15576172
2026-03-17 15:15:00,398.6700134277344,399.3800048828125,398.6317138671875,399.30999755859375,147754.0,58999649.37927246
2026-03-17 15:20:00,399.30999755859375,399.4700012207031,398.82000732421875,398.92999267578125,124610.0,49710666.3873291
2026-03-17 15:25:00,398.9100036621094,399.6600036621094,398.9100036621094,399.07000732421875,138392.0,55228096.45361328
2026-03-17 15:30:00,399.06500244140625,399.59130859375,398.239990234375,398.30999755859375,176538.0,70316850.34899902
2026-03-17 15:35:00,398.30999755859375,398.5899963378906,397.7449951171875,398.0299987792969,226106.0,89996970.9039917
2026-03-17 15:40:00,398.0350036621094,398.6499938964844,397.92999267578125,398.57000732421875,155687.0,62052168.730285645
2026-03-17 15:45:00,398.614990234375,398.7699890136719,398.375,398.375,2975855.0,1185506235.625
2026-03-17 15:50:00,398.375,399.19000244140625,398.375,399.05010986328125,0.0,0.0
2026-03-17 15:55:00,399.04998779296875,399.1499938964844,398.7500915527344,398.8500061035156,406794.0,162249789.38287354
2026-03-17 16:00:00,398.8500061035156,399.0299987792969,398.239990234375,398.56500244140625,119455.0,47610582.36663818
2026-03-17 16:05:00,398.55999755859375,398.8800048828125,398.17999267578125,398.4800109863281,347367.0,138418805.97628784
2026-03-17 16:10:00,398.489990234375,398.7300109863281,398.0899963378906,398.1300048828125,76869.0,30603855.345336914
2026-03-17 16:15:00,398.14691162109375,398.9049987792969,398.125,398.9049987792969,3304474.0,1318171196.9362183
2026-03-17 16:20:00,398.9100036621094,399.114990234375,398.7699890136719,398.8599853515625,0.0,0.0
2026-03-17 16:25:00,398.8785095214844,398.8999938964844,398.42999267578125,398.56500244140625,122885.0,48977660.32501221
2026-03-17 16:30:00,398.56500244140625,399.0,398.56500244140625,398.9549865722656,191786.0,76513981.05474854
2026-03-17 16:35:00,398.9599914550781,399.25,398.6499938964844,398.8450012207031,3448577.0,1375447697.7746887
2026-03-17 16:40:00,398.8500061035156,400.010009765625,398.8500061035156,399.95001220703125,0.0,0.0
2026-03-17 16:45:00,399.9100036621094,400.0400085449219,399.5400085449219,399.9200134277344,154227.0,61678463.91091919
2026-03-17 16:50:00,399.8949890136719,399.9200134277344,399.3500061035156,399.6700134277344,105707.0,42247918.10940552
2026-03-17 16:55:00,399.6650085449219,399.7349853515625,399.3800048828125,399.65899658203125,3712499.0,1483733625.1517944
2026-03-17 17:00:00,399.6499938964844,400.3599853515625,399.6499938964844,400.010009765625,0.0,0.0
2026-03-17 17:05:00,400.0,400.2359924316406,399.7699890136719,399.7850036621094,98935.0,39552729.33731079
2026-03-17 17:10:00,399.760009765625,399.9303894042969,399.5299987792969,399.7149963378906,3791750.0,1515619337.3641968
2026-03-17 17:15:00,399.7149963378906,399.7149963378906,399.2099914550781,399.3699951171875,0.0,0.0
2026-03-17 17:20:00,399.364990234375,399.760009765625,399.297607421875,399.75,84441.0,33755289.75
2026-03-17 17:25:00,399.760009765625,399.92999267578125,399.55999755859375,399.80999755859375,81960.0,32768427.399902344
2026-03-17 17:30:00,399.82000732421875,399.8699951171875,399.4599914550781,399.6099853515625,59336.0,23711258.090820312
2026-03-17 17:35:00,399.625,399.9599914550781,399.53009033203125,399.8500061035156,62209.0,24874269.029693604
2026-03-17 17:40:00,399.875,399.8999938964844,399.29998779296875,399.32000732421875,78501.0,31347019.894958496
2026-03-17 17:45:00,399.3699951171875,399.45001220703125,398.8500061035156,399.1449890136719,74690.0,29812139.229431152
2026-03-17 17:50:00,399.1600036621094,399.510009765625,399.0600891113281,399.4100036621094,71270.0,28465950.960998535
2026-03-17 17:55:00,399.45001220703125,399.4649963378906,399.2799987792969,399.3299865722656,58536.0,23375180.09399414
2026-03-17 18:00:00,399.3800048828125,399.3800048828125,398.9700012207031,399.32501220703125,64057.0,25579562.3069458
2026-03-17 18:05:00,399.29998779296875,399.3699951171875,399.0400085449219,399.260009765625,68877.0,27499831.692626953
2026-03-17 18:10:00,399.2650146484375,399.3599853515625,398.79998779296875,398.8399963378906,92462.0,36877543.74139404
2026-03-17 18:15:00,398.8500061035156,399.1055908203125,398.67999267578125,399.05999755859375,118946.0,47466590.46960449
2026-03-17 18:20:00,399.05999755859375,399.2149963378906,398.6499938964844,398.6700134277344,69649.0,27766967.76522827
2026-03-17 18:25:00,398.6700134277344,399.0,398.6700134277344,398.7994079589844,72020.0,28721533.361206055
2026-03-17 18:30:00,398.7699890136719,398.95001220703125,398.5799865722656,398.8399963378906,66175.0,26393236.757659912
2026-03-17 18:35:00,398.8399963378906,398.8999938964844,398.6700134277344,398.7799987792969,87568.0,34920366.93310547
2026-03-17 18:40:00,398.75,399.1700134277344,398.4599914550781,398.67999267578125,106309.0,42383271.34136963
2026-03-17 18:45:00,398.7099914550781,399.0982971191406,398.6809997558594,399.04998779296875,78818.0,31452321.93786621
2026-03-17 18:50:00,399.0299987792969,399.1400146484375,398.82000732421875,399.05499267578125,85683.0,34192228.937438965
2026-03-17 18:55:00,399.0299987792969,399.04998779296875,398.67999267578125,398.7950134277344,62769.0,25031964.19784546
2026-03-17 19:00:00,398.80499267578125,398.94000244140625,398.69000244140625,398.7550048828125,89279.0,35600448.08093262
2026-03-17 19:05:00,398.739990234375,398.9190979003906,398.5101013183594,398.8800048828125,111480.0,44467142.94433594
2026-03-17 19:10:00,398.8999938964844,399.0899963378906,398.82000732421875,399.07501220703125,119680.0,47761297.4609375
2026-03-17 19:15:00,399.0801086425781,399.3599853515625,399.0,399.01348876953125,136031.0,54278203.890808105
2026-03-17 19:20:00,399.0299987792969,399.0299987792969,398.6499938964844,398.8500061035156,77247.0,30809966.42147827
2026-03-17 19:25:00,398.8450012207031,398.8599853515625,398.69000244140625,398.8136901855469,85476.0,34088998.982299805
2026-03-17 19:30:00,398.8399963378906,399.114990234375,398.7699890136719,398.989990234375,99521.0,39707882.818115234
2026-03-17 19:35:00,399.0,399.07989501953125,398.7149963378906,398.8999938964844,92763.0,37003160.13381958
2026-03-17 19:40:00,398.8999938964844,399.1899108886719,398.8599853515625,398.94989013671875,114103.0,45521379.31427002
2026-03-17 19:45:00,398.94000244140625,399.57000732421875,398.94000244140625,399.380615234375,141293.0,56429685.26831055
2026-03-17 19:50:00,399.4200134277344,399.57000732421875,398.92999267578125,399.57000732421875,199539.0,79729799.69146729
2026-03-17 19:55:00,399.5400085449219,399.739990234375,399.1099853515625,399.5,636546.0,254300127.0
2026-03-18 13:30:00,397.0450134277344,397.260009765625,395.1200866699219,396.9833984375,869871.0,345324345.78222656
2026-03-18 13:35:00,397.1000061035156,397.8999938964844,396.8500061035156,396.9599914550781,290045.0,115136260.72158813
2026-03-18 13:40:00,396.9200134277344,397.54998779296875,396.7200012207031,397.1499938964844,208575.0,82835559.97695923
2026-03-18 13:45:00,397.1400146484375,397.9599914550781,396.8900146484375,397.6000061035156,266197.0,105839928.82473755
2026-03-18 13:50:00,397.6400146484375,397.67999267578125,396.94000244140625,397.0199890136719,185116.0,73494752.28625488
2026-03-18 13:55:00,397.0,398.0,396.92999267578125,397.95001220703125,139249.0,55414141.249816895
2026-03-18 14:00:00,397.95001220703125,398.0,396.8800048828125,397.4700012207031,128347.0,51014082.246673584
2026-03-18 14:05:00,397.489990234375,398.0,397.3299865722656,397.5,145305.0,57758737.5
2026-03-18 14:10:00,397.4849853515625,397.5531921386719,396.3500061035156,396.3599853515625,1187613.0,470722271.2833252
2026-03-18 14:15:00,396.3504943847656,396.70001220703125,396.0899963378906,396.2200012207031,307466.0,121824178.8953247
2026-03-18 14:20:00,396.20001220703125,396.5098876953125,395.8999938964844,395.989990234375,0.0,0.0
2026-03-18 14:25:00,395.9750061035156,396.0400085449219,394.4200134277344,394.614990234375,1517004.0,598632518.6455078
2026-03-18 14:30:00,394.5967102050781,395.4800109863281,394.5400085449219,395.2300109863281,0.0,0.0
2026-03-18 14:35:00,395.2250061035156,395.57000732421875,395.010009765625,395.19000244140625,135747.0,53645857.261413574
2026-03-18 14:40:00,395.2200012207031,395.2900085449219,394.760009765625,394.9200134277344,130437.0,51512181.79147339
2026-03-18 14:45:00,394.8999938964844,395.3999938964844,394.3299865722656,394.6000061035156,139205.0,54930293.84963989
2026-03-18 14:50:00,394.6449890136719,395.1600036621094,394.5740966796875,394.9599914550781,153227.0,60518534.610687256
2026-03-18 14:55:00,394.9700012207031,395.3299865722656,394.8599853515625,395.2300109863281,138289.0,54655962.98928833
2026-03-18 15:00:00,395.2300109863281,395.6499938964844,395.1300048828125,395.489990234375,163253.0,64564927.37573242
2026-03-18 15:05:00,395.4700012207031,395.9200134277344,395.0400085449219,395.86151123046875,138559.0,54850175.13458252
2026-03-18 15:10:00,395.8599853515625,395.8699951171875,395.30999755859375,395.4700012207031,143468.0,56737290.135131836
2026-03-18 15:15:00,395.4700012207031,395.5400085449219,395.0899963378906,395.1700134277344,1992072.0,787207118.9890137
2026-03-18 15:20:00,395.1600036621094,395.614990234375,395.0801086425781,395.614990234375,154283.0,61036667.53833008
2026-03-18 15:25:00,395.6099853515625,396.0400085449219,395.55999755859375,395.75,0.0,0.0
2026-03-18 15:30:00,395.7200012207031,396.1600036621094,395.61138916015625,395.94000244140625,141525.0,56035408.84552002
2026-03-18 15:35:00,395.94000244140625,396.0299987792969,395.510009765625,395.6050109863281,106337.0,42067450.053253174
2026-03-18 15:40:00,395.56500244140625,395.6600036621094,395.0150146484375,395.3550109863281,111435.0,44056385.649261475
2026-03-18 15:45:00,395.3299865722656,395.5,394.989990234375,395.010009765625,89917.0,35518115.0480957
2026-03-18 15:50:00,395.010009765625,395.3399963378906,394.8900146484375,395.3399963378906,129967.0,51381153.30404663
2026-03-18 15:55:00,395.3599853515625,395.55499267578125,394.95001220703125,394.9700012207031,101268.0,39997822.083618164
2026-03-18 16:00:00,395.0199890136719,395.0199890136719,394.7099914550781,394.8974914550781,115437.0,45585781.72109985
2026-03-18 16:05:00,394.9049987792969,395.05999755859375,394.590087890625,394.739990234375,90341.0,35661205.45776367
2026-03-18 16:10:00,394.760009765625,395.1400146484375,394.5799865722656,394.9750061035156,107754.0,42560136.80767822
2026-03-18 16:15:00,394.9750061035156,394.9750061035156,394.45001220703125,394.6700134277344,109094.0,43056130.444885254
2026-03-18 16:20:00,394.70001220703125,394.8682861328125,394.29998779296875,394.3599853515625,117280.0,46250539.08203125
2026-03-18 16:25:00,394.3599853515625,394.3699951171875,393.6600036621094,393.8299865722656,265923.0,104728451.51925659
2026-03-18 16:30:00,393.79998779296875,393.9700012207031,393.2095031738281,393.29998779296875,3016446.0,1186368174.9781494
2026-03-18 16:35:00,393.260009765625,393.4750061035156,392.9200134277344,393.4750061035156,264464.0,104059974.01416016
2026-03-18 16:40:00,393.4700012207031,393.489990234375,393.19000244140625,393.260009765625,158312.0,62257778.666015625
2026-03-18 16:45:00,393.25,393.4299011230469,393.1199951171875,393.3900146484375,0.0,0.0
2026-03-18 16:50:00,393.3699951171875,393.7850036621094,393.2701110839844,393.65008544921875,95660.0,37656567.174072266
2026-03-18 16:55:00,393.6724853515625,393.7799987792969,393.3699951171875,393.44000244140625,3223871.0,1268399814.1107788
2026-03-18 17:00:00,393.4100036621094,393.45001220703125,392.7799987792969,393.0199890136719,244136.0,95950328.0378418
2026-03-18 17:05:00,393.0199890136719,393.0799865722656,392.67498779296875,392.6846008300781,0.0,0.0
2026-03-18 17:10:00,392.67999267578125,392.8949890136719,392.54998779296875,392.6400146484375,148278.0,58219876.092041016
2026-03-18 17:15:00,392.6499938964844,392.82000732421875,392.5199890136719,392.5899963378906,154853.0,60793738.70291138
2026-03-18 17:20:00,392.5899963378906,392.7900085449219,392.42999267578125,392.7900085449219,162370.0,63777313.687438965
2026-03-18 17:25:00,392.7998962402344,393.0199890136719,392.5299987792969,392.739990234375,109377.0,42956721.911865234
2026-03-18 17:30:00,392.760009765625,393.0400085449219,392.5400085449219,392.95001220703125,98374.0,38656064.50085449
2026-03-18 17:35:00,392.9599914550781,393.6000061035156,392.9599914550781,393.5400085449219,116111.0,45694323.932159424
2026-03-18 17:40:00,393.5299987792969,393.7799987792969,393.41009521484375,393.6579895019531,106444.0,41902531.0345459
2026-03-18 17:45:00,393.6700134277344,394.1000061035156,393.6199951171875,393.80999755859375,147873.0,58233865.76898193
2026-03-18 17:50:00,393.7799987792969,394.17999267578125,393.760009765625,394.04998779296875,125016.0,49262553.27392578
2026-03-18 17:55:00,394.0299987792969,394.7699890136719,394.0199890136719,394.3399963378906,250144.0,98641784.04394531
2026-03-18 18:00:00,394.3699951171875,395.0,393.7300109863281,394.375,191865.0,75666759.375
2026-03-18 18:05:00,394.3500061035156,394.3900146484375,393.61700439453125,393.82000732421875,4069353.0,1602592628.2648315
2026-03-18 18:10:00,393.81500244140625,393.9299011230469,393.3399963378906,393.6000061035156,0.0,0.0
2026-03-18 18:15:00,393.5899963378906,393.6199035644531,393.0343933105469,393.19281005859375,93116.0,36612541.701416016
2026-03-18 18:20:00,393.1600036621094,393.4800109863281,393.1600036621094,393.45001220703125,66884.0,26315510.616455078
2026-03-18 18:25:00,393.45001220703125,393.7799987792969,393.2699890136719,393.7250061035156,78558.0,30930249.02947998
2026-03-18 18:30:00,393.7099914550781,393.80999755859375,392.7699890136719,392.8900146484375,115816.0,45502949.93652344
2026-03-18 18:35:00,392.8999938964844,393.5400085449219,392.760009765625,392.8699951171875,133200.0,52330283.349609375
2026-03-18 18:40:00,392.8699951171875,393.239990234375,392.6600036621094,392.9649963378906,4394506.0,1726887034.1968384
2026-03-18 18:45:00,393.0,393.0400085449219,392.70001220703125,392.7799987792969,0.0,0.0
2026-03-18 18:50:00,392.760009765625,392.81988525390625,392.0,392.07000732421875,181224.0,71052495.00732422
2026-03-18 18:55:00,392.07000732421875,392.3599853515625,391.7200012207031,391.8999938964844,224211.0,87868289.53152466
2026-03-18 19:00:00,391.9200134277344,392.7900085449219,391.82000732421875,392.77490234375,209993.0,82479980.0678711
2026-03-18 19:05:00,392.7900085449219,392.8399963378906,392.2799987792969,392.5199890136719,245794.0,96479058.17962646
2026-03-18 19:10:00,392.489990234375,392.54998779296875,392.19000244140625,392.4049987792969,145361.0,57040383.02755737
2026-03-18 19:15:00,392.4100036621094,392.739990234375,392.29998779296875,392.4599914550781,166918.0,65508636.85369873
2026-03-18 19:20:00,392.4599914550781,392.6698913574219,392.0509033203125,392.2445983886719,157832.0,61908749.45288086
2026-03-18 19:25:00,392.25,392.4100036621094,392.1199951171875,392.32000732421875,131260.0,51495924.16137695
2026-03-18 19:30:00,392.31561279296875,392.4599914550781,392.0,392.385009765625,157333.0,61735110.74145508
2026-03-18 19:35:00,392.42999267578125,392.4501037597656,392.0400085449219,392.07000732421875,146707.0,57519414.56451416
2026-03-18 19:40:00,392.04998779296875,392.1099853515625,391.1099853515625,391.17999267578125,5484885.0,2145577274.1275024
2026-03-18 19:45:00,391.19000244140625,391.2850036621094,391.0,391.04998779296875,0.0,0.0
2026-03-18 19:50:00,391.07000732421875,391.69000244140625,391.04998779296875,391.42999267578125,5975240.0,2338888149.436035
2026-03-18 19:55:00,391.42999267578125,392.2099914550781,391.30999755859375,391.67498779296875,0.0,0.0
2026-03-19 13:30:00,390.0299987792969,390.20001220703125,388.010009765625,389.510009765625,1829212.0,712496383.9833984
2026-03-19 13:35:00,389.489990234375,390.6300048828125,389.1875,390.55999755859375,281274.0,109854372.7532959
2026-03-19 13:40:00,390.56451416015625,392.489990234375,390.43499755859375,391.9599914550781,436225.0,170982747.27249146
2026-03-19 13:45:00,391.8699951171875,391.8900146484375,390.32000732421875,391.30999755859375,307204.0,120211996.48999023
2026-03-19 13:50:00,391.2799987792969,391.760009765625,390.30999755859375,390.9800109863281,1395692.0,545687673.4935303
2026-03-19 13:55:00,390.94000244140625,390.9599914550781,390.0799865722656,390.32000732421875,304850.0,118989054.23278809
2026-03-19 14:00:00,390.3999938964844,391.0799865722656,389.70001220703125,390.0,0.0,0.0
2026-03-19 14:05:00,389.9949951171875,390.4599914550781,389.20001220703125,389.3349914550781,1645114.0,640500445.1326294
2026-03-19 14:10:00,389.29998779296875,389.92999267578125,389.0799865722656,389.2300109863281,0.0,0.0
2026-03-19 14:15:00,389.2099914550781,389.25,388.7279968261719,388.8949890136719,1852782.0,720537635.534729
2026-03-19 14:20:00,388.9198913574219,389.1069030761719,388.29998779296875,388.4599914550781,0.0,0.0
2026-03-19 14:25:00,388.45001220703125,388.8699951171875,388.3399963378906,388.7699890136719,1995763.0,775892759.5838928
2026-03-19 14:30:00,388.7850036621094,389.7300109863281,388.67498779296875,389.69500732421875,0.0,0.0
2026-03-19 14:35:00,389.6698913574219,390.4100036621094,389.4200134277344,389.7049865722656,165920.0,64659851.37207031
2026-03-19 14:40:00,389.70001220703125,390.3999938964844,389.3999938964844,389.4642028808594,122979.0,47895918.206085205
2026-03-19 14:45:00,389.43499755859375,389.7799987792969,389.25689697265625,389.6499938964844,100200.0,39042929.388427734
2026-03-19 14:50:00,389.625,390.2499084472656,389.3999938964844,390.07000732421875,111830.0,43621528.91906738
2026-03-19 14:55:00,390.1400146484375,390.3800048828125,389.82000732421875,390.0450134277344,2436481.0,950337264.3614197
2026-03-19 15:00:00,390.010009765625,390.6300048828125,389.760009765625,390.6099853515625,0.0,0.0
2026-03-19 15:05:00,390.625,391.05999755859375,390.4501037597656,390.7650146484375,125710.0,49123069.99145508
2026-03-19 15:10:00,390.739990234375,391.20001220703125,390.70001220703125,391.1000061035156,107787.0,42155496.35787964
2026-03-19 15:15:00,391.1000061035156,391.1400146484375,389.69000244140625,389.760009765625,2691658.0,1049100648.3657227
2026-03-19 15:20:00,389.7900085449219,389.9584045410156,389.1099853515625,389.2250061035156,0.0,0.0
2026-03-19 15:25:00,389.2200012207031,389.4700012207031,388.95001220703125,389.30999755859375,130273.0,50716581.31195068
2026-03-19 15:30:00,389.30499267578125,389.6199035644531,388.9100036621094,388.9100036621094,125471.0,48796927.069488525
2026-03-19 15:35:00,388.9100036621094,389.3500061035156,388.8800048828125,389.30999755859375,97155.0,37823412.812805176
2026-03-19 15:40:00,389.30999755859375,389.3900146484375,388.8299865722656,388.8599853515625,110555.0,42990415.68054199
2026-03-19 15:45:00,388.864990234375,389.17999267578125,388.7200012207031,389.0799865722656,3035871.0,1181196647.9151306
2026-03-19 15:50:00,389.1239929199219,389.32000732421875,388.8900146484375,388.94000244140625,117072.0,45533983.96582031
2026-03-19 15:55:00,388.92498779296875,389.6700134277344,388.8999938964844,389.6099853515625,0.0,0.0
2026-03-19 16:00:00,389.590087890625,390.1199951171875,389.4200134277344,389.739990234375,178474.0,69558455.01708984
2026-03-19 16:05:00,389.7349853515625,390.0899963378906,389.510009765625,389.8450012207031,136483.0,53207215.301605225
2026-03-19 16:10:00,389.875,389.8901062011719,389.20001220703125,389.30999755859375,110637.0,43072090.19989014
2026-03-19 16:15:00,389.3399963378906,389.5,388.9700012207031,389.05999755859375,92519.0,35995441.914123535
2026-03-19 16:20:00,389.0400085449219,389.3299865722656,388.92999267578125,389.05999755859375,80162.0,31187827.524291992
2026-03-19 16:25:00,389.1000061035156,389.2900085449219,388.8900146484375,388.95001220703125,108262.0,42108506.22155762
2026-03-19 16:30:00,389.0,389.1700134277344,388.5799865722656,388.7749938964844,122422.0,47594612.30279541
2026-03-19 16:35:00,388.79998779296875,389.159912109375,388.510009765625,389.07000732421875,118936.0,46274430.39111328
2026-03-19 16:40:00,389.010009765625,389.21990966796875,388.8655090332031,389.0400085449219,3608860.0,1403990925.2374268
2026-03-19 16:45:00,389.05999755859375,389.0675048828125,388.7300109863281,388.7349853515625,0.0,0.0
2026-03-19 16:50:00,388.75,388.8599853515625,388.2300109863281,388.4599914550781,136613.0,53068684.81265259
2026-03-19 16:55:00,388.4599914550781,388.6000061035156,388.25,388.44000244140625,112440.0,43676193.87451172
2026-03-19 17:00:00,388.4599914550781,388.5799865722656,387.8900146484375,387.9100036621094,144982.0,56239968.15093994
2026-03-19 17:05:00,387.9200134277344,387.9999084472656,387.5101013183594,387.5899963378906,118896.0,46082900.204589844
2026-03-19 17:10:00,387.5899963378906,387.94000244140625,387.57000732421875,387.8450012207031,88117.0,34175737.9725647
2026-03-19 17:15:00,387.8699951171875,388.20001220703125,387.6199951171875,388.20001220703125,93683.0,36367741.74359131
2026-03-19 17:20:00,388.20001220703125,388.2699890136719,387.75,388.0199890136719,4067234.0,1578168091.9960327
2026-03-19 17:25:00,388.0299987792969,388.0799865722656,387.79998779296875,387.92999267578125,0.0,0.0
2026-03-19 17:30:00,387.95001220703125,388.32000732421875,387.7699890136719,387.9549865722656,101238.0,39275786.93060303
2026-03-19 17:35:00,387.9425964355469,388.0,387.69000244140625,387.7300109863281,131128.0,50842260.880615234
2026-03-19 17:40:00,387.7149963378906,387.82501220703125,387.57000732421875,387.6099853515625,99407.0,38531145.81384277
2026-03-19 17:45:00,387.6050109863281,387.8399963378906,387.5,387.5799865722656,126173.0,48902129.64578247
2026-03-19 17:50:00,387.5799865722656,388.19000244140625,387.5799865722656,388.0249938964844,101900.0,39539746.87805176
2026-03-19 17:55:00,388.0,388.04998779296875,387.739990234375,387.8699951171875,72971.0,28303261.41369629
2026-03-19 18:00:00,387.8299865722656,387.8550109863281,387.55999755859375,387.57501220703125,99673.0,38630764.191711426
2026-03-19 18:05:00,387.5719909667969,388.1000061035156,387.54998779296875,388.0,99486.0,38600568.0
2026-03-19 18:10:00,388.010009765625,388.4700012207031,387.75,388.2200012207031,4626138.0,1795959300.007141
2026-03-19 18:15:00,388.2200012207031,388.2598876953125,387.82000732421875,388.239990234375,0.0,0.0
2026-03-19 18:20:00,388.239990234375,388.3337097167969,387.8304138183594,388.0498962402344,105640.0,40993591.03881836
2026-03-19 18:25:00,388.0249938964844,388.19000244140625,387.6300048828125,387.6300048828125,106555.0,41303915.170288086
2026-03-19 18:30:00,387.6300048828125,387.79998779296875,387.3500061035156,387.79998779296875,129646.0,50276717.21740723
2026-03-19 18:35:00,387.79998779296875,387.9700012207031,387.4949951171875,387.69000244140625,104743.0,40607813.925720215
2026-03-19 18:40:00,387.69000244140625,387.8699951171875,387.05999755859375,387.8399963378906,198393.0,76944740.39346313
2026-03-19 18:45:00,387.8599853515625,387.8599853515625,387.489990234375,387.57000732421875,136324.0,52835093.6784668
2026-03-19 18:50:00,387.57000732421875,387.67999267578125,387.29998779296875,387.5400085449219,174132.0,67483116.76794434
2026-03-19 18:55:00,387.5400085449219,388.70001220703125,387.4800109863281,388.239990234375,232348.0,90206785.25097656
2026-03-19 19:00:00,388.32000732421875,389.4100036621094,388.2699890136719,389.1199951171875,212883.0,82837031.92053223
2026-03-19 19:05:00,389.1400146484375,390.3659973144531,389.1199951171875,389.3699951171875,324990.0,126541354.71313477
2026-03-19 19:10:00,389.3800048828125,389.80999755859375,388.90008544921875,389.5350036621094,175183.0,68239910.5465393
2026-03-19 19:15:00,389.4700012207031,390.0299987792969,389.0,389.3500061035156,205656.0,80072164.85522461
2026-03-19 19:20:00,389.3999938964844,389.3999938964844,388.6499938964844,388.760009765625,119476.0,46447490.92675781
2026-03-19 19:25:00,388.7300109863281,388.8299865722656,388.0906066894531,388.42999267578125,5619118.0,2182633963.5843506
2026-03-19 19:30:00,388.4800109863281,388.8699951171875,388.32000732421875,388.489990234375,0.0,0.0
2026-03-19 19:35:00,388.4800109863281,388.57501220703125,387.7799987792969,388.30999755859375,194671.0,75592695.534729
2026-03-19 19:40:00,388.3500061035156,388.8800048828125,388.2200012207031,388.6600036621094,148989.0,57906065.28561401
2026-03-19 19:45:00,388.6700134277344,388.75,388.1400146484375,388.17999267578125,215286.0,83569717.90319824
2026-03-19 19:50:00,388.2200012207031,388.82000732421875,388.05999755859375,388.7200012207031,270978.0,105334568.49078369
2026-03-19 19:55:00,388.7200012207031,389.45001220703125,388.7200012207031,388.87799072265625,917123.0,356648949.48553467
2026-03-20 13:30:00,386.260009765625,387.0,383.44000244140625,384.4150085449219,6408563.0,2463547800.40567
2026-03-20 13:35:00,384.364990234375,384.76849365234375,383.57000732421875,383.80999755859375,581371.0,223136002.0906372
2026-03-20 13:40:00,383.7850036621094,384.760009765625,383.4700012207031,384.0400085449219,599155.0,230099491.31973267
2026-03-20 13:45:00,384.010009765625,384.6300048828125,383.5899963378906,383.739990234375,505029.0,193799823.52807617
2026-03-20 13:50:00,383.75,383.8699035644531,382.5799865722656,383.27978515625,1343826.0,515061340.5673828
2026-03-20 13:55:00,383.31201171875,383.42999267578125,382.3999938964844,382.79998779296875,356360.0,136414603.64990234
2026-03-20 14:00:00,382.79998779296875,383.46380615234375,382.260009765625,383.20001220703125,570553.0,218635916.5647583
2026-03-20 14:05:00,383.20001220703125,383.82110595703125,383.20001220703125,383.67498779296875,321707.0,123430929.2979126
2026-03-20 14:10:00,383.67498779296875,384.32000732421875,383.6400146484375,384.1700134277344,435102.0,167153141.18243408
2026-03-20 14:15:00,384.1700134277344,385.0,384.0299987792969,384.8456115722656,405789.0,156166115.8742981
2026-03-20 14:20:00,384.8349914550781,385.510009765625,384.44500732421875,385.4750061035156,351457.0,135477889.2201233
2026-03-20 14:25:00,385.45001220703125,385.7250061035156,384.9700012207031,385.67999267578125,331257.0,127759197.33380127
2026-03-20 14:30:00,385.6700134277344,385.864990234375,385.04998779296875,385.19000244140625,327623.0,126197104.16986084
2026-03-20 14:35:00,385.2200012207031,385.3900146484375,384.4200134277344,384.510009765625,360766.0,138718138.18310547
2026-03-20 14:40:00,384.4800109863281,385.07000732421875,384.05999755859375,384.2300109863281,347294.0,133440777.43548584
2026-03-20 14:45:00,384.19000244140625,385.0751037597656,384.07000732421875,384.8299865722656,262421.0,100987469.90628052
2026-03-20 14:50:00,384.80999755859375,384.9299011230469,384.1199951171875,384.3900146484375,294397.0,113163267.14245605
2026-03-20 14:55:00,384.3900146484375,384.8800048828125,384.20001220703125,384.25,267329.0,102721168.25
2026-03-20 15:00:00,384.25,384.909912109375,383.8900146484375,384.2300109863281,296236.0,113822761.5345459
2026-03-20 15:05:00,384.2300109863281,384.4219970703125,383.5799865722656,383.7900085449219,250814.0,96259907.20318604
2026-03-20 15:10:00,383.760009765625,384.20001220703125,383.5249938964844,383.9599914550781,279403.0,107279573.4925232
2026-03-20 15:15:00,383.95001220703125,384.0799865722656,383.42498779296875,383.42498779296875,227338.0,87167069.87487793
2026-03-20 15:20:00,383.4100036621094,383.6600036621094,382.6300048828125,382.9100036621094,415990.0,159286732.42340088
2026-03-20 15:25:00,382.9150085449219,383.4599914550781,382.8599853515625,383.3999938964844,224788.0,86183717.82800293
2026-03-20 15:30:00,383.3999938964844,384.260009765625,383.2001037597656,384.05999755859375,366945.0,140928895.80413818
2026-03-20 15:35:00,384.0400085449219,384.29998779296875,383.760009765625,384.0450134277344,205642.0,78975784.65130615
2026-03-20 15:40:00,384.0199890136719,384.4898986816406,383.9100036621094,384.3599853515625,186840.0,71813819.66308594
2026-03-20 15:45:00,384.3699951171875,384.45001220703125,383.7650146484375,384.20001220703125,189526.0,72815891.5135498
2026-03-20 15:50:00,384.15008544921875,384.3500061035156,383.69000244140625,384.239990234375,223920.0,86039018.61328125
2026-03-20 15:55:00,384.2349853515625,384.3299865722656,384.1199951171875,384.239990234375,116437.0,44739751.74291992
2026-03-20 16:00:00,384.20001220703125,384.8500061035156,384.18499755859375,384.59381103515625,268570.0,103290359.82971191
2026-03-20 16:05:00,384.6000061035156,384.7392883300781,384.3599853515625,384.614990234375,173695.0,66805700.728759766
2026-03-20 16:10:00,384.6199951171875,385.3500061035156,384.57000732421875,385.1400146484375,301402.0,116081970.69506836
2026-03-20 16:15:00,385.13958740234375,385.29998779296875,384.760009765625,385.18499755859375,350331.0,134942245.3796997
2026-03-20 16:20:00,385.18499755859375,385.25,384.8699951171875,384.9800109863281,179318.0,69033845.61004639
2026-03-20 16:25:00,385.0,385.125,384.57000732421875,384.6000061035156,172019.0,66158508.449920654
2026-03-20 16:30:00,384.57501220703125,384.67999267578125,384.1300048828125,384.3500061035156,243911.0,93747194.3387146
2026-03-20 16:35:00,384.3251037597656,384.44000244140625,383.5299987792969,383.70001220703125,219377.0,84174957.5779419
2026-03-20 16:40:00,383.71990966796875,383.75,383.2449951171875,383.54998779296875,284261.0,109028303.08001709
2026-03-20 16:45:00,383.5,383.6400146484375,383.1600036621094,383.57000732421875,138421.0,53094143.98382568
2026-03-20 16:50:00,383.6000061035156,383.760009765625,383.1300048828125,383.3999938964844,316003.0,121155548.27127075
2026-03-20 16:55:00,383.4049987792969,384.1200866699219,383.29998779296875,383.5,199419.0,76477186.5
2026-03-20 17:00:00,383.5400085449219,383.7699890136719,383.4049987792969,383.57000732421875,151384.0,58066361.98876953
2026-03-20 17:05:00,383.55499267578125,383.760009765625,382.8500061035156,383.5849914550781,265807.0,101959575.82369995
2026-03-20 17:10:00,383.5849914550781,383.70989990234375,383.17999267578125,383.4649963378906,134709.0,51656186.19168091
2026-03-20 17:15:00,383.4649963378906,383.6400146484375,383.1600036621094,383.45001220703125,182742.0,70072422.1307373
2026-03-20 17:20:00,383.4599914550781,383.8599853515625,383.3699951171875,383.5400085449219,127898.0,49054000.01287842
2026-03-20 17:25:00,383.5400085449219,383.6650085449219,383.2099914550781,383.3699951171875,149627.0,57362502.259399414
2026-03-20 17:30:00,383.29998779296875,383.57000732421875,382.9800109863281,383.1199951171875,174630.0,66904244.74731445
2026-03-20 17:35:00,383.1199951171875,383.1705017089844,382.3299865722656,382.8949890136719,263403.0,100855688.79116821
2026-03-20 17:40:00,382.8900146484375,383.1600036621094,382.7099914550781,383.0,138515.0,53051245.0
2026-03-20 17:45:00,383.0799865722656,383.44000244140625,383.0,383.32000732421875,150253.0,57594981.06048584
2026-03-20 17:50:00,383.30999755859375,383.3399963378906,382.9549865722656,383.2250061035156,157258.0,60265198.00982666
2026-03-20 17:55:00,383.25,383.3599853515625,383.0299987792969,383.10009765625,196571.0,75306369.29638672
2026-03-20 18:00:00,383.1400146484375,383.39990234375,383.0101013183594,383.239990234375,520404.0,199439623.8779297
2026-03-20 18:05:00,383.239990234375,383.54998779296875,382.739990234375,383.0299987792969,281290.0,107742508.35662842
2026-03-20 18:10:00,383.0299987792969,383.05999755859375,382.75,382.7900085449219,170633.0,65316607.528045654
2026-03-20 18:15:00,382.7749938964844,382.9599914550781,382.5899963378906,382.9599914550781,198097.0,75863225.42727661
2026-03-20 18:20:00,382.9800109863281,383.0199890136719,382.0387878417969,382.17498779296875,304860.0,116509866.77856445
2026-03-20 18:25:00,382.20001220703125,382.81500244140625,382.1700134277344,382.4397888183594,203754.0,77923636.730896
2026-03-20 18:30:00,382.4599914550781,382.510009765625,381.760009765625,381.9700012207031,614921.0,234881375.120636
2026-03-20 18:35:00,381.95001220703125,382.1199951171875,381.81500244140625,381.81500244140625,226310.0,86408553.20251465
2026-03-20 18:40:00,381.8299865722656,382.0400085449219,381.66009521484375,381.8450012207031,220856.0,84332759.58959961
2026-03-20 18:45:00,381.8399963378906,381.9800109863281,381.5799865722656,381.7049865722656,268368.0,102437403.83642578
2026-03-20 18:50:00,381.67999267578125,381.8699951171875,381.3999938964844,381.8699951171875,216341.0,82614136.61364746
2026-03-20 18:55:00,381.8500061035156,381.989990234375,381.5799865722656,381.8699951171875,187188.0,71481480.6459961
2026-03-20 19:00:00,381.8699951171875,382.1000061035156,381.5799865722656,381.79998779296875,240401.0,91785098.86541748
2026-03-20 19:05:00,381.7950134277344,382.0,381.6099853515625,381.9100036621094,234113.0,89410096.68734741
2026-03-20 19:10:00,381.9100036621094,381.9399108886719,381.4649963378906,381.5899963378906,243760.0,93016377.50732422
2026-03-20 19:15:00,381.57000732421875,382.010009765625,381.510009765625,381.8699951171875,271779.0,103784245.4029541
2026-03-20 19:20:00,381.8699951171875,382.0,381.3500061035156,381.3999938964844,280723.0,107067750.48660278
2026-03-20 19:25:00,381.3999938964844,382.25,381.32000732421875,382.0950012207031,292088.0,111605364.71655273
2026-03-20 19:30:00,382.1099853515625,382.3699951171875,381.3900146484375,381.3900146484375,437653.0,166916484.08093262
2026-03-20 19:35:00,381.4100036621094,381.42999267578125,380.1199951171875,380.4100036621094,490545.0,186608225.24642944
2026-03-20 19:40:00,380.4100036621094,380.9599914550781,380.1700134277344,380.8399963378906,512800.0,195294750.1220703
2026-03-20 19:45:00,380.82000732421875,380.9599914550781,380.45001220703125,380.6700134277344,463302.0,176365178.5610962
2026-03-20 19:50:00,380.6499938964844,381.5400085449219,380.54998779296875,381.3999938964844,680242.0,259444294.64813232
2026-03-20 19:55:00,381.3999938964844,381.94000244140625,381.1900939941406,381.8699951171875,1601466.0,611551813.6003418
2026-03-23 13:30:00,383.9949951171875,386.3999938964844,383.5199890136719,386.1400146484375,2733079.0,1055351165.0953369
2026-03-23 13:35:00,386.18499755859375,387.2099914550781,385.70001220703125,386.1000061035156,559721.0,216108281.51626587
2026-03-23 13:40:00,386.1896057128906,386.2900085449219,384.2699890136719,384.3900146484375,420170.0,161509152.45483398
2026-03-23 13:45:00,384.3349914550781,385.739990234375,384.0,385.489990234375,491569.0,189494929.00952148
2026-03-23 13:50:00,385.489990234375,386.42498779296875,384.9443054199219,386.1300048828125,387160.0,149494092.6904297
2026-03-23 13:55:00,386.0799865722656,386.08990478515625,384.95001220703125,385.94500732421875,338796.0,130756624.70141602
2026-03-23 14:00:00,385.9800109863281,386.1600036621094,385.0249938964844,385.2650146484375,354038.0,136398455.25610352
2026-03-23 14:05:00,385.2099914550781,385.8699951171875,384.70001220703125,385.3450012207031,356393.0,137334261.02005005
2026-03-23 14:10:00,385.3399963378906,386.6099853515625,385.110107421875,386.6000061035156,328283.0,126914209.80368042
2026-03-23 14:15:00,386.6199951171875,387.2099914550781,386.510009765625,387.010009765625,348227.0,134767334.6706543
2026-03-23 14:20:00,387.04998779296875,387.05999755859375,386.44000244140625,386.4599914550781,256664.0,99190367.24682617
2026-03-23 14:25:00,386.4949951171875,386.6449890136719,385.0400085449219,385.489990234375,376926.0,145301200.05908203
2026-03-23 14:30:00,385.489990234375,385.9200134277344,385.0801086425781,385.67999267578125,198376.0,76509654.22705078
2026-03-23 14:35:00,385.6400146484375,385.9200134277344,385.17999267578125,385.5700988769531,218251.0,84151059.6499939
2026-03-23 14:40:00,385.57000732421875,385.80499267578125,385.239990234375,385.3399963378906,168585.0,64962543.28262329
2026-03-23 14:45:00,385.3599853515625,385.9800109863281,385.1000061035156,385.5899963378906,232111.0,89499679.63998413
2026-03-23 14:50:00,385.5899963378906,385.79998779296875,384.95001220703125,385.3399963378906,196494.0,75716997.24041748
2026-03-23 14:55:00,385.3266906738281,385.9200134277344,385.239990234375,385.6300048828125,167073.0,64428361.80578613
2026-03-23 15:00:00,385.6300048828125,386.5799865722656,385.2950134277344,386.510009765625,284130.0,109819089.07470703
2026-03-23 15:05:00,386.510009765625,386.7099914550781,386.0,386.6451110839844,200052.0,77349127.76257324
2026-03-23 15:10:00,386.6499938964844,387.1300048828125,386.5199890136719,386.90008544921875,244314.0,94525107.47644043
2026-03-23 15:15:00,386.8800048828125,386.9700012207031,386.3599853515625,386.3900146484375,186960.0,72239477.13867188
2026-03-23 15:20:00,386.3800048828125,387.1499938964844,385.6000061035156,387.05999755859375,253149.0,97983851.32196045
2026-03-23 15:25:00,387.0299987792969,387.139892578125,386.5,386.7250061035156,211917.0,81953603.11843872
2026-03-23 15:30:00,386.75,386.9299011230469,385.92999267578125,385.92999267578125,238383.0,91999149.44403076
2026-03-23 15:35:00,385.9599914550781,386.0,384.92999267578125,385.1684875488281,256062.0,98627013.25872803
2026-03-23 15:40:00,385.1400146484375,385.20001220703125,384.54998779296875,384.8900146484375,268036.0,103164379.9663086
2026-03-23 15:45:00,384.8949890136719,384.9200134277344,384.20001220703125,384.4100036621094,181915.0,69929945.81619263
2026-03-23 15:50:00,384.4200134277344,384.57000732421875,383.25,383.2799987792969,292440.0,112086402.84301758
2026-03-23 15:55:00,383.2699890136719,383.6991882324219,382.5400085449219,383.510009765625,312882.0,119993378.87548828
2026-03-23 16:00:00,383.42999267578125,384.07501220703125,383.3399963378906,383.92999267578125,230025.0,88313496.56524658
2026-03-23 16:05:00,383.92498779296875,385.04998779296875,383.7049865722656,384.6499938964844,219819.0,84553377.0083313
2026-03-23 16:10:00,384.6400146484375,384.8500061035156,384.3999938964844,384.79998779296875,199394.0,76726808.76599121
2026-03-23 16:15:00,384.75,384.83990478515625,383.60009765625,384.1300048828125,237738.0,91322299.10083008
2026-03-23 16:20:00,384.19000244140625,384.3500061035156,383.1099853515625,383.30999755859375,292377.0,112071027.15618896
2026-03-23 16:25:00,383.2699890136719,383.3999938964844,382.3500061035156,382.5299987792969,248582.0,95090072.15655518
2026-03-23 16:30:00,382.5,383.1099853515625,382.4100036621094,382.8699951171875,176347.0,67517975.02893066
2026-03-23 16:35:00,382.9100036621094,383.25,382.5400085449219,382.7300109863281,184818.0,70735395.17047119
2026-03-23 16:40:00,382.7250061035156,383.3799133300781,382.6300048828125,383.0899963378906,168945.0,64721139.43130493
2026-03-23 16:45:00,383.0799865722656,383.489990234375,382.8450012207031,383.4150085449219,168006.0,64416021.925598145
2026-03-23 16:50:00,383.389892578125,383.64990234375,382.5799865722656,382.7749938964844,179179.0,68585240.63137817
2026-03-23 16:55:00,382.7900085449219,382.8900146484375,382.2900085449219,382.54998779296875,167180.0,63954706.959228516
2026-03-23 17:00:00,382.57000732421875,383.2300109863281,382.5400085449219,382.6000061035156,187044.0,71563035.54162598
2026-03-23 17:05:00,382.5849914550781,382.9800109863281,382.3999938964844,382.8949890136719,151589.0,58042668.489593506
2026-03-23 17:10:00,382.885009765625,382.8999938964844,382.1600036621094,382.1600036621094,176964.0,67628562.88806152
2026-03-23 17:15:00,382.19000244140625,382.34991455078125,381.9200134277344,382.2300109863281,157313.0,60129749.71829224
2026-03-23 17:20:00,382.2049865722656,382.2099914550781,381.67999267578125,381.82501220703125,214533.0,81914065.34381104
2026-03-23 17:25:00,381.82501220703125,382.6000061035156,381.79998779296875,382.32000732421875,168672.0,64486680.275390625
2026-03-23 17:30:00,382.3399963378906,383.2738952636719,382.2200012207031,383.2300109863281,187983.0,72040727.15524292
2026-03-23 17:35:00,383.25,384.0150146484375,383.1700134277344,383.3949890136719,239515.0,91828850.79360962
2026-03-23 17:40:00,383.3900146484375,383.4700012207031,382.70001220703125,382.9150085449219,158208.0,60580217.671875
2026-03-23 17:45:00,382.9150085449219,382.989990234375,382.5799865722656,382.9599914550781,138684.0,53110423.454956055
2026-03-23 17:50:00,382.95001220703125,383.2096862792969,382.8900146484375,383.0950012207031,224784.0,86113626.75439453
2026-03-23 17:55:00,383.07000732421875,383.3500061035156,382.9100036621094,383.17999267578125,125861.0,48227417.058166504
2026-03-23 18:00:00,383.1400146484375,383.489990234375,382.92999267578125,383.364990234375,226568.0,86858239.10742188
2026-03-23 18:05:00,383.385009765625,383.4100036621094,382.2900085449219,382.82501220703125,219967.0,84208869.46014404
2026-03-23 18:10:00,382.8550109863281,383.3299865722656,382.8550109863281,383.1300048828125,166272.0,63703792.171875
2026-03-23 18:15:00,383.1400146484375,383.25,382.79998779296875,382.9100036621094,159710.0,61154556.68487549
2026-03-23 18:20:00,382.9200134277344,382.92498779296875,382.510009765625,382.8500061035156,217048.0,83096828.12475586
2026-03-23 18:25:00,382.8500061035156,382.8999938964844,382.29998779296875,382.465087890625,221340.0,84654822.55371094
2026-03-23 18:30:00,382.4649963378906,383.3699951171875,382.4649963378906,383.2799987792969,275306.0,105519283.3439331
2026-03-23 18:35:00,383.30999755859375,383.6400146484375,382.5,382.635009765625,475032.0,181763873.95898438
2026-03-23 18:40:00,382.6199951171875,382.9599914550781,382.3599853515625,382.760009765625,245161.0,93837826.75415039
2026-03-23 18:45:00,382.7749938964844,383.1300048828125,382.5799865722656,382.9800109863281,173937.0,66614394.170928955
2026-03-23 18:50:00,383.010009765625,383.17999267578125,382.8299865722656,383.17999267578125,147847.0,56652012.37713623
2026-03-23 18:55:00,383.1600036621094,383.5400085449219,382.9800109863281,383.3299865722656,202236.0,77523123.16442871
2026-03-23 19:00:00,383.3299865722656,383.43499755859375,382.92010498046875,383.25,206667.0,79205127.75
2026-03-23 19:05:00,383.25,383.25,382.6000061035156,382.8100891113281,245566.0,94005142.3427124
2026-03-23 19:10:00,382.8349914550781,383.1600036621094,382.6000061035156,382.8599853515625,249502.0,95524332.06518555
2026-03-23 19:15:00,382.8599853515625,383.1600036621094,382.79998779296875,383.0799865722656,181512.0,69533614.52270508
2026-03-23 19:20:00,383.0799865722656,383.4100036621094,382.7699890136719,383.3599853515625,209626.0,80362220.28930664
2026-03-23 19:25:00,383.3500061035156,383.4800109863281,382.95001220703125,382.95001220703125,236779.0,90674520.94036865
2026-03-23 19:30:00,382.95001220703125,383.1557922363281,382.8900146484375,383.0669860839844,188402.0,72170586.31219482
2026-03-23 19:35:00,383.07000732421875,383.3999938964844,382.9800109863281,383.3699951171875,208594.0,79968680.76147461
2026-03-23 19:40:00,383.3699951171875,383.7699890136719,383.2799987792969,383.760009765625,246505.0,94598761.20727539
2026-03-23 19:45:00,383.75,384.07501220703125,383.5400085449219,383.75799560546875,264287.0,101422249.38458252
2026-03-23 19:50:00,383.75,383.9700012207031,383.19000244140625,383.5849914550781,522532.0,200435432.75500488
2026-03-23 19:55:00,383.5899963378906,383.739990234375,382.8299865722656,382.9800109863281,1205503.0,461683552.1840515
2026-03-24 13:30:00,382.4100036621094,382.4700012207031,379.3421936035156,380.44000244140625,2140603.0,814371010.5460815
2026-03-24 13:35:00,380.44000244140625,380.44000244140625,376.5,376.5899963378906,947676.0,356885301.36950684
2026-03-24 13:40:00,376.6105041503906,376.9129943847656,375.6199951171875,376.1000061035156,654732.0,246244709.196167
2026-03-24 13:45:00,376.1499938964844,377.6199951171875,375.8699951171875,376.4599914550781,521159.0,196195512.68673706
2026-03-24 13:50:00,376.4599914550781,376.8500061035156,375.9450988769531,376.1499938964844,364788.0,137215003.97351074
2026-03-24 13:55:00,376.1400146484375,376.2200012207031,375.2200012207031,375.5,630707.0,236830478.5
2026-03-24 14:00:00,375.489990234375,376.2200012207031,374.7799987792969,374.9534912109375,777324.0,291460347.6020508
2026-03-24 14:05:00,375.0,375.1199951171875,373.92999267578125,374.6499938964844,842464.0,315629132.4580078
2026-03-24 14:10:00,374.6099853515625,374.7699890136719,372.7200012207031,373.03900146484375,997158.0,371978824.62268066
2026-03-24 14:15:00,373.0299987792969,373.5400085449219,372.3999938964844,373.1000061035156,783873.0,292463021.0843811
2026-03-24 14:20:00,373.1099853515625,373.3699951171875,372.6199951171875,372.8800048828125,964539.0,359657307.0296631
2026-03-24 14:25:00,372.8699951171875,373.3500061035156,372.6000061035156,372.80999755859375,530910.0,197928555.803833
2026-03-24 14:30:00,372.80499267578125,373.17999267578125,372.45001220703125,373.1000061035156,541923.0,202191474.6076355
2026-03-24 14:35:00,373.1000061035156,373.94000244140625,372.2799987792969,373.8500061035156,681272.0,254693541.3581543
2026-03-24 14:40:00,373.8699951171875,374.989990234375,373.70001220703125,374.739990234375,769189.0,288245878.3483887
2026-03-24 14:45:00,374.7200012207031,374.95001220703125,374.0400085449219,374.0400085449219,510625.0,190994179.36325073
2026-03-24 14:50:00,374.06500244140625,376.1600036621094,373.60009765625,375.239990234375,644751.0,241936358.94360352
2026-03-24 14:55:00,375.17999267578125,375.69000244140625,372.54998779296875,373.125,618752.0,230871840.0
2026-03-24 15:00:00,373.1199951171875,374.4200134277344,373.0799865722656,374.07501220703125,561697.0,210116812.13165283
2026-03-24 15:05:00,374.0849914550781,374.29998779296875,373.45001220703125,373.510009765625,418608.0,156354278.16796875
2026-03-24 15:10:00,373.6000061035156,374.04998779296875,373.3399963378906,373.7900085449219,370525.0,138498542.91610718
2026-03-24 15:15:00,373.8399963378906,374.04998779296875,373.2699890136719,373.4800109863281,433558.0,161925246.60321045
2026-03-24 15:20:00,373.489990234375,373.5799865722656,373.010009765625,373.5450134277344,523465.0,195537740.45394897
2026-03-24 15:25:00,373.5299987792969,373.989990234375,373.2200012207031,373.5365905761719,430205.0,160697308.94882202
2026-03-24 15:30:00,373.5400085449219,374.2099914550781,373.3699951171875,373.40069580078125,374286.0,139758652.8284912
2026-03-24 15:35:00,373.4399108886719,374.260009765625,373.3299865722656,373.8900146484375,273898.0,102407727.23217773
2026-03-24 15:40:00,373.8399963378906,373.9800109863281,373.42999267578125,373.70001220703125,257450.0,96209068.1427002
2026-03-24 15:45:00,373.6300048828125,373.9100036621094,373.4800109863281,373.8900146484375,215051.0,80405421.54016113
2026-03-24 15:50:00,373.8299865722656,374.2049865722656,373.5199890136719,373.55999755859375,227037.0,84811941.16571045
2026-03-24 15:55:00,373.54010009765625,373.55999755859375,372.6499938964844,372.6499938964844,453305.0,168924105.48324585
2026-03-24 16:00:00,372.69000244140625,372.8800048828125,372.1499938964844,372.4750061035156,432620.0,161140137.14050293
2026-03-24 16:05:00,372.4800109863281,372.7164001464844,372.2312927246094,372.7099914550781,306271.0,114150261.79293823
2026-03-24 16:10:00,372.7099914550781,372.75,372.2290954589844,372.7300109863281,287297.0,107084213.96633911
2026-03-24 16:15:00,372.739990234375,373.8175048828125,372.7200012207031,373.6300048828125,323530.0,120880515.47973633
2026-03-24 16:20:00,373.6300048828125,373.80999755859375,373.260009765625,373.7998962402344,284981.0,106525868.23043823
2026-03-24 16:25:00,373.7601013183594,374.1000061035156,373.4599914550781,373.95001220703125,252973.0,94599256.43804932
2026-03-24 16:30:00,373.9150085449219,374.2300109863281,373.42999267578125,373.4999084472656,266350.0,99481700.6149292
2026-03-24 16:35:00,373.4800109863281,373.5,372.7900085449219,372.7900085449219,251282.0,93675418.92718506
2026-03-24 16:40:00,372.82000732421875,373.4607849121094,372.70001220703125,373.4200134277344,199781.0,74602223.7026062
2026-03-24 16:45:00,373.4599914550781,373.8599853515625,373.3599853515625,373.47259521484375,182211.0,68050815.0466919
2026-03-24 16:50:00,373.4700012207031,373.9549865722656,373.4200134277344,373.614990234375,189648.0,70855335.66796875
2026-03-24 16:55:00,373.6400146484375,373.7650146484375,373.1700134277344,373.6099853515625,266931.0,99728086.99987793
2026-03-24 17:00:00,373.614990234375,373.7900085449219,372.5299987792969,372.5400085449219,241786.0,90074958.50604248
2026-03-24 17:05:00,372.5400085449219,372.5899963378906,372.0299987792969,372.3299865722656,815894.0,303781802.0643921
2026-03-24 17:10:00,372.2900085449219,372.82000732421875,372.1449890136719,372.7200012207031,335585.0,125079241.60964966
2026-03-24 17:15:00,372.7200012207031,372.760009765625,371.8500061035156,372.0450134277344,867690.0,322819737.70111084
2026-03-24 17:20:00,372.05999755859375,372.5,371.9599914550781,372.20001220703125,263316.0,98006218.41430664
2026-03-24 17:25:00,372.2250061035156,372.8800048828125,372.0299987792969,372.8299865722656,256908.0,95783006.19030762
2026-03-24 17:30:00,372.8299865722656,373.2799987792969,372.42999267578125,372.5098876953125,247818.0,92314655.34887695
2026-03-24 17:35:00,372.4750061035156,373.20001220703125,372.4100036621094,372.93499755859375,282652.0,105410822.92993164
2026-03-24 17:40:00,372.96380615234375,373.1700134277344,372.4794006347656,372.635009765625,222037.0,82738759.66333008
2026-03-24 17:45:00,372.635009765625,372.8299865722656,372.45001220703125,372.7174987792969,152635.0,56889735.42617798
2026-03-24 17:50:00,372.67999267578125,373.239990234375,372.5899963378906,372.8841857910156,224697.0,83785957.89468384
2026-03-24 17:55:00,372.8500061035156,373.6099853515625,372.7099914550781,373.17999267578125,375209.0,140020491.8718872
2026-03-24 18:00:00,373.19000244140625,373.7300109863281,373.1400146484375,373.5199890136719,241035.0,90031390.5519104
2026-03-24 18:05:00,373.5199890136719,373.8699951171875,373.3700866699219,373.7900085449219,191670.0,71644330.93780518
2026-03-24 18:10:00,373.80999755859375,374.0599060058594,373.5199890136719,373.8900146484375,242778.0,90772269.97631836
2026-03-24 18:15:00,373.9150085449219,374.1199951171875,373.3399963378906,374.03009033203125,338793.0,126718776.39385986
2026-03-24 18:20:00,374.1099853515625,374.2455139160156,373.7699890136719,373.9599914550781,239616.0,89606797.3125
2026-03-24 18:25:00,373.9800109863281,374.1499938964844,373.75,373.9200134277344,184771.0,69089574.80105591
2026-03-24 18:30:00,373.9100036621094,374.6700134277344,373.74749755859375,374.4649963378906,350959.0,131421860.64974976
2026-03-24 18:35:00,374.4599914550781,375.3699951171875,374.4599914550781,375.3500061035156,327639.0,122979300.64974976
2026-03-24 18:40:00,375.33990478515625,375.44000244140625,373.8599853515625,374.2699890136719,309663.0,115897567.60794067
2026-03-24 18:45:00,374.2900085449219,374.31988525390625,373.3800048828125,373.489990234375,261166.0,97542886.78955078
2026-03-24 18:50:00,373.5098876953125,373.9100036621094,373.3500061035156,373.5799865722656,191430.0,71514416.82952881
2026-03-24 18:55:00,373.5400085449219,373.6400146484375,373.20001220703125,373.4440002441406,215926.0,80636269.19671631
2026-03-24 19:00:00,373.45001220703125,373.94500732421875,373.45001220703125,373.69000244140625,230068.0,85974111.48168945
2026-03-24 19:05:00,373.69000244140625,374.0299987792969,373.55999755859375,373.8699951171875,269853.0,100889939.7923584
2026-03-24 19:10:00,373.8699951171875,374.4100036621094,373.7799987792969,374.3699951171875,288236.0,107906909.91259766
2026-03-24 19:15:00,374.3800048828125,374.5899963378906,374.260009765625,374.45001220703125,281810.0,105523757.94006348
2026-03-24 19:20:00,374.4200134277344,374.55999755859375,374.0,374.17999267578125,225771.0,84478991.12640381
2026-03-24 19:25:00,374.1700134277344,374.3299865722656,373.760009765625,373.9700012207031,249759.0,93402373.53488159
2026-03-24 19:30:00,373.9800109863281,374.260009765625,373.5400085449219,373.5849914550781,296153.0,110638315.97439575
2026-03-24 19:35:00,373.5856018066406,373.69000244140625,373.20001220703125,373.5398864746094,273349.0,102106754.427948
2026-03-24 19:40:00,373.510009765625,373.8800048828125,373.3949890136719,373.6199951171875,334664.0,125037162.04589844
2026-03-24 19:45:00,373.6099853515625,373.6099853515625,373.0199890136719,373.2101135253906,376827.0,140635647.44943237
2026-03-24 19:50:00,373.2300109863281,373.2799987792969,372.7699890136719,372.8399963378906,668174.0,249121991.71307373
2026-03-24 19:55:00,372.8299865722656,372.84600830078125,372.0,372.75,1540374.0,574174408.5
2026-03-25 13:30:00,376.9200134277344,377.05999755859375,374.7799987792969,376.23260498046875,2125551.0,799701589.7488403
2026-03-25 13:35:00,376.2300109863281,376.81988525390625,374.9200134277344,375.0050048828125,582529.0,218451290.48937988
2026-03-25 13:40:00,374.97900390625,375.45001220703125,373.510009765625,373.70001220703125,619809.0,231622630.86602783
2026-03-25 13:45:00,373.7049865722656,374.5400085449219,373.6400146484375,374.04998779296875,543086.0,203141311.67053223
2026-03-25 13:50:00,374.04998779296875,374.25,373.4200134277344,374.07501220703125,451252.0,168802097.40844727
2026-03-25 13:55:00,374.07501220703125,374.30999755859375,373.17999267578125,373.3949890136719,551349.0,205870953.79769897
2026-03-25 14:00:00,373.41119384765625,373.5899963378906,372.6499938964844,373.197509765625,551130.0,205680343.5571289
2026-03-25 14:05:00,373.1911926269531,373.69500732421875,372.6199951171875,373.2200012207031,502692.0,187614708.8536377
2026-03-25 14:10:00,373.2099914550781,374.25,372.95001220703125,374.1600036621094,472407.0,176755804.8500061
2026-03-25 14:15:00,374.1499938964844,374.3800048828125,373.70001220703125,373.8301086425781,304739.0,113920613.47763062
2026-03-25 14:20:00,373.8999938964844,374.2149963378906,373.44000244140625,373.6000061035156,318463.0,118977778.7437439
2026-03-25 14:25:00,373.6000061035156,374.2300109863281,373.1700134277344,373.739990234375,280095.0,104682702.56469727
2026-03-25 14:30:00,373.75,374.1300048828125,373.4750061035156,374.0799865722656,276099.0,103283110.21261597
2026-03-25 14:35:00,374.1000061035156,374.19879150390625,373.239990234375,373.4200134277344,279242.0,104274551.3895874
2026-03-25 14:40:00,373.42498779296875,373.864990234375,373.2500915527344,373.260009765625,245416.0,91603978.55664062
2026-03-25 14:45:00,373.260009765625,373.79998779296875,373.260009765625,373.4884948730469,279116.0,104246614.73498535
2026-03-25 14:50:00,373.47930908203125,373.70001220703125,372.70001220703125,372.8299865722656,426869.0,159149563.53811646
2026-03-25 14:55:00,372.8599853515625,373.72259521484375,372.7149963378906,373.25250244140625,361009.0,134747512.65386963
2026-03-25 15:00:00,373.2650146484375,373.35870361328125,372.9599914550781,373.2449951171875,208445.0,77801053.00720215
2026-03-25 15:05:00,373.2749938964844,373.44500732421875,371.79998779296875,371.8949890136719,478706.0,178028362.6107788
2026-03-25 15:10:00,371.8999938964844,372.17999267578125,370.4599914550781,370.4849853515625,602526.0,223226836.28393555
2026-03-25 15:15:00,370.47119140625,370.8500061035156,369.739990234375,369.989990234375,843726.0,312170174.5004883
2026-03-25 15:20:00,370.0,370.8599853515625,369.8800964355469,370.68011474609375,411713.0,152613822.0824585
2026-03-25 15:25:00,370.7200012207031,371.4200134277344,370.489990234375,371.4150085449219,287504.0,106783300.61669922
2026-03-25 15:30:00,371.4150085449219,371.57000732421875,371.1499938964844,371.2200012207031,334274.0,124089194.68804932
2026-03-25 15:35:00,371.19500732421875,371.2499084472656,370.5199890136719,370.57501220703125,316059.0,117123567.78314209
2026-03-25 15:40:00,370.5350036621094,370.80999755859375,370.04998779296875,370.30999755859375,279699.0,103575336.00714111
2026-03-25 15:45:00,370.30999755859375,370.3800048828125,369.9800109863281,370.2799987792969,356883.0,132146636.8043518
2026-03-25 15:50:00,370.2699890136719,370.59320068359375,369.9800109863281,370.1200866699219,267321.0,98940871.68869019
2026-03-25 15:55:00,370.1549987792969,370.7340087890625,370.0,370.4154968261719,276572.0,102446554.78820801
2026-03-25 16:00:00,370.4100036621094,370.568603515625,370.0799865722656,370.1300048828125,191959.0,71049785.6072998
2026-03-25 16:05:00,370.125,370.45001220703125,369.9800109863281,370.3349914550781,258817.0,95848991.48342896
2026-03-25 16:10:00,370.3299865722656,370.45989990234375,370.0899963378906,370.2950134277344,180228.0,66737529.68005371
2026-03-25 16:15:00,370.2900085449219,370.6199951171875,370.25,370.4200134277344,244295.0,90491757.18032837
2026-03-25 16:20:00,370.4200134277344,370.8599853515625,370.25,370.6875,326032.0,120855987.0
2026-03-25 16:25:00,370.8699951171875,371.139892578125,370.5201110839844,370.875,328573.0,121859511.375
2026-03-25 16:30:00,370.875,371.32000732421875,370.6700134277344,371.1000061035156,236890.0,87909880.44586182
2026-03-25 16:35:00,371.0899963378906,371.55999755859375,371.010009765625,371.4200134277344,165620.0,61514582.62390137
2026-03-25 16:40:00,371.4200134277344,371.5,370.9700012207031,371.3550109863281,155529.0,57756473.50369263
2026-03-25 16:45:00,371.3599853515625,371.3900146484375,370.9200134277344,370.989990234375,143945.0,53402154.14428711
2026-03-25 16:50:00,370.989990234375,371.2799987792969,370.7349853515625,371.2049865722656,176130.0,65380334.284973145
2026-03-25 16:55:00,371.20001220703125,371.33740234375,370.8299865722656,370.9800109863281,152985.0,56754376.98074341
2026-03-25 17:00:00,371.0050048828125,371.19989013671875,370.6000061035156,370.9205017089844,183930.0,68223407.8793335
2026-03-25 17:05:00,370.8999938964844,370.92498779296875,370.4200134277344,370.5199890136719,216514.0,80222764.90130615
2026-03-25 17:10:00,370.5150146484375,371.17999267578125,370.4649963378906,370.840087890625,243206.0,90190534.41552734
2026-03-25 17:15:00,370.8349914550781,371.19000244140625,370.57000732421875,371.0199890136719,323792.0,120133304.28271484
2026-03-25 17:20:00,371.04998779296875,371.3500061035156,370.9100036621094,371.0400085449219,193504.0,71797725.81347656
2026-03-25 17:25:00,371.07000732421875,371.6600036621094,371.07000732421875,371.3900146484375,152809.0,56751736.748413086
2026-03-25 17:30:00,371.3999938964844,371.4700012207031,370.92999267578125,371.19000244140625,244011.0,90574443.68572998
2026-03-25 17:35:00,371.19989013671875,371.4299011230469,370.8599853515625,371.3800048828125,303615.0,112756540.18249512
2026-03-25 17:40:00,371.375,371.510009765625,371.0,371.0700988769531,220278.0,81738579.24041748
2026-03-25 17:45:00,371.1000061035156,371.1005859375,370.69000244140625,370.69000244140625,168477.0,62452739.5413208
2026-03-25 17:50:00,370.7049865722656,371.1300048828125,370.510009765625,370.8699035644531,194481.0,72127149.71511841
2026-03-25 17:55:00,370.860107421875,371.42999267578125,370.75,370.9949951171875,265546.0,98516236.97338867
2026-03-25 18:00:00,371.0050048828125,371.0799865722656,370.6000061035156,370.82000732421875,159658.0,59204380.72937012
2026-03-25 18:05:00,370.82000732421875,371.1000061035156,370.4200134277344,370.7699890136719,205575.0,76221040.4914856
2026-03-25 18:10:00,370.7449951171875,370.8999938964844,370.6400146484375,370.739990234375,438809.0,162684044.37475586
2026-03-25 18:15:00,370.760009765625,370.80999755859375,370.3949890136719,370.4194030761719,169235.0,62687927.67959595
2026-03-25 18:20:00,370.4100036621094,370.6700134277344,370.3699951171875,370.6499938964844,128091.0,47476928.36819458
2026-03-25 18:25:00,370.6405029296875,370.6590881347656,369.989990234375,370.0299987792969,354497.0,131174524.4772644
2026-03-25 18:30:00,370.0400085449219,370.2699890136719,369.989990234375,370.239990234375,214832.0,79539397.58203125
2026-03-25 18:35:00,370.2300109863281,370.5400085449219,370.1300048828125,370.5,181461.0,67231300.5
2026-03-25 18:40:00,370.510009765625,370.5400085449219,370.1000061035156,370.4100036621094,158462.0,58695910.000305176
2026-03-25 18:45:00,370.3900146484375,370.510009765625,370.1650085449219,370.20001220703125,177701.0,65784912.36920166
2026-03-25 18:50:00,370.18499755859375,370.4800109863281,370.1000061035156,370.4175109863281,145895.0,54042062.76535034
2026-03-25 18:55:00,370.4150085449219,370.4800109863281,369.6300048828125,370.29998779296875,477582.0,176848608.7701416
2026-03-25 19:00:00,370.29998779296875,370.29998779296875,369.69000244140625,369.9599914550781,289967.0,107276188.84225464
2026-03-25 19:05:00,369.95001220703125,370.0299987792969,369.6400146484375,369.7900085449219,305431.0,112945332.09988403
2026-03-25 19:10:00,369.7900085449219,370.0899963378906,369.7099914550781,370.0400085449219,244051.0,90308634.12539673
2026-03-25 19:15:00,370.0199890136719,370.4200134277344,369.9599914550781,370.3500061035156,268402.0,99402682.3381958
2026-03-25 19:20:00,370.3800048828125,370.6600036621094,370.2799987792969,370.6000061035156,418294.0,155019758.95306396
2026-03-25 19:25:00,370.6099853515625,370.7300109863281,370.1400146484375,370.3900146484375,225327.0,83458870.83068848
2026-03-25 19:30:00,370.3800048828125,370.4200134277344,370.04998779296875,370.3900146484375,208965.0,77398549.41101074
2026-03-25 19:35:00,370.3800048828125,370.45001220703125,370.1499938964844,370.37298583984375,193362.0,71616061.28796387
2026-03-25 19:40:00,370.3800048828125,370.6499938964844,370.2099914550781,370.510009765625,755495.0,279918459.82788086
2026-03-25 19:45:00,370.5,370.75,370.4125061035156,370.70001220703125,287190.0,106461336.5057373
2026-03-25 19:50:00,370.7200012207031,371.3599853515625,370.7099914550781,370.94000244140625,574872.0,213243021.0834961
2026-03-25 19:55:00,371.0,371.2200012207031,370.6099853515625,371.0299987792969,1162831.0,431445184.51052856
2026-03-26 13:30:00,370.81500244140625,371.25,369.2900085449219,369.8599853515625,1666749.0,616463760.7247314
2026-03-26 13:35:00,369.8900146484375,372.0,369.6600036621094,370.7864990234375,840423.0,311617501.8687744
2026-03-26 13:40:00,370.7622985839844,372.6499938964844,370.7622985839844,372.17498779296875,651532.0,242483914.14672852
2026-03-26 13:45:00,372.1600036621094,372.8500061035156,371.45001220703125,372.3999938964844,508442.0,189343797.6967163
2026-03-26 13:50:00,372.3999938964844,373.54998779296875,372.25,373.5,743778.0,277801083.0
2026-03-26 13:55:00,373.4501037597656,373.82989501953125,372.30010986328125,373.7349853515625,694083.0,259403099.83776855
2026-03-26 14:00:00,373.7699890136719,374.71990966796875,373.260009765625,373.68499755859375,652651.0,243885887.34161377
2026-03-26 14:05:00,373.68499755859375,374.239990234375,373.0299987792969,373.2300109863281,472149.0,176220176.45718384
2026-03-26 14:10:00,373.2049865722656,373.44000244140625,372.29998779296875,372.55999755859375,474975.0,176956684.84039307
2026-03-26 14:15:00,372.55999755859375,372.6600036621094,371.8399963378906,371.8580017089844,446608.0,166074758.4272461
2026-03-26 14:20:00,371.8599853515625,372.56988525390625,371.7200927734375,372.0950012207031,324125.0,120605292.2706604
2026-03-26 14:25:00,372.0849914550781,372.3349914550781,371.8100891113281,371.94000244140625,296903.0,110430102.54486084
2026-03-26 14:30:00,371.95001220703125,372.3999938964844,371.8500061035156,371.9700012207031,294916.0,109699904.88000488
2026-03-26 14:35:00,371.9800109863281,372.0400085449219,371.19000244140625,371.4525146484375,417960.0,155252293.02246094
2026-03-26 14:40:00,371.45001220703125,372.1000061035156,370.7200012207031,371.0400085449219,393662.0,146064351.84381104
2026-03-26 14:45:00,371.0299987792969,371.760009765625,371.0,371.0299987792969,316510.0,117434704.91363525
2026-03-26 14:50:00,371.0398864746094,371.17999267578125,370.73199462890625,370.9100036621094,353471.0,131105929.90444946
2026-03-26 14:55:00,370.8999938964844,371.6300048828125,370.5,371.3599853515625,387909.0,144053880.55773926
2026-03-26 15:00:00,371.4150085449219,371.57000732421875,370.14739990234375,370.2099914550781,432355.0,160062140.8555603
2026-03-26 15:05:00,370.2250061035156,370.5400085449219,370.0,370.3999938964844,395159.0,146366891.18814087
2026-03-26 15:10:00,370.3999938964844,370.57000732421875,369.9949951171875,370.1400146484375,279455.0,103437477.7935791
2026-03-26 15:15:00,370.1524963378906,370.3399963378906,369.9800109863281,370.3299865722656,308621.0,114291610.78591919
2026-03-26 15:20:00,370.30999755859375,370.5199890136719,370.07000732421875,370.0899963378906,319239.0,118147160.34091187
2026-03-26 15:25:00,370.0799865722656,370.3699951171875,369.54998779296875,369.9800109863281,483174.0,178764721.8283081
2026-03-26 15:30:00,369.9800109863281,370.07000732421875,368.8500061035156,368.95001220703125,814684.0,300577671.74487305
2026-03-26 15:35:00,368.93499755859375,368.9849853515625,368.3500061035156,368.5350036621094,590901.0,217767702.1989441
2026-03-26 15:40:00,368.5350036621094,368.8800048828125,368.0400085449219,368.2900085449219,384041.0,141438463.17160034
2026-03-26 15:45:00,368.30999755859375,369.20001220703125,368.2900085449219,368.5079040527344,359649.0,132533499.18466187
2026-03-26 15:50:00,368.5199890136719,368.6300048828125,368.1000061035156,368.2449951171875,326405.0,120197007.63122559
2026-03-26 15:55:00,368.2799987792969,368.3699951171875,367.739990234375,367.989990234375,428961.0,157853354.20092773
2026-03-26 16:00:00,367.9800109863281,368.25,367.760009765625,368.0400085449219,231879.0,85340749.14138794
2026-03-26 16:05:00,368.05499267578125,368.3550109863281,367.8699951171875,367.885009765625,186864.0,68744464.46484375
2026-03-26 16:10:00,367.9114990234375,368.0199890136719,367.7200012207031,367.8623046875,220679.0,81179485.53613281
2026-03-26 16:15:00,367.82000732421875,367.82000732421875,367.04998779296875,367.69500732421875,358227.0,131718279.38873291
2026-03-26 16:20:00,367.6950988769531,368.010009765625,367.4200134277344,367.9800109863281,330620.0,121661551.2322998
2026-03-26 16:25:00,367.95001220703125,368.010009765625,367.20001220703125,367.4200134277344,468649.0,172191021.8728943
2026-03-26 16:30:00,367.4200134277344,367.6600036621094,367.0299987792969,367.30999755859375,274538.0,100840552.10974121
2026-03-26 16:35:00,367.32000732421875,367.83990478515625,367.2900085449219,367.3399963378906,231241.0,84944068.09317017
2026-03-26 16:40:00,367.32000732421875,368.04998779296875,367.32000732421875,368.0299987792969,249620.0,91867648.29528809
2026-03-26 16:45:00,368.0400085449219,368.4100036621094,367.95001220703125,368.4100036621094,222720.0,82052276.015625
2026-03-26 16:50:00,368.3450012207031,368.55999755859375,368.07000732421875,368.1700134277344,347426.0,127911835.08514404
2026-03-26 16:55:00,368.18499755859375,368.3599853515625,367.9200134277344,368.1400146484375,208980.0,76933900.26123047
2026-03-26 17:00:00,368.1499938964844,368.3699951171875,367.9599914550781,367.9859924316406,183937.0,67686239.48989868
2026-03-26 17:05:00,368.0,368.3299865722656,367.9800109863281,368.2799987792969,212941.0,78421911.22006226
2026-03-26 17:10:00,368.2799987792969,368.29998779296875,367.7900085449219,367.8900146484375,203338.0,74806019.79858398
2026-03-26 17:15:00,367.8999938964844,368.5150146484375,367.7099914550781,368.4200134277344,278935.0,102765236.44546509
2026-03-26 17:20:00,368.42999267578125,368.54998779296875,367.9932861328125,368.0899963378906,259007.0,95337885.68148804
2026-03-26 17:25:00,368.0899963378906,368.4999084472656,367.92999267578125,368.44000244140625,270531.0,99674442.30047607
2026-03-26 17:30:00,368.4200134277344,368.6499938964844,368.1700134277344,368.5801086425781,182974.0,67440576.79876709
2026-03-26 17:35:00,368.5780029296875,368.6099853515625,367.3999938964844,367.6549987792969,428338.0,157480606.86712646
2026-03-26 17:40:00,367.6400146484375,367.7200012207031,367.0400085449219,367.2349853515625,258640.0,94981656.61132812
2026-03-26 17:45:00,367.2300109863281,367.4100036621094,366.82000732421875,366.8399963378906,370441.0,135892575.08340454
2026-03-26 17:50:00,366.8299865722656,366.92999267578125,366.55999755859375,366.7699890136719,238953.0,87640789.18478394
2026-03-26 17:55:00,366.7850036621094,367.07000732421875,366.69000244140625,366.9049987792969,208414.0,76468138.41558838
2026-03-26 18:00:00,366.9200134277344,367.30999755859375,366.7699890136719,366.9100036621094,237886.0,87282753.13116455
2026-03-26 18:05:00,366.94000244140625,367.2799987792969,366.8900146484375,367.10009765625,196556.0,72155726.79492188
2026-03-26 18:10:00,367.1000061035156,367.42999267578125,366.92999267578125,367.3949890136719,193333.0,71029575.41098022
2026-03-26 18:15:00,367.3949890136719,367.44000244140625,367.05999755859375,367.1600036621094,152867.0,56126648.279815674
2026-03-26 18:20:00,367.1600036621094,367.3900146484375,366.82000732421875,367.010009765625,254163.0,93280365.11206055
2026-03-26 18:25:00,367.0,367.0400085449219,366.3900146484375,366.3900146484375,260996.0,95626328.2631836
2026-03-26 18:30:00,366.4200134277344,366.6000061035156,366.1199951171875,366.2900085449219,303589.0,111201617.40414429
2026-03-26 18:35:00,366.32000732421875,366.57000732421875,366.1499938964844,366.4599914550781,258833.0,94851938.96829224
2026-03-26 18:40:00,366.4599914550781,366.5,366.0,366.17999267578125,251236.0,91997596.63989258
2026-03-26 18:45:00,366.1700134277344,366.5400085449219,366.05999755859375,366.510009765625,515488.0,188931511.9140625
2026-03-26 18:50:00,366.5,366.7200012207031,366.2799987792969,366.55499267578125,512183.0,187743235.81365967
2026-03-26 18:55:00,366.55499267578125,366.6600036621094,366.1199951171875,366.6449890136719,243580.0,89307386.4239502
2026-03-26 19:00:00,366.6600036621094,366.7699890136719,365.95001220703125,366.1300048828125,330623.0,121051000.60437012
2026-03-26 19:05:00,366.1300048828125,366.2099914550781,365.82000732421875,366.0199890136719,339583.0,124294165.92922974
2026-03-26 19:10:00,366.0000915527344,366.07000732421875,365.7300109863281,365.80999755859375,295825.0,108215742.527771
2026-03-26 19:15:00,365.80999755859375,365.94000244140625,365.29998779296875,365.510009765625,410902.0,150188794.03271484
2026-03-26 19:20:00,365.4949951171875,365.7200012207031,365.30999755859375,365.5802917480469,375233.0,137177789.61349487
2026-03-26 19:25:00,365.55999755859375,365.5799865722656,365.2101135253906,365.54998779296875,370962.0,135605154.57165527
2026-03-26 19:30:00,365.55999755859375,365.7799987792969,365.19000244140625,365.2699890136719,346996.0,126747225.10778809
2026-03-26 19:35:00,365.2699890136719,365.7850036621094,365.25,365.6700134277344,446736.0,163357959.11865234
2026-03-26 19:40:00,365.70001220703125,366.1199951171875,365.6099853515625,365.92999267578125,286437.0,104815889.31207275
2026-03-26 19:45:00,365.92999267578125,366.05389404296875,365.739990234375,365.9800109863281,324778.0,118862256.00811768
2026-03-26 19:50:00,365.9599914550781,366.3699951171875,365.2699890136719,365.8297119140625,639877.0,234086018.57043457
2026-03-26 19:55:00,365.8299865722656,366.1099853515625,365.6199951171875,365.75,1586799.0,580371734.25
2026-03-27 13:30:00,362.0400085449219,362.42498779296875,359.54998779296875,359.9195861816406,2843478.0,1023423425.0765991
2026-03-27 13:35:00,359.8999938964844,360.1300048828125,359.05999755859375,359.0824890136719,911753.0,327394536.6056824
2026-03-27 13:40:00,359.0804138183594,359.6517028808594,358.8500061035156,359.07000732421875,586598.0,210629748.15637207
2026-03-27 13:45:00,359.1000061035156,359.989990234375,358.9599914550781,359.07000732421875,724224.0,260047116.984375
2026-03-27 13:50:00,359.1000061035156,359.1683044433594,357.9800109863281,358.3699951171875,676545.0,242453428.34655762
2026-03-27 13:55:00,358.3599853515625,358.3699951171875,357.44000244140625,357.489990234375,602375.0,215343032.86743164
2026-03-27 14:00:00,357.489990234375,358.1700134277344,357.2300109863281,358.1099853515625,755980.0,270723986.7260742
2026-03-27 14:05:00,358.125,358.260009765625,356.5799865722656,356.7049865722656,747239.0,266543877.4612732
2026-03-27 14:10:00,356.6300048828125,357.70001220703125,356.6000061035156,357.5799865722656,503470.0,180030795.83953857
2026-03-27 14:15:00,357.57000732421875,358.3299865722656,357.53729248046875,357.8299865722656,540810.0,193518035.03814697
2026-03-27 14:20:00,357.8351135253906,358.2699890136719,357.590087890625,358.1188049316406,506893.0,181527915.3882141
2026-03-27 14:25:00,358.1000061035156,358.57000732421875,358.0,358.3500061035156,456840.0,163708616.78833008
2026-03-27 14:30:00,358.3550109863281,359.4798889160156,358.2900085449219,359.3424987792969,568496.0,204284773.18603516
2026-03-27 14:35:00,359.3349914550781,359.69000244140625,359.05810546875,359.4700012207031,396638.0,142579462.34417725
2026-03-27 14:40:00,359.489990234375,359.989990234375,359.3500061035156,359.989990234375,343582.0,123686080.82470703
2026-03-27 14:45:00,359.9750061035156,360.3999938964844,359.5199890136719,360.3800048828125,557472.0,200901762.08203125
2026-03-27 14:50:00,360.4100036621094,360.45001220703125,359.25,359.42498779296875,439673.0,158029462.65789795
2026-03-27 14:55:00,359.4100036621094,359.8999938964844,359.30999755859375,359.864501953125,284671.0,102442987.63549805
2026-03-27 15:00:00,359.8999938964844,360.20989990234375,359.69000244140625,359.875,283430.0,101999371.25
2026-03-27 15:05:00,359.8900146484375,360.3349914550781,359.7106018066406,360.2349853515625,311047.0,112050011.48864746
2026-03-27 15:10:00,360.25,360.45001220703125,360.0299987792969,360.375,254586.0,91746429.75
2026-03-27 15:15:00,360.3500061035156,360.3800048828125,359.44000244140625,359.739990234375,305717.0,109978630.59448242
2026-03-27 15:20:00,359.739990234375,360.8299865722656,359.2799987792969,360.3900146484375,382872.0,137983245.68847656
2026-03-27 15:25:00,360.3599853515625,360.4599914550781,360.07000732421875,360.44500732421875,266419.0,96029398.40631104
2026-03-27 15:30:00,360.44500732421875,360.9599914550781,360.25,360.7300109863281,314583.0,113479529.04611206
2026-03-27 15:35:00,360.7300109863281,360.7900085449219,360.29998779296875,360.3599853515625,260629.0,93920262.62219238
2026-03-27 15:40:00,360.3299865722656,360.3299865722656,359.1099853515625,359.6199951171875,347795.0,125074036.20178223
2026-03-27 15:45:00,359.60009765625,360.3399963378906,359.54998779296875,360.2799987792969,238856.0,86055039.38842773
2026-03-27 15:50:00,360.260009765625,360.5400085449219,360.0700988769531,360.42999267578125,243171.0,87646121.7489624
2026-03-27 15:55:00,360.3999938964844,360.4100036621094,360.07000732421875,360.2200012207031,253089.0,91167719.88894653
2026-03-27 16:00:00,360.25,360.7099914550781,360.2300109863281,360.5350036621094,260275.0,93838248.07815552
2026-03-27 16:05:00,360.5,360.625,359.8800048828125,359.9150085449219,245241.0,88265916.61056519
2026-03-27 16:10:00,359.9100036621094,360.1700134277344,359.7149963378906,360.0400085449219,189149.0,68101207.57626343
2026-03-27 16:15:00,360.1000061035156,360.5899963378906,359.80999755859375,360.4100036621094,204567.0,73727993.21914673
2026-03-27 16:20:00,360.4100036621094,360.5,359.8699951171875,360.04998779296875,235204.0,84685197.32885742
2026-03-27 16:25:00,360.0400085449219,360.18499755859375,359.760009765625,359.9700012207031,405287.0,145891161.8847351
2026-03-27 16:30:00,360.0,360.1400146484375,359.75,359.8699951171875,209503.0,75393843.58703613
2026-03-27 16:35:00,359.8500061035156,359.9599914550781,359.510009765625,359.510009765625,245969.0,88428317.59204102
2026-03-27 16:40:00,359.5,359.8599853515625,359.20001220703125,359.6499938964844,239085.0,85986918.79074097
2026-03-27 16:45:00,359.6499938964844,360.07501220703125,359.5899963378906,359.9700012207031,261834.0,94252385.29962158
2026-03-27 16:50:00,359.95001220703125,360.07000732421875,359.4100036621094,359.7300109863281,186410.0,67057271.347961426
2026-03-27 16:55:00,359.70001220703125,359.7749938964844,359.3500061035156,359.70001220703125,247572.0,89051651.42211914
2026-03-27 17:00:00,359.7200012207031,359.739990234375,359.1000061035156,359.2650146484375,255773.0,91890290.5916748
2026-03-27 17:05:00,359.2650146484375,360.1000061035156,359.114990234375,359.79998779296875,293639.0,105651308.61553955
2026-03-27 17:10:00,359.8133850097656,359.92999267578125,359.1600036621094,359.3299865722656,199050.0,71524633.82720947
2026-03-27 17:15:00,359.3299865722656,359.3500061035156,358.92138671875,359.0400085449219,683326.0,245341372.8789673
2026-03-27 17:20:00,359.04998779296875,359.1600036621094,358.70001220703125,359.1300048828125,338711.0,121641283.0838623
2026-03-27 17:25:00,359.1199951171875,359.3399963378906,358.79998779296875,358.9367980957031,224664.0,80640176.80737305
2026-03-27 17:30:00,358.9200134277344,359.4200134277344,358.8299865722656,359.3900146484375,183116.0,65810061.92236328
2026-03-27 17:35:00,359.3800048828125,359.4399108886719,359.1499938964844,359.239990234375,214261.0,76971119.54760742
2026-03-27 17:40:00,359.2300109863281,359.239990234375,358.82000732421875,358.9609069824219,219939.0,78949502.92080688
2026-03-27 17:45:00,358.9601135253906,359.2099914550781,358.5799865722656,358.590087890625,225910.0,81009086.7553711
2026-03-27 17:50:00,358.5799865722656,358.7099914550781,358.4599914550781,358.5350036621094,186658.0,66923426.71356201
2026-03-27 17:55:00,358.54998779296875,358.9888000488281,358.5400085449219,358.8500061035156,216139.0,77561481.46920776
2026-03-27 18:00:00,358.8450012207031,359.0400085449219,358.7650146484375,358.79998779296875,238372.0,85527870.69018555
2026-03-27 18:05:00,358.79998779296875,358.885009765625,358.2699890136719,358.29998779296875,255126.0,91411642.68566895
2026-03-27 18:10:00,358.29998779296875,358.7099914550781,358.20001220703125,358.69000244140625,188876.0,67747932.90112305
2026-03-27 18:15:00,358.70001220703125,358.9700012207031,358.54010009765625,358.68499755859375,209540.0,75158854.38842773
2026-03-27 18:20:00,358.68499755859375,358.8500061035156,358.3299865722656,358.4800109863281,258447.0,92648083.39938354
2026-03-27 18:25:00,358.4700012207031,358.8900146484375,358.3699951171875,358.7974853515625,215100.0,77177339.0991211
2026-03-27 18:30:00,358.80499267578125,359.32000732421875,358.6499938964844,359.30999755859375,238777.0,85794963.28704834
2026-03-27 18:35:00,359.30999755859375,359.3299865722656,358.7099914550781,358.8349914550781,209070.0,75021631.66351318
2026-03-27 18:40:00,358.8500061035156,358.9949951171875,358.6499938964844,358.7300109863281,252002.0,90400680.22857666
2026-03-27 18:45:00,358.7200012207031,358.7200927734375,358.1400146484375,358.20001220703125,236291.0,84639439.08441162
2026-03-27 18:50:00,358.20001220703125,358.29998779296875,357.69000244140625,357.80999755859375,393960.0,140962826.6381836
2026-03-27 18:55:00,357.81500244140625,357.9700012207031,357.57000732421875,357.80999755859375,280497.0,100364630.88519287
2026-03-27 19:00:00,357.80999755859375,358.0400085449219,357.2799987792969,357.3800048828125,250219.0,89423267.44177246
2026-03-27 19:05:00,357.375,357.44500732421875,356.8999938964844,357.0799865722656,404453.0,144422071.80911255
2026-03-27 19:10:00,357.0799865722656,357.3900146484375,356.93499755859375,357.0899963378906,383340.0,136886879.196167
2026-03-27 19:15:00,357.06500244140625,357.6300048828125,356.989990234375,357.6300048828125,370581.0,132530884.83947754
2026-03-27 19:20:00,357.6300048828125,357.8999938964844,357.4599914550781,357.8699951171875,369087.0,132085162.88781738
2026-03-27 19:25:00,357.8399963378906,357.8699951171875,357.3900146484375,357.5,386636.0,138222370.0
2026-03-27 19:30:00,357.510009765625,357.82000732421875,357.260009765625,357.625,412845.0,147643693.125
2026-03-27 19:35:00,357.6300048828125,357.6449890136719,357.20001220703125,357.20001220703125,329701.0,117769201.22467041
2026-03-27 19:40:00,357.2300109863281,357.293701171875,356.6400146484375,357.0899963378906,492117.0,175730057.72781372
2026-03-27 19:45:00,357.0899963378906,357.1700134277344,356.510009765625,357.10400390625,545646.0,194852371.3154297
2026-03-27 19:50:00,357.1000061035156,357.6683044433594,356.6499938964844,357.239990234375,750859.0,268236861.82739258
2026-03-27 19:55:00,357.25,357.5400085449219,356.6400146484375,356.6499938964844,1598545.0,570121064.4932556
2026-03-30 13:30:00,361.8949890136719,362.0,358.3699951171875,360.0899963378906,2069987.0,745381611.2494812
2026-03-30 13:35:00,360.0574951171875,361.5,359.55999755859375,361.3450012207031,705487.0,254924200.8761902
2026-03-30 13:40:00,361.3937072753906,361.3999938964844,359.65008544921875,359.9200134277344,436148.0,156978394.0164795
2026-03-30 13:45:00,359.8999938964844,361.0299987792969,359.8999938964844,360.0299987792969,433509.0,156076244.7408142
2026-03-30 13:50:00,360.0400085449219,361.2900085449219,359.5,360.9700012207031,464823.0,167787158.8774109
2026-03-30 13:55:00,360.9599914550781,361.32000732421875,360.3699951171875,360.5849914550781,401774.0,144873674.35687256
2026-03-30 14:00:00,360.5400085449219,361.0,359.760009765625,360.25,418362.0,150714910.5
2026-03-30 14:05:00,360.2449951171875,361.0599060058594,359.760009765625,361.0199890136719,359804.0,129896436.1270752
2026-03-30 14:10:00,360.9800109863281,361.2998962402344,360.42999267578125,360.79998779296875,311381.0,112346260.9989624
2026-03-30 14:15:00,360.739990234375,361.5,360.44000244140625,360.9898986816406,416927.0,150506435.48764038
2026-03-30 14:20:00,360.9649963378906,362.57861328125,360.8399963378906,362.4800109863281,474210.0,171891646.00982666
2026-03-30 14:25:00,362.4849853515625,362.6499938964844,361.8599853515625,362.489990234375,524750.0,190216622.37548828
2026-03-30 14:30:00,362.4700012207031,363.92999267578125,362.3900146484375,363.9200134277344,601002.0,218716655.9100952
2026-03-30 14:35:00,363.9200134277344,364.1600036621094,363.2699890136719,363.67041015625,510288.0,185576646.2578125
2026-03-30 14:40:00,363.676513671875,364.1199951171875,362.8399963378906,363.70001220703125,456207.0,165922491.4689331
2026-03-30 14:45:00,363.739990234375,364.9700012207031,363.4100036621094,363.6400146484375,625135.0,227324100.55725098
2026-03-30 14:50:00,363.6700134277344,365.1700134277344,363.42999267578125,365.07000732421875,494644.0,180579688.70288086
2026-03-30 14:55:00,365.12298583984375,365.3349914550781,364.6099853515625,364.95001220703125,595142.0,217197080.164917
2026-03-30 15:00:00,364.94000244140625,365.33990478515625,364.55999755859375,365.1050109863281,530750.0,193779484.58099365
2026-03-30 15:05:00,365.1499938964844,365.3500061035156,363.7699890136719,363.8699951171875,549580.0,199975671.9165039
2026-03-30 15:10:00,363.8599853515625,364.1400146484375,362.760009765625,362.94500732421875,697826.0,253272462.68103027
2026-03-30 15:15:00,362.95001220703125,363.3500061035156,362.7799987792969,363.07000732421875,422639.0,153447544.8255005
2026-03-30 15:20:00,363.0199890136719,363.17999267578125,362.6401062011719,363.0198974609375,489659.0,177755959.9708252
2026-03-30 15:25:00,363.0150146484375,363.5400085449219,362.7300109863281,362.989990234375,534392.0,193978946.86132812
2026-03-30 15:30:00,362.9700012207031,363.45001220703125,362.7449951171875,363.3399963378906,657381.0,238852810.13259888
2026-03-30 15:35:00,363.3450012207031,363.7699890136719,363.2500915527344,363.5249938964844,358997.0,130504382.2338562
2026-03-30 15:40:00,363.4800109863281,364.54998779296875,363.32000732421875,364.364990234375,265134.0,96605547.32080078
2026-03-30 15:45:00,364.38250732421875,364.8399963378906,363.92999267578125,364.6449890136719,371515.0,135471083.0934143
2026-03-30 15:50:00,364.6700134277344,365.19000244140625,364.1300048828125,364.1499938964844,386398.0,140706829.34161377
2026-03-30 15:55:00,364.0899963378906,364.0899963378906,363.45001220703125,363.70001220703125,303940.0,110542981.71020508
2026-03-30 16:00:00,363.7200012207031,363.7799987792969,363.25,363.28448486328125,222322.0,80766133.24377441
2026-03-30 16:05:00,363.3299865722656,363.4599914550781,362.8584899902344,363.05999755859375,267785.0,97222021.44622803
2026-03-30 16:10:00,363.05999755859375,363.510009765625,363.0,363.2349853515625,288571.0,104819082.95788574
2026-03-30 16:15:00,363.2349853515625,363.260009765625,362.57000732421875,362.7424011230469,232635.0,84386578.48526001
2026-03-30 16:20:00,362.69000244140625,362.79998779296875,362.4700012207031,362.67999267578125,164632.0,59708732.55419922
2026-03-30 16:25:00,362.67498779296875,362.79998779296875,361.9700012207031,362.0,288279.0,104356998.0
2026-03-30 16:30:00,362.0,362.1000061035156,361.80999755859375,361.8500061035156,398555.0,144217129.18258667
2026-03-30 16:35:00,361.8599853515625,362.0,361.70001220703125,361.7950134277344,325014.0,117588444.49420166
2026-03-30 16:40:00,361.7650146484375,361.8399963378906,360.9700012207031,360.9801025390625,554413.0,200132061.58898926
2026-03-30 16:45:00,361.0,361.739990234375,360.8800048828125,361.54998779296875,270002.0,97619219.80407715
2026-03-30 16:50:00,361.54998779296875,362.30999755859375,361.3999938964844,361.510009765625,205179.0,74174262.29370117
2026-03-30 16:55:00,361.5599060058594,361.6499938964844,361.010009765625,361.3599853515625,254478.0,91958166.35229492
2026-03-30 17:00:00,361.3599853515625,361.5299987792969,360.8699951171875,361.1000061035156,284592.0,102766172.93701172
2026-03-30 17:05:00,361.1099853515625,361.7734069824219,360.95001220703125,361.0260009765625,234723.0,84741106.02722168
2026-03-30 17:10:00,361.05999755859375,361.1000061035156,360.2380065917969,360.2380065917969,292838.0,105491377.37432861
2026-03-30 17:15:00,360.2497863769531,360.57000732421875,359.55010986328125,359.9100036621094,544844.0,196094806.03527832
2026-03-30 17:20:00,359.9100036621094,360.0,359.42999267578125,359.44989013671875,461002.0,165707118.25280762
2026-03-30 17:25:00,359.44500732421875,359.8598937988281,359.1300048828125,359.7799987792969,370104.0,133156016.66821289
2026-03-30 17:30:00,359.7850036621094,359.80999755859375,358.55999755859375,358.6650085449219,579569.0,207871120.33737183
2026-03-30 17:35:00,358.6600036621094,358.9599914550781,358.1300048828125,358.8299865722656,752692.0,270088460.25305176
2026-03-30 17:40:00,358.8299865722656,359.9100036621094,358.6499938964844,359.8399963378906,451918.0,162618171.46502686
2026-03-30 17:45:00,359.82000732421875,360.0299987792969,359.17999267578125,359.2113037109375,368505.0,132371161.47399902
2026-03-30 17:50:00,359.1665954589844,359.2699890136719,358.739990234375,359.0400085449219,231810.0,83229064.38079834
2026-03-30 17:55:00,359.139892578125,359.17999267578125,358.9599914550781,359.1438903808594,233612.0,83900322.51965332
2026-03-30 18:00:00,359.1199951171875,359.260009765625,358.6300048828125,358.8900146484375,215590.0,77373098.25805664
2026-03-30 18:05:00,358.885009765625,359.0,358.0400085449219,358.07000732421875,266164.0,95305345.42944336
2026-03-30 18:10:00,358.04998779296875,358.4200134277344,357.8299865722656,357.9999084472656,422240.0,151161881.34277344
2026-03-30 18:15:00,358.0,359.3500061035156,357.8599853515625,359.2950134277344,284944.0,102378958.30615234
2026-03-30 18:20:00,359.2900085449219,359.4624938964844,359.07000732421875,359.4184875488281,351341.0,126278450.83389282
2026-03-30 18:25:00,359.4200134277344,359.45001220703125,357.80999755859375,357.8900146484375,386912.0,138471941.34765625
2026-03-30 18:30:00,357.8900146484375,359.4100036621094,357.82000732421875,359.3299865722656,263268.0,94600086.90490723
2026-03-30 18:35:00,359.3500061035156,360.239990234375,359.239990234375,359.75,435877.0,156806750.75
2026-03-30 18:40:00,359.760009765625,360.1600036621094,359.5299987792969,359.60009765625,339323.0,122020583.93701172
2026-03-30 18:45:00,359.6000061035156,359.8450012207031,358.32000732421875,358.3399963378906,413233.0,148077911.70669556
2026-03-30 18:50:00,358.3340148925781,358.4200134277344,356.8500061035156,356.9991149902344,833038.0,297393828.75323486
2026-03-30 18:55:00,357.0,357.4200134277344,356.8900146484375,357.3999938964844,458205.0,163762464.20333862
2026-03-30 19:00:00,357.3599853515625,357.5,357.17498779296875,357.3599853515625,304281.0,108737853.70275879
2026-03-30 19:05:00,357.3800048828125,357.3902893066406,356.75,356.8949890136719,336486.0,120090167.2732544
2026-03-30 19:10:00,356.8999938964844,356.8999938964844,356.2799987792969,356.3949890136719,394971.0,140765685.205719
2026-03-30 19:15:00,356.4100036621094,356.95001220703125,356.4100036621094,356.79998779296875,510357.0,182095371.37005615
2026-03-30 19:20:00,356.80999755859375,357.07000732421875,356.42010498046875,356.69000244140625,490478.0,174948599.01745605
2026-03-30 19:25:00,356.7279968261719,357.3599853515625,356.4840087890625,356.9750061035156,673659.0,240479425.63668823
2026-03-30 19:30:00,356.989990234375,357.75,356.8299865722656,357.1700134277344,414779.0,148146620.99954224
2026-03-30 19:35:00,357.2200012207031,358.6199951171875,357.2099914550781,358.05999755859375,395902.0,141756669.15344238
2026-03-30 19:40:00,358.1000061035156,358.6300048828125,358.0950012207031,358.4750061035156,295605.0,105967004.17922974
2026-03-30 19:45:00,358.4800109863281,359.2200012207031,358.44000244140625,358.760009765625,447676.0,160608246.13183594
2026-03-30 19:50:00,358.7799987792969,359.4200134277344,358.625,358.9100036621094,722182.0,259198344.26470947
2026-03-30 19:55:00,358.9599914550781,359.6099853515625,358.7300109863281,358.760009765625,1810242.0,649442437.5981445
2026-03-31 13:30:00,364.6300048828125,366.8500061035156,364.375,366.82501220703125,2082824.0,764031939.2250977
2026-03-31 13:35:00,366.82000732421875,367.3999938964844,365.6199951171875,366.57000732421875,724452.0,265562374.94604492
2026-03-31 13:40:00,366.6116943359375,367.1499938964844,365.79998779296875,366.0400085449219,678704.0,248432817.95947266
2026-03-31 13:45:00,366.07000732421875,367.70001220703125,366.07000732421875,367.69000244140625,441870.0,162471181.37878418
2026-03-31 13:50:00,367.69000244140625,368.1499938964844,366.656005859375,367.8900146484375,448984.0,165176730.33691406
2026-03-31 13:55:00,367.8999938964844,368.07000732421875,366.6700134277344,367.1000061035156,479957.0,176192217.62942505
2026-03-31 14:00:00,367.1099853515625,367.5299987792969,366.4599914550781,367.2409973144531,423721.0,155607722.6230774
2026-03-31 14:05:00,367.2300109863281,367.2699890136719,366.6000061035156,366.8299865722656,357894.0,131286251.21429443
2026-03-31 14:10:00,366.8299865722656,367.2594909667969,366.6199951171875,367.1199951171875,294992.0,108297461.59960938
2026-03-31 14:15:00,366.9700012207031,367.17999267578125,366.1400146484375,366.6400146484375,373014.0,136761858.42407227
2026-03-31 14:20:00,366.6199951171875,366.7099914550781,365.42999267578125,366.3999938964844,369059.0,135223215.34744263
2026-03-31 14:25:00,366.3900146484375,366.3900146484375,365.3699951171875,365.45001220703125,325251.0,118862981.92034912
2026-03-31 14:30:00,365.4601135253906,365.4601135253906,364.489990234375,365.20001220703125,577370.0,210855531.04797363
2026-03-31 14:35:00,365.2200012207031,365.55999755859375,364.6700134277344,364.70001220703125,365246.0,133205220.65856934
2026-03-31 14:40:00,364.7300109863281,365.1199951171875,364.3800048828125,364.91009521484375,400519.0,146153426.425354
2026-03-31 14:45:00,364.9700012207031,365.18499755859375,364.5400085449219,364.739013671875,260454.0,94997735.06689453
2026-03-31 14:50:00,364.7099914550781,364.7898864746094,363.2950134277344,363.5899963378906,459022.0,166895807.29901123
2026-03-31 14:55:00,363.55999755859375,363.6600036621094,363.07000732421875,363.5199890136719,1319328.0,479602100.0654297
2026-03-31 15:00:00,363.510009765625,363.8190002441406,363.1000061035156,363.5199890136719,302948.0,110127653.63171387
2026-03-31 15:05:00,363.489990234375,364.1499938964844,363.3599853515625,363.68011474609375,266795.0,97028036.21368408
2026-03-31 15:10:00,363.7099914550781,364.5199890136719,363.25,364.3699951171875,317737.0,115773829.1385498
2026-03-31 15:15:00,364.3599853515625,364.70989990234375,364.07000732421875,364.3450012207031,278662.0,101529106.73016357
2026-03-31 15:20:00,364.32000732421875,364.8999938964844,363.8599853515625,364.7099914550781,184634.0,67337864.5623169
2026-03-31 15:25:00,364.67498779296875,364.8299865722656,363.8399963378906,364.2497863769531,274660.0,100044846.32629395
2026-03-31 15:30:00,364.20001220703125,364.3399963378906,363.6499938964844,364.260009765625,175239.0,63832559.85131836
2026-03-31 15:35:00,364.30499267578125,364.7445983886719,364.1159973144531,364.260009765625,192139.0,69988554.01635742
2026-03-31 15:40:00,364.260009765625,364.260009765625,363.7300109863281,364.010009765625,191526.0,69717381.1303711
2026-03-31 15:45:00,364.0,364.4200134277344,363.8699951171875,364.310302734375,150826.0,54947465.720214844
2026-03-31 15:50:00,364.32000732421875,364.7998962402344,364.04998779296875,364.2099914550781,164361.0,59861918.405548096
2026-03-31 15:55:00,364.239990234375,364.3599853515625,363.8699951171875,363.9200134277344,136980.0,49849763.439331055
2026-03-31 16:00:00,363.8999938964844,364.6700134277344,363.6700134277344,364.340087890625,180273.0,65680680.66430664
2026-03-31 16:05:00,364.3399963378906,364.9898986816406,364.3399963378906,364.6449890136719,181170.0,66062732.65960693
2026-03-31 16:10:00,364.635009765625,364.8500061035156,364.25,364.7099914550781,129601.0,47266779.60256958
2026-03-31 16:15:00,364.7204895019531,365.1400146484375,364.6300964355469,364.82501220703125,217687.0,79417662.43231201
2026-03-31 16:20:00,364.82501220703125,364.9800109863281,364.54998779296875,364.9599914550781,146880.0,53605323.544921875
2026-03-31 16:25:00,364.9599914550781,365.14990234375,364.17999267578125,365.04998779296875,235190.0,85856106.62902832
2026-03-31 16:30:00,365.0450134277344,365.07000732421875,364.7550048828125,364.8699951171875,128361.0,46835077.443237305
2026-03-31 16:35:00,364.864990234375,366.1400146484375,364.2950134277344,366.0299987792969,554649.0,203018172.79293823
2026-03-31 16:40:00,366.0400085449219,367.989990234375,366.010009765625,366.75,667965.0,244976163.75
2026-03-31 16:45:00,366.7900085449219,367.6300048828125,366.20001220703125,366.93499755859375,337584.0,123871384.21582031
2026-03-31 16:50:00,366.94500732421875,367.6600036621094,366.2900085449219,367.17999267578125,330894.0,121497656.49645996
2026-03-31 16:55:00,367.1400146484375,368.0899963378906,366.69500732421875,367.9649963378906,350483.0,128965475.81149292
2026-03-31 17:00:00,368.0097961425781,369.2250061035156,367.92498779296875,368.8800048828125,1100337.0,405892317.93273926
2026-03-31 17:05:00,368.9100036621094,369.1199951171875,368.0299987792969,368.5050048828125,487988.0,179826020.3227539
2026-03-31 17:10:00,368.5400085449219,369.6300048828125,368.4100036621094,369.5450134277344,385166.0,142336174.64190674
2026-03-31 17:15:00,369.57000732421875,370.4898986816406,369.55999755859375,370.30999755859375,581389.0,215294159.17059326
2026-03-31 17:20:00,370.2950134277344,370.57000732421875,369.7799987792969,369.8599853515625,389609.0,144100779.0328369
2026-03-31 17:25:00,369.9128112792969,370.04998779296875,368.6650085449219,368.8800048828125,411543.0,151809983.8494873
2026-03-31 17:30:00,368.8599853515625,370.1199951171875,368.8399963378906,370.07501220703125,326853.0,120960127.96490479
2026-03-31 17:35:00,370.07501220703125,370.1499938964844,368.1300048828125,368.4100036621094,373553.0,137620662.09799194
2026-03-31 17:40:00,368.32000732421875,368.6990966796875,368.1099853515625,368.44000244140625,313682.0,115572996.8458252
2026-03-31 17:45:00,368.4849853515625,368.92999267578125,368.3999938964844,368.8299865722656,179618.0,66248504.52813721
2026-03-31 17:50:00,368.885009765625,369.04998779296875,368.489990234375,368.6788024902344,183045.0,67484811.40182495
2026-03-31 17:55:00,368.75,368.7799987792969,368.0400085449219,368.3500061035156,199154.0,73358377.11553955
2026-03-31 18:00:00,368.3399963378906,369.2699890136719,368.3349914550781,369.05499267578125,218047.0,80471333.98797607
2026-03-31 18:05:00,369.07000732421875,369.7699890136719,368.80999755859375,369.6050109863281,247099.0,91329028.6097107
2026-03-31 18:10:00,369.5899963378906,369.6499938964844,368.95001220703125,369.54998779296875,227058.0,83909281.1282959
2026-03-31 18:15:00,369.5199890136719,369.70001220703125,369.2799987792969,369.54998779296875,213652.0,78955093.99194336
2026-03-31 18:20:00,369.57000732421875,369.8599853515625,369.4700012207031,369.5400085449219,295505.0,109200920.22506714
2026-03-31 18:25:00,369.5,370.1000061035156,369.25,369.8468017578125,215324.0,79636892.74169922
2026-03-31 18:30:00,369.80999755859375,369.9299011230469,369.42999267578125,369.8299865722656,179109.0,66239879.064971924
2026-03-31 18:35:00,369.80499267578125,370.260009765625,369.67010498046875,370.03509521484375,254378.0,94128787.45056152
2026-03-31 18:40:00,370.0199890136719,370.5199890136719,369.79998779296875,370.489990234375,442981.0,164120026.36401367
2026-03-31 18:45:00,370.5299987792969,370.7300109863281,370.0899963378906,370.4150085449219,341904.0,126646373.08154297
2026-03-31 18:50:00,370.4200134277344,370.75,370.20001220703125,370.340087890625,297255.0,110085442.82592773
2026-03-31 18:55:00,370.3599853515625,370.7950134277344,370.31500244140625,370.5299987792969,446752.0,165535018.01464844
2026-03-31 19:00:00,370.510009765625,370.8500061035156,370.2799987792969,370.6499938964844,440363.0,163220543.26223755
2026-03-31 19:05:00,370.6300048828125,370.8500061035156,370.25,370.7200012207031,449412.0,166606017.18859863
2026-03-31 19:10:00,370.7398986816406,371.29998779296875,370.69000244140625,371.17999267578125,397290.0,147466099.29016113
2026-03-31 19:15:00,371.1600036621094,371.70001220703125,370.7300109863281,371.2300109863281,472766.0,175504927.3739624
2026-03-31 19:20:00,371.20001220703125,371.6499938964844,371.0899963378906,371.2449951171875,354645.0,131660181.29333496
2026-03-31 19:25:00,371.260009765625,371.385009765625,370.9100036621094,371.0899963378906,366484.0,135998546.2178955
2026-03-31 19:30:00,371.1400146484375,371.6400146484375,371.0299987792969,371.2051086425781,458186.0,170080983.9085083
2026-03-31 19:35:00,371.17999267578125,371.70001220703125,370.8599853515625,371.3699951171875,459077.0,170487423.2484131
2026-03-31 19:40:00,371.3500061035156,371.6499938964844,371.0799865722656,371.6099853515625,578129.0,214838509.22131348
2026-03-31 19:45:00,371.6499938964844,372.0,371.5,371.9613037109375,584669.0,217474243.47937012
2026-03-31 19:50:00,372.0,372.8999938964844,371.04998779296875,371.260009765625,1368849.0,508198893.107666
2026-03-31 19:55:00,371.260009765625,371.2699890136719,369.75,370.1600036621094,1952512.0,722741849.0703125
2026-04-01 13:30:00,373.1600036621094,373.989990234375,370.29998779296875,372.7650146484375,2542622.0,947800527.0754395
2026-04-01 13:35:00,372.7850036621094,372.7850036621094,371.510009765625,372.44500732421875,832247.0,309966240.0105591
2026-04-01 13:40:00,372.43060302734375,372.4800109863281,369.04998779296875,369.3340148925781,824012.0,304335660.2796631
2026-04-01 13:45:00,369.3900146484375,369.79998779296875,368.20001220703125,369.0,669745.0,247135905.0
2026-04-01 13:50:00,369.0150146484375,370.30999755859375,368.67999267578125,369.69000244140625,513826.0,189956335.194458
2026-04-01 13:55:00,369.739990234375,369.82501220703125,368.8999938964844,369.6300048828125,483368.0,178667316.2001953
2026-04-01 14:00:00,369.5950012207031,371.3900146484375,369.45001220703125,370.79998779296875,423682.0,157101280.4281006
2026-04-01 14:05:00,370.82000732421875,371.1925048828125,370.29998779296875,370.5400085449219,381509.0,141364348.1199646
2026-04-01 14:10:00,370.6400146484375,371.239990234375,370.2799987792969,371.17498779296875,366038.0,135864150.1817627
2026-04-01 14:15:00,371.1700134277344,372.0299987792969,371.05999755859375,371.9200134277344,366018.0,136129419.47479248
2026-04-01 14:20:00,371.9200134277344,372.0899963378906,371.25,371.4599914550781,321992.0,119607145.56860352
2026-04-01 14:25:00,371.45001220703125,371.80999755859375,371.20001220703125,371.510009765625,300436.0,111614981.29394531
2026-04-01 14:30:00,371.5299987792969,372.04901123046875,370.3900146484375,370.489990234375,443102.0,164164855.65283203
2026-04-01 14:35:00,370.5199890136719,371.55999755859375,370.1700134277344,371.3299865722656,346129.0,128528076.92227173
2026-04-01 14:40:00,371.2799987792969,371.5899963378906,370.70001220703125,371.3500061035156,247999.0,92094430.16366577
2026-04-01 14:45:00,371.32000732421875,371.9049987792969,371.0819091796875,371.80499267578125,287144.0,106761572.81689453
2026-04-01 14:50:00,371.82000732421875,371.9700012207031,371.3399963378906,371.64691162109375,222436.0,82667652.43334961
2026-04-01 14:55:00,371.67999267578125,372.20001220703125,371.5,371.8006896972656,278730.0,103632006.23931885
2026-04-01 15:00:00,371.7799987792969,371.8500061035156,371.35009765625,371.4556884765625,234623.0,87152047.99743652
2026-04-01 15:05:00,371.3900146484375,371.9599914550781,371.3699951171875,371.7250061035156,294792.0,109581557.99926758
2026-04-01 15:10:00,371.75,372.5,371.6600036621094,371.9049987792969,349725.0,130064475.6980896
2026-04-01 15:15:00,371.94000244140625,372.1499938964844,371.5199890136719,371.6885070800781,236269.0,87818471.87930298
2026-04-01 15:20:00,371.6650085449219,372.0400085449219,371.0400085449219,371.2200012207031,254685.0,94544166.01089478
2026-04-01 15:25:00,371.20001220703125,371.5199890136719,371.0,371.2349853515625,225520.0,83720913.89648438
2026-04-01 15:30:00,371.239990234375,371.54998779296875,370.75,371.20001220703125,216208.0,80256412.23925781
2026-04-01 15:35:00,371.25,371.989990234375,371.2300109863281,371.93011474609375,227850.0,84744276.64489746
2026-04-01 15:40:00,371.9549865722656,372.2998962402344,371.6499938964844,372.125,171118.0,63677285.75
2026-04-01 15:45:00,372.1300048828125,372.4700012207031,372.03680419921875,372.25,181911.0,67716369.75
2026-04-01 15:50:00,372.2149963378906,372.3900146484375,372.0,372.25,200552.0,74655482.0
2026-04-01 15:55:00,372.19000244140625,372.4599914550781,372.1400146484375,372.18499755859375,175029.0,65143167.937683105
2026-04-01 16:00:00,372.1700134277344,372.510009765625,372.07000732421875,372.4200134277344,202749.0,75507785.30245972
2026-04-01 16:05:00,372.4100036621094,372.5150146484375,372.260009765625,372.44000244140625,176222.0,65632122.11022949
2026-04-01 16:10:00,372.45001220703125,372.6199951171875,372.1000061035156,372.1099853515625,179901.0,66942958.474731445
2026-04-01 16:15:00,372.0950012207031,372.7699890136719,371.9599914550781,372.6099853515625,184363.0,68695494.72937012
2026-04-01 16:20:00,372.6300048828125,372.8399963378906,372.3949890136719,372.75,150701.0,56173797.75
2026-04-01 16:25:00,372.7300109863281,372.8136901855469,372.5,372.6099853515625,135021.0,50310172.83215332
2026-04-01 16:30:00,372.6400146484375,372.7200012207031,372.010009765625,372.3599853515625,180885.0,67354335.95031738
2026-04-01 16:35:00,372.3599853515625,372.739990234375,372.3399963378906,372.48980712890625,135756.0,50567726.2565918
2026-04-01 16:40:00,372.4700012207031,372.80999755859375,372.42999267578125,372.7200012207031,148202.0,55237849.620910645
2026-04-01 16:45:00,372.7200012207031,372.8800048828125,372.43499755859375,372.4599914550781,197165.0,73436074.21524048
2026-04-01 16:50:00,372.4800109863281,372.6400146484375,372.1000061035156,372.3699951171875,147784.0,55030327.35839844
2026-04-01 16:55:00,372.3800048828125,372.8800048828125,372.3699951171875,372.5220031738281,185033.0,68928863.81326294
2026-04-01 17:00:00,372.5299987792969,372.8299865722656,372.2699890136719,372.7950134277344,177566.0,66195719.35430908
2026-04-01 17:05:00,372.760009765625,372.8299865722656,372.2449951171875,372.5199890136719,158301.0,58970286.78085327
2026-04-01 17:10:00,372.5400085449219,372.6000061035156,372.3599853515625,372.4649963378906,171245.0,63782768.29788208
2026-04-01 17:15:00,372.4800109863281,372.6300048828125,372.2099914550781,372.3299865722656,167053.0,62198841.24685669
2026-04-01 17:20:00,372.3699951171875,372.6000061035156,371.92999267578125,372.0400085449219,155132.0,57715310.60559082
2026-04-01 17:25:00,372.0299987792969,372.1700134277344,371.8800048828125,371.8900146484375,129872.0,48298099.982421875
2026-04-01 17:30:00,371.90618896484375,372.0199890136719,371.30010986328125,371.3699951171875,153105.0,56858603.10241699
2026-04-01 17:35:00,371.3800048828125,371.7200012207031,371.110107421875,371.6199951171875,259204.0,96325389.21435547
2026-04-01 17:40:00,371.6199951171875,371.67999267578125,371.1499938964844,371.2850036621094,160363.0,59540377.042266846
2026-04-01 17:45:00,371.2699890136719,371.5,371.2099914550781,371.3800048828125,144434.0,53639899.62524414
2026-04-01 17:50:00,371.3699951171875,371.489990234375,371.2200012207031,371.239990234375,103482.0,38416656.669433594
2026-04-01 17:55:00,371.2314147949219,371.3599853515625,370.70001220703125,370.7856140136719,191381.0,70961321.59555054
2026-04-01 18:00:00,370.75,370.8800048828125,370.1000061035156,370.55999755859375,270023.0,100059722.22076416
2026-04-01 18:05:00,370.55999755859375,370.7699890136719,370.33099365234375,370.54998779296875,160401.0,59436588.59197998
2026-04-01 18:10:00,370.5799865722656,370.6700134277344,370.19000244140625,370.3699951171875,168583.0,62438084.88684082
2026-04-01 18:15:00,370.3599853515625,370.3800048828125,369.3500061035156,369.67498779296875,359892.0,133043070.70678711
2026-04-01 18:20:00,369.67999267578125,369.7799072265625,369.07000732421875,369.1400146484375,221125.0,81626085.73913574
2026-04-01 18:25:00,369.1600036621094,369.45001220703125,368.94000244140625,369.05999755859375,291969.0,107754078.42718506
2026-04-01 18:30:00,369.07501220703125,369.3299865722656,369.0,369.06500244140625,170417.0,62894950.52105713
2026-04-01 18:35:00,369.1000061035156,369.3299865722656,368.7250061035156,369.17999267578125,229086.0,84573967.80212402
2026-04-01 18:40:00,369.17999267578125,369.70001220703125,369.1400146484375,369.3599853515625,231480.0,85499449.40917969
2026-04-01 18:45:00,369.3599853515625,369.4100036621094,368.92999267578125,369.1499938964844,179067.0,66102581.95706177
2026-04-01 18:50:00,369.1499938964844,369.6000061035156,368.875,369.44000244140625,138111.0,51023728.17718506
2026-04-01 18:55:00,369.43499755859375,369.45001220703125,369.090087890625,369.2900085449219,201196.0,74299672.5592041
2026-04-01 19:00:00,369.2900085449219,369.6700134277344,369.1000061035156,369.3299865722656,168507.0,62234688.04733276
2026-04-01 19:05:00,369.3399963378906,369.693603515625,369.2799987792969,369.32049560546875,167157.0,61734506.08392334
2026-04-01 19:10:00,369.29998779296875,369.3599853515625,368.8999938964844,368.9150085449219,245210.0,90461649.2453003
2026-04-01 19:15:00,368.9049987792969,369.3599853515625,368.8800048828125,369.1700134277344,336643.0,124278500.83035278
2026-04-01 19:20:00,369.2049865722656,369.6000061035156,368.8699951171875,369.55999755859375,240739.0,88967504.2522583
2026-04-01 19:25:00,369.5400085449219,369.9100036621094,369.1700134277344,369.2850036621094,307567.0,113579880.721344
2026-04-01 19:30:00,369.2850036621094,369.7699890136719,368.8699951171875,369.1300048828125,310979.0,114791679.78845215
2026-04-01 19:35:00,369.1400146484375,369.44000244140625,368.989990234375,369.0744934082031,271426.0,100176413.44781494
2026-04-01 19:40:00,369.0813903808594,369.4200134277344,369.0353088378906,369.19000244140625,275940.0,101874289.27368164
2026-04-01 19:45:00,369.19000244140625,369.69000244140625,369.1499938964844,369.44000244140625,308022.0,113795648.43200684
2026-04-01 19:50:00,369.4599914550781,369.74951171875,368.8800048828125,369.42999267578125,507488.0,187481288.12304688
2026-04-01 19:55:00,369.4200134277344,369.4599914550781,368.8999938964844,369.45001220703125,1119718.0,413679828.7684326
2026-04-02 13:30:00,367.2049865722656,367.6099853515625,364.44000244140625,365.7814025878906,1562744.0,571622692.2058105
2026-04-02 13:35:00,365.80499267578125,366.6199951171875,364.9599914550781,365.4100036621094,458491.0,167537197.9890442
2026-04-02 13:40:00,365.4100036621094,365.6099853515625,364.1499938964844,364.8599853515625,349266.0,127433187.64379883
2026-04-02 13:45:00,364.8550109863281,365.7799987792969,364.6099853515625,365.2300109863281,368175.0,134468559.29489136
2026-04-02 13:50:00,365.1701965332031,366.052001953125,365.0899963378906,365.8800048828125,301568.0,110337701.3125
2026-04-02 13:55:00,365.8999938964844,366.17999267578125,365.5799865722656,365.92999267578125,214821.0,78609446.956604
2026-04-02 14:00:00,365.9800109863281,366.3160095214844,365.04998779296875,365.34619140625,308935.0,112868225.64208984
2026-04-02 14:05:00,365.3500061035156,366.3399963378906,365.0400085449219,365.9090881347656,223443.0,81759824.38009644
2026-04-02 14:10:00,365.92999267578125,366.8900146484375,365.6600036621094,366.82000732421875,255927.0,93879144.01446533
2026-04-02 14:15:00,366.8299865722656,367.20001220703125,366.15008544921875,366.510009765625,360996.0,132308647.48535156
2026-04-02 14:20:00,366.489990234375,367.0400085449219,366.0299987792969,366.82470703125,255164.0,93600459.54492188
2026-04-02 14:25:00,366.8399963378906,367.07000732421875,366.18499755859375,366.7049865722656,483960.0,177470545.30151367
2026-04-02 14:30:00,366.69000244140625,368.159912109375,366.54998779296875,368.0299987792969,269728.0,99267995.51074219
2026-04-02 14:35:00,368.1050109863281,371.05859375,367.95001220703125,370.260009765625,640484.0,237145612.09472656
2026-04-02 14:40:00,370.239990234375,370.2998962402344,369.0950012207031,370.04010009765625,351985.0,130248564.63287354
2026-04-02 14:45:00,370.0400085449219,370.3699951171875,369.29998779296875,369.29998779296875,191177.0,70601663.76629639
2026-04-02 14:50:00,369.2699890136719,369.5599060058594,368.5199890136719,369.1050109863281,198537.0,73281001.56619263
2026-04-02 14:55:00,369.2491149902344,370.5799865722656,369.12109375,369.9992980957031,272459.0,100809638.75985718
2026-04-02 15:00:00,369.9200134277344,370.56988525390625,369.3901062011719,370.32000732421875,164228.0,60816914.1628418
2026-04-02 15:05:00,370.3299865722656,370.6299133300781,369.8999938964844,370.6000061035156,170400.0,63150241.04003906
2026-04-02 15:10:00,370.5299987792969,371.2200012207031,370.3900146484375,370.70001220703125,187670.0,69569271.29089355
2026-04-02 15:15:00,370.7200012207031,370.8900146484375,370.1401062011719,370.56500244140625,184399.0,68331815.88519287
2026-04-02 15:20:00,370.5299987792969,370.5299987792969,369.760009765625,370.375,208362.0,77172075.75
2026-04-02 15:25:00,370.4100036621094,371.07000732421875,370.17010498046875,370.80999755859375,181342.0,67243426.57727051
2026-04-02 15:30:00,370.8500061035156,370.9800109863281,370.30999755859375,370.659912109375,192058.0,71188201.39990234
2026-04-02 15:35:00,370.67999267578125,371.29998779296875,370.5950012207031,370.7900085449219,231750.0,85930584.48028564
2026-04-02 15:40:00,370.7799987792969,371.25,370.4796142578125,371.1449890136719,280050.0,103939154.17327881
2026-04-02 15:45:00,371.1449890136719,371.18011474609375,370.0199890136719,370.1199951171875,156321.0,57857527.75671387
2026-04-02 15:50:00,370.1199951171875,370.6000061035156,369.5400085449219,370.4849853515625,161795.0,59942618.204956055
2026-04-02 15:55:00,370.4187927246094,370.67999267578125,370.0,370.29998779296875,97261.0,36015747.11273193
2026-04-02 16:00:00,370.3399963378906,370.5,369.95001220703125,370.010009765625,95937.0,35497650.306884766
2026-04-02 16:05:00,370.0,370.1919860839844,369.4100036621094,369.8399963378906,90746.0,33561500.30767822
2026-04-02 16:10:00,369.8450927734375,370.1000061035156,369.5400085449219,369.9013977050781,109539.0,40518629.20321655
2026-04-02 16:15:00,369.8699951171875,370.1099853515625,369.6499938964844,369.739990234375,100656.0,37216548.45703125
2026-04-02 16:20:00,369.6700134277344,370.1199951171875,369.3949890136719,369.69500732421875,121858.0,45050294.20251465
2026-04-02 16:25:00,369.6600036621094,370.04998779296875,369.5013122558594,369.7471008300781,139110.0,51435519.19647217
2026-04-02 16:30:00,369.7349853515625,370.55999755859375,369.4649963378906,370.2799987792969,121428.0,44962359.69177246
2026-04-02 16:35:00,370.30999755859375,370.4700012207031,369.9700012207031,370.29998779296875,117912.0,43662812.16064453
2026-04-02 16:40:00,370.2799987792969,371.3900146484375,370.2799987792969,371.1499938964844,144690.0,53701692.616882324
2026-04-02 16:45:00,371.17999267578125,371.4599914550781,370.9599914550781,371.45001220703125,132260.0,49127978.61450195
2026-04-02 16:50:00,371.44000244140625,371.67999267578125,371.3700866699219,371.42999267578125,140714.0,52265399.98937988
2026-04-02 16:55:00,371.44500732421875,371.44500732421875,371.0,371.0199890136719,109050.0,40459729.80194092
2026-04-02 17:00:00,371.0400085449219,371.114990234375,370.6099853515625,370.8550109863281,345137.0,127995785.92678833
2026-04-02 17:05:00,370.8399963378906,371.0299987792969,370.5801086425781,370.80999755859375,123475.0,45785764.44854736
2026-04-02 17:10:00,370.7900085449219,371.34991455078125,370.4849853515625,371.3186950683594,180852.0,67153728.64050293
2026-04-02 17:15:00,371.29998779296875,371.79998779296875,371.28009033203125,371.6300048828125,169836.0,63116153.509277344
2026-04-02 17:20:00,371.625,371.8900146484375,371.54998779296875,371.6700134277344,135044.0,50191805.29333496
2026-04-02 17:25:00,371.67999267578125,371.8500061035156,371.4800109863281,371.5799865722656,84138.0,31263996.910217285
2026-04-02 17:30:00,371.6000061035156,371.8399963378906,371.489990234375,371.6549987792969,111112.0,41295330.224365234
2026-04-02 17:35:00,371.6549987792969,371.75,371.4700012207031,371.7300109863281,98964.0,36787888.80725098
2026-04-02 17:40:00,371.7099914550781,371.8299865722656,371.29998779296875,371.5400085449219,162621.0,60420207.72958374
2026-04-02 17:45:00,371.54998779296875,371.6099853515625,370.510009765625,370.6300048828125,157631.0,58422778.29968262
2026-04-02 17:50:00,370.6191101074219,370.9700012207031,370.55010986328125,370.889892578125,143499.0,53222328.69506836
2026-04-02 17:55:00,370.8999938964844,370.9993896484375,370.6199951171875,370.8598937988281,105518.0,39132394.273864746
2026-04-02 18:00:00,370.875,371.3900146484375,370.8299865722656,371.3699951171875,118225.0,43905217.67272949
2026-04-02 18:05:00,371.3699951171875,371.6789855957031,371.2500915527344,371.3200988769531,146521.0,54406192.20755005
2026-04-02 18:10:00,371.3299865722656,371.6098937988281,371.239990234375,371.29998779296875,108466.0,40273424.47595215
2026-04-02 18:15:00,371.30999755859375,371.3699951171875,371.1099853515625,371.32000732421875,80052.0,29724909.22631836
2026-04-02 18:20:00,371.32000732421875,371.5450134277344,371.1199951171875,371.1199951171875,142908.0,53036016.26220703
2026-04-02 18:25:00,371.125,371.25,370.94000244140625,371.0494079589844,101958.0,37831455.53668213
2026-04-02 18:30:00,371.0199890136719,371.42999267578125,371.0176086425781,371.3800048828125,133227.0,49477843.91052246
2026-04-02 18:35:00,371.364990234375,371.5299987792969,370.9200134277344,371.07000732421875,153517.0,56965554.31439209
2026-04-02 18:40:00,371.0199890136719,371.6099853515625,371.0199890136719,371.6097106933594,143916.0,53480583.12414551
2026-04-02 18:45:00,371.5899963378906,371.5899963378906,371.0799865722656,371.2300109863281,153407.0,56949282.29537964
2026-04-02 18:50:00,371.2257080078125,371.69000244140625,371.0950012207031,371.4700012207031,137538.0,51091241.02789307
2026-04-02 18:55:00,371.44500732421875,371.44989013671875,371.20001220703125,371.3599853515625,114485.0,42515147.92297363
2026-04-02 19:00:00,371.3800048828125,371.4100036621094,370.8500061035156,371.1499938964844,236430.0,87750993.0569458
2026-04-02 19:05:00,371.1400146484375,371.5400085449219,371.1099853515625,371.1650085449219,165086.0,61274146.60064697
2026-04-02 19:10:00,371.1824951171875,371.5,371.1300048828125,371.20001220703125,117460.0,43601153.43383789
2026-04-02 19:15:00,371.19500732421875,371.3599853515625,370.8699951171875,371.0498962402344,171594.0,63669935.89544678
2026-04-02 19:20:00,371.04998779296875,373.20001220703125,370.7250061035156,372.2749938964844,780263.0,290472403.5626526
2026-04-02 19:25:00,372.2699890136719,372.6300048828125,371.6600036621094,372.57989501953125,477274.0,177822696.81555176
2026-04-02 19:30:00,372.55499267578125,372.94000244140625,372.0799865722656,372.239990234375,459881.0,171186098.9489746
2026-04-02 19:35:00,372.2300109863281,373.1600036621094,372.17999267578125,372.635009765625,379260.0,141325553.80371094
2026-04-02 19:40:00,372.6499938964844,373.1000061035156,372.0799865722656,372.2699890136719,347555.0,129384296.03164673
2026-04-02 19:45:00,372.25,372.44000244140625,372.0101013183594,372.2550048828125,295976.0,110178547.32519531
2026-04-02 19:50:00,372.2799987792969,372.79998779296875,372.2799987792969,372.635009765625,414536.0,154470626.40820312
2026-04-02 19:55:00,372.635009765625,373.6000061035156,372.5950012207031,373.5,990498.0,369951003.0
2026-04-06 13:30:00,373.4599914550781,373.7300109863281,372.1000061035156,372.6199951171875,1008996.0,375972084.5932617
2026-04-06 13:35:00,372.7799987792969,373.1189880371094,369.50140380859375,370.8900146484375,565078.0,209581787.69750977
2026-04-06 13:40:00,370.8900146484375,371.159912109375,370.385009765625,371.05999755859375,349415.0,129653929.04693604
2026-04-06 13:45:00,371.05499267578125,372.0899963378906,370.9700012207031,371.7699890136719,263205.0,97851719.9583435
2026-04-06 13:50:00,371.7950134277344,372.9039001464844,371.6600036621094,372.4599914550781,312287.0,116314413.35153198
2026-04-06 13:55:00,372.5400085449219,373.2799987792969,372.3500061035156,373.2349853515625,288953.0,107847368.72229004
2026-04-06 14:00:00,372.79998779296875,373.5,371.8599853515625,371.8599853515625,258850.0,96255957.20825195
2026-04-06 14:05:00,371.989990234375,372.6784973144531,371.739990234375,372.6784973144531,234803.0,87506029.20492554
2026-04-06 14:10:00,372.6549987792969,372.760009765625,371.69000244140625,372.75,251717.0,93827511.75
2026-04-06 14:15:00,372.7300109863281,372.8900146484375,372.4100036621094,372.6650085449219,200319.0,74651881.8467102
2026-04-06 14:20:00,372.67999267578125,373.07000732421875,372.5849914550781,372.7850036621094,154230.0,57494631.11480713
2026-04-06 14:25:00,372.7799987792969,373.05999755859375,372.4977111816406,372.6499938964844,133599.0,49785666.534576416
2026-04-06 14:30:00,372.70001220703125,372.989990234375,372.2900085449219,372.385009765625,174726.0,65065343.216308594
2026-04-06 14:35:00,372.4049987792969,372.6694030761719,371.6499938964844,371.7699890136719,197796.0,73534616.74694824
2026-04-06 14:40:00,371.75,372.260009765625,371.5,371.8599853515625,138265.0,51415220.87463379
2026-04-06 14:45:00,371.8299865722656,371.8299865722656,371.1499938964844,371.2300109863281,132969.0,49362083.330841064
2026-04-06 14:50:00,371.29998779296875,371.7300109863281,371.1400146484375,371.6650085449219,183917.0,68355513.3765564
2026-04-06 14:55:00,371.6650085449219,372.3114929199219,371.5,371.9800109863281,132226.0,49185428.93267822
2026-04-06 15:00:00,372.0,372.2449951171875,371.55999755859375,371.885009765625,128843.0,47914780.31323242
2026-04-06 15:05:00,371.8699951171875,372.6700134277344,371.80999755859375,372.5,274631.0,102300047.5
2026-04-06 15:10:00,372.4800109863281,372.55999755859375,372.0199890136719,372.3299865722656,154838.0,57650830.460876465
2026-04-06 15:15:00,372.32000732421875,372.42999267578125,371.9599914550781,372.17999267578125,112127.0,41731426.038757324
2026-04-06 15:20:00,372.1300048828125,372.1700134277344,371.66009521484375,371.8699951171875,139548.0,51893714.07861328
2026-04-06 15:25:00,371.9100036621094,371.92999267578125,371.30010986328125,371.3699951171875,138284.0,51354528.404785156
2026-04-06 15:30:00,371.3999938964844,371.4700012207031,370.9411926269531,371.1700134277344,123646.0,45893687.480285645
2026-04-06 15:35:00,371.1700134277344,371.3800048828125,370.8299865722656,371.3399963378906,123629.0,45908392.40725708
2026-04-06 15:40:00,371.3500061035156,371.5899963378906,371.17010498046875,371.4100036621094,125013.0,46431078.78781128
2026-04-06 15:45:00,371.4100036621094,371.7300109863281,371.2799987792969,371.635009765625,90164.0,33508099.020507812
2026-04-06 15:50:00,371.6000061035156,371.82000732421875,371.489990234375,371.7200012207031,129379.0,48092762.03793335
2026-04-06 15:55:00,371.70001220703125,371.79998779296875,371.44500732421875,371.6098937988281,107423.0,39919449.62155151
2026-04-06 16:00:00,371.5899963378906,371.6600036621094,371.29998779296875,371.3399963378906,149993.0,55698400.07070923
2026-04-06 16:05:00,371.3399963378906,371.5398864746094,371.2799987792969,371.3299865722656,283464.0,105258683.3137207
2026-04-06 16:10:00,371.3299865722656,371.5350036621094,371.239990234375,371.5,105207.0,39084400.5
2026-04-06 16:15:00,371.5199890136719,371.6199951171875,371.3999938964844,371.42999267578125,91523.0,33994387.21966553
2026-04-06 16:20:00,371.45001220703125,371.8299865722656,371.3599853515625,371.81988525390625,175098.0,65104918.26818848
2026-04-06 16:25:00,371.8299865722656,372.0899963378906,371.6199951171875,372.0050048828125,144020.0,53576160.803222656
2026-04-06 16:30:00,372.0,372.489990234375,371.82000732421875,372.4661865234375,125078.0,46587325.677978516
2026-04-06 16:35:00,372.4599914550781,373.0,372.3900146484375,372.8406982421875,118385.0,44138746.06140137
2026-04-06 16:40:00,372.79998779296875,372.8399963378906,372.5000915527344,372.6376953125,158311.0,58992646.18261719
2026-04-06 16:45:00,372.6199951171875,372.7200012207031,372.3200988769531,372.510009765625,115575.0,43052844.37866211
2026-04-06 16:50:00,372.5150146484375,372.5799865722656,372.0,372.20001220703125,120499.0,44849729.27093506
2026-04-06 16:55:00,372.18341064453125,372.2799987792969,371.8299865722656,372.1700134277344,169050.0,62915340.769958496
2026-04-06 17:00:00,372.1860046386719,372.20928955078125,371.6000061035156,371.86419677734375,163202.0,60688980.642456055
2026-04-06 17:05:00,371.8450012207031,372.11248779296875,371.6499938964844,371.9200134277344,110536.0,41110550.60424805
2026-04-06 17:10:00,371.92999267578125,371.92999267578125,370.6900939941406,371.04510498046875,193522.0,71805390.80603027
2026-04-06 17:15:00,371.04998779296875,371.4100036621094,370.8599853515625,371.385009765625,139708.0,51885456.94433594
2026-04-06 17:20:00,371.3599853515625,371.8800048828125,371.17999267578125,371.864013671875,97291.0,36179021.75415039
2026-04-06 17:25:00,371.8599853515625,372.3299865722656,371.760009765625,372.2650146484375,104701.0,38976519.298706055
2026-04-06 17:30:00,372.25,372.57000732421875,372.05999755859375,372.05999755859375,104282.0,38799160.66540527
2026-04-06 17:35:00,372.114990234375,372.2799987792969,371.80010986328125,372.0799865722656,105486.0,39249229.46356201
2026-04-06 17:40:00,372.0799865722656,372.6700134277344,371.9601135253906,372.635009765625,187393.0,69829192.38500977
2026-04-06 17:45:00,372.6300048828125,372.6600036621094,371.80999755859375,371.864990234375,115009.0,42767820.661865234
2026-04-06 17:50:00,371.9100036621094,372.0899963378906,371.6099853515625,371.7300109863281,87838.0,32652020.70501709
2026-04-06 17:55:00,371.7300109863281,371.8764953613281,371.6300048828125,371.6400146484375,70871.0,26338499.478149414
2026-04-06 18:00:00,371.6600036621094,371.739990234375,371.4800109863281,371.5899963378906,275554.0,102393109.85089111
2026-04-06 18:05:00,371.5799865722656,372.239990234375,371.5199890136719,372.2250061035156,100390.0,37367668.36273193
2026-04-06 18:10:00,372.2300109863281,372.75,372.2200012207031,372.662109375,123970.0,46198921.69921875
2026-04-06 18:15:00,372.67999267578125,373.2799987792969,372.67498779296875,373.20001220703125,135045.0,50398795.648498535
2026-04-06 18:20:00,373.1400146484375,373.6600036621094,373.04998779296875,373.5,150521.0,56219593.5
2026-04-06 18:25:00,373.5050048828125,373.5050048828125,372.82000732421875,372.92999267578125,131845.0,49168954.88433838
2026-04-06 18:30:00,372.92498779296875,373.32000732421875,372.6650085449219,372.7799987792969,91188.0,33993062.52868652
2026-04-06 18:35:00,372.7300109863281,372.8800048828125,372.55999755859375,372.55999755859375,78464.0,29232547.6484375
2026-04-06 18:40:00,372.57000732421875,372.6099853515625,372.30609130859375,372.4649963378906,82800.0,30840101.696777344
2026-04-06 18:45:00,372.4800109863281,372.6098937988281,372.260009765625,372.4049987792969,93291.0,34742034.741119385
2026-04-06 18:50:00,372.4100036621094,372.7099914550781,372.3699951171875,372.5195007324219,108967.0,40592332.436309814
2026-04-06 18:55:00,372.4949951171875,372.69000244140625,372.4700012207031,372.5459899902344,98089.0,36542663.6121521
2026-04-06 19:00:00,372.55999755859375,372.55999755859375,372.1199951171875,372.5,94323.0,35135317.5
2026-04-06 19:05:00,372.5,372.6724853515625,372.29998779296875,372.49200439453125,137409.0,51183753.831848145
2026-04-06 19:10:00,372.4800109863281,372.79998779296875,372.3200988769531,372.6300048828125,123536.0,46033220.283203125
2026-04-06 19:15:00,372.6400146484375,372.6400146484375,372.2699890136719,372.389404296875,111521.0,41529238.7565918
2026-04-06 19:20:00,372.3800048828125,372.739990234375,372.3299865722656,372.3900146484375,119288.0,44421660.06738281
2026-04-06 19:25:00,372.3800048828125,372.55999755859375,372.20001220703125,372.4100036621094,96885.0,36080943.20480347
2026-04-06 19:30:00,372.3800048828125,372.4289855957031,372.2239990234375,372.3500061035156,122863.0,45748038.79989624
2026-04-06 19:35:00,372.3349914550781,372.5400085449219,372.2699890136719,372.3500061035156,105237.0,39184997.592315674
2026-04-06 19:40:00,372.3500061035156,372.5400085449219,371.7699890136719,372.5199890136719,168062.0,62606454.39361572
2026-04-06 19:45:00,372.5,372.94000244140625,372.4800109863281,372.92498779296875,176767.0,65920831.31719971
2026-04-06 19:50:00,372.95001220703125,373.1499938964844,372.6000061035156,372.7699890136719,286545.0,106815376.5019226
2026-04-06 19:55:00,372.375,372.9100036621094,372.2699890136719,372.8609924316406,591746.0,220639000.8274536
2026-04-07 13:30:00,370.3450012207031,371.4800109863281,370.0,370.7799987792969,1086950.0,403019319.67315674
2026-04-07 13:35:00,370.6499938964844,371.0299987792969,369.7699890136719,370.0,328381.0,121500970.0
2026-04-07 13:40:00,370.019287109375,370.9700012207031,369.781494140625,370.56500244140625,308576.0,114347466.19335938
2026-04-07 13:45:00,370.57000732421875,371.45001220703125,370.489990234375,371.07000732421875,314898.0,116849203.16638184
2026-04-07 13:50:00,371.07000732421875,371.07000732421875,370.1499938964844,370.4649963378906,168277.0,62340738.18875122
2026-04-07 13:55:00,370.4751892089844,370.6000061035156,369.6402893066406,369.6600036621094,204523.0,75603972.9289856
2026-04-07 14:00:00,369.6499938964844,369.8599853515625,368.75,368.9599914550781,291718.0,107632270.78729248
2026-04-07 14:05:00,369.010009765625,369.010009765625,367.8999938964844,368.239990234375,347575.0,127991014.60571289
2026-04-07 14:10:00,368.2099914550781,368.6600036621094,368.1000061035156,368.45001220703125,237390.0,87466348.39782715
2026-04-07 14:15:00,368.4700012207031,369.0350036621094,368.30999755859375,368.95001220703125,230654.0,85099796.11560059
2026-04-07 14:20:00,368.95001220703125,369.7200012207031,368.8599853515625,369.56500244140625,221634.0,81908169.75109863
2026-04-07 14:25:00,369.54998779296875,369.79998779296875,369.42999267578125,369.7349853515625,147883.0,54677518.83874512
2026-04-07 14:30:00,369.7349853515625,370.0299987792969,369.2300109863281,369.6099853515625,154587.0,57136898.80554199
2026-04-07 14:35:00,369.625,369.75,368.8900146484375,369.0899963378906,133241.0,49177920.202056885
2026-04-07 14:40:00,369.1199951171875,369.2499084472656,368.7300109863281,369.0899963378906,126886.0,46832353.27532959
2026-04-07 14:45:00,369.05499267578125,369.3699951171875,368.7099914550781,368.82501220703125,140173.0,51699308.43609619
2026-04-07 14:50:00,368.760009765625,368.79998779296875,368.17999267578125,368.2550048828125,222917.0,82090300.92346191
2026-04-07 14:55:00,368.2099914550781,368.260009765625,367.3599853515625,367.375,244183.0,89706729.625
2026-04-07 15:00:00,367.3500061035156,367.42999267578125,366.82000732421875,367.04998779296875,272090.0,99870631.17858887
2026-04-07 15:05:00,367.0199890136719,367.0899963378906,366.57000732421875,366.9649963378906,185494.0,68069805.03070068
2026-04-07 15:10:00,366.9800109863281,367.6400146484375,366.9800109863281,367.5899963378906,167065.0,61411422.7381897
2026-04-07 15:15:00,367.55999755859375,368.739990234375,367.489990234375,368.0899963378906,321941.0,118503261.51101685
2026-04-07 15:20:00,368.1300048828125,368.1449890136719,367.69500732421875,367.8399963378906,117059.0,43058982.13131714
2026-04-07 15:25:00,367.8399963378906,368.1600036621094,367.7799987792969,368.114990234375,141350.0,52033053.869628906
2026-04-07 15:30:00,368.114990234375,368.3800048828125,367.885009765625,368.3800048828125,124435.0,45839365.90759277
2026-04-07 15:35:00,368.3500061035156,368.5,367.95001220703125,368.2300109863281,257860.0,94951790.63293457
2026-04-07 15:40:00,368.2489929199219,368.489990234375,367.9599914550781,368.25,233960.0,86155770.0
2026-04-07 15:45:00,368.25,368.8299865722656,368.2250061035156,368.80999755859375,120726.0,44524955.76525879
2026-04-07 15:50:00,368.82000732421875,369.0199890136719,368.5,368.9599914550781,92830.0,34250556.0067749
2026-04-07 15:55:00,368.95001220703125,369.4700012207031,368.75,369.2301025390625,137409.0,50735539.15979004
2026-04-07 16:00:00,369.2799987792969,370.8599853515625,369.20001220703125,369.92999267578125,200423.0,74142478.9220581
2026-04-07 16:05:00,369.92999267578125,370.19000244140625,369.6300048828125,369.6700134277344,109190.0,40364268.76617432
2026-04-07 16:10:00,369.6700134277344,369.94989013671875,369.57000732421875,369.79998779296875,283271.0,104753612.34210205
2026-04-07 16:15:00,369.7699890136719,370.1099853515625,369.5899963378906,369.8900146484375,1261784.0,466721302.24316406
2026-04-07 16:20:00,369.8550109863281,370.5799865722656,369.7799987792969,370.20001220703125,211299.0,78222892.3793335
2026-04-07 16:25:00,370.2449951171875,370.82000732421875,369.9649963378906,370.7099914550781,158669.0,58820183.63418579
2026-04-07 16:30:00,370.67999267578125,370.82000732421875,370.45001220703125,370.739990234375,104592.0,38776437.05859375
2026-04-07 16:35:00,370.7550048828125,370.7799072265625,370.20001220703125,370.4049987792969,100820.0,37344231.97692871
2026-04-07 16:40:00,370.45001220703125,370.79998779296875,370.3100891113281,370.5899963378906,84506.0,31317078.230529785
2026-04-07 16:45:00,370.6199951171875,371.1199951171875,370.614990234375,370.94000244140625,233607.0,86654181.15032959
2026-04-07 16:50:00,370.8900146484375,371.1650085449219,370.7799987792969,371.0299987792969,195744.0,72626896.08105469
2026-04-07 16:55:00,371.0400085449219,371.08990478515625,370.6499938964844,370.718994140625,94120.0,34892071.728515625
2026-04-07 17:00:00,370.6700134277344,371.17999267578125,370.5400085449219,370.70001220703125,156874.0,58153193.71496582
2026-04-07 17:05:00,370.7250061035156,370.94000244140625,370.5700988769531,370.6300048828125,73029.0,27066738.626586914
2026-04-07 17:10:00,370.6099853515625,370.70001220703125,370.2699890136719,370.3299865722656,92882.0,34396989.812805176
2026-04-07 17:15:00,370.32000732421875,370.55999755859375,370.19000244140625,370.44000244140625,101301.0,37525942.687316895
2026-04-07 17:20:00,370.44500732421875,370.510009765625,370.0799865722656,370.364990234375,85017.0,31487320.37475586
2026-04-07 17:25:00,370.3799133300781,370.4700012207031,370.20001220703125,370.3172912597656,164768.0,61016439.44628906
2026-04-07 17:30:00,370.3299865722656,371.0299987792969,370.29998779296875,370.95001220703125,84334.0,31283698.329467773
2026-04-07 17:35:00,370.95001220703125,371.7799987792969,370.9200134277344,371.29998779296875,161330.0,59901827.03063965
2026-04-07 17:40:00,371.30499267578125,371.30499267578125,370.8399963378906,370.8800048828125,90250.0,33471920.440673828
2026-04-07 17:45:00,370.9289855957031,370.9779968261719,370.55999755859375,370.8349914550781,65093.0,24138762.0987854
2026-04-07 17:50:00,370.8599853515625,371.0799865722656,370.7449951171875,370.7900085449219,67106.0,24882234.313415527
2026-04-07 17:55:00,370.80999755859375,370.8743896484375,370.5799865722656,370.82000732421875,89426.0,33160949.974975586
2026-04-07 18:00:00,370.8500061035156,371.260009765625,370.7300109863281,370.9200134277344,120900.0,44844229.623413086
2026-04-07 18:05:00,370.9100036621094,371.04998779296875,370.760009765625,370.9211120605469,85404.0,31678146.654418945
2026-04-07 18:10:00,370.8999938964844,370.989990234375,370.6099853515625,370.68011474609375,90405.0,33511335.773620605
2026-04-07 18:15:00,370.7049865722656,370.7699890136719,370.4501037597656,370.7049865722656,146181.0,54190025.64212036
2026-04-07 18:20:00,370.7049865722656,370.760009765625,370.1199951171875,370.20001220703125,122925.0,45506836.50054932
2026-04-07 18:25:00,370.2099914550781,370.41009521484375,370.0400085449219,370.24951171875,125741.0,46555543.853027344
2026-04-07 18:30:00,370.260009765625,370.260009765625,369.9599914550781,370.13031005859375,138701.0,51337444.13543701
2026-04-07 18:35:00,370.1199951171875,370.3800048828125,370.0799865722656,370.3299865722656,132871.0,49206115.645843506
2026-04-07 18:40:00,370.3599853515625,370.45001220703125,369.6300048828125,369.7900085449219,149967.0,55456298.2114563
2026-04-07 18:45:00,369.8099060058594,370.0450134277344,369.5,369.5931091308594,122118.0,45133971.300842285
2026-04-07 18:50:00,369.55999755859375,369.8399963378906,369.19000244140625,369.29998779296875,154858.0,57189057.509643555
2026-04-07 18:55:00,369.2699890136719,369.2799987792969,368.6499938964844,368.9200134277344,195914.0,72276595.51068115
2026-04-07 19:00:00,368.8999938964844,369.44989013671875,368.7250061035156,369.3900146484375,171785.0,63455663.666381836
2026-04-07 19:05:00,369.4100036621094,369.4800109863281,368.8389892578125,369.19000244140625,178750.0,65992712.93640137
2026-04-07 19:10:00,369.18499755859375,369.42999267578125,369.0400085449219,369.2749938964844,142068.0,52462159.83288574
2026-04-07 19:15:00,369.2749938964844,371.3800048828125,369.17999267578125,371.0799865722656,304555.0,113014265.31051636
2026-04-07 19:20:00,371.1000061035156,371.6099853515625,370.42999267578125,370.7699890136719,338862.0,125639860.01715088
2026-04-07 19:25:00,370.739990234375,371.2398986816406,370.3800048828125,370.8500061035156,137636.0,51042311.44006348
2026-04-07 19:30:00,370.8500061035156,370.9898986816406,370.44000244140625,370.8599853515625,137463.0,50979526.166381836
2026-04-07 19:35:00,370.8900146484375,370.8900146484375,370.2300109863281,370.3800048828125,141733.0,52495069.232055664
2026-04-07 19:40:00,370.3800048828125,371.25,370.3599853515625,371.05999755859375,237375.0,88080366.92047119
2026-04-07 19:45:00,371.0199890136719,372.45001220703125,370.7799987792969,371.3949890136719,467846.0,173755660.03009033
2026-04-07 19:50:00,371.44000244140625,372.3800048828125,371.3800048828125,372.05499267578125,395673.0,147212115.1170044
2026-04-07 19:55:00,372.0299987792969,372.45001220703125,371.54998779296875,372.2699890136719,785227.0,292316446.6632385
2026-04-07 20:00:00,372.2900085449219,372.2900085449219,372.2900085449219,372.2900085449219,0.0,0.0
