timestamps,open,high,low,close,volume,amount
2025-10-08 13:30:00,204.36000061035156,204.3699951171875,202.60000610351562,202.85000610351562,0.0,0.0
2025-10-08 14:30:00,202.86000061035156,203.2899932861328,202.69000244140625,202.7100067138672,128590.0,26066479.76333618
2025-10-08 15:30:00,202.72999572753906,202.74000549316406,202.32000732421875,202.6300048828125,120817.0,24481149.299926758
2025-10-08 16:30:00,202.63999938964844,202.94000244140625,202.57000732421875,202.64999389648438,107921.0,21870189.99130249
2025-10-08 17:30:00,202.65499877929688,202.69000244140625,202.42999267578125,202.6199951171875,162883.0,33003352.66467285
2025-10-08 18:30:00,202.61000061035156,202.74000549316406,202.11000061035156,202.36000061035156,246748.0,49931925.43060303
2025-10-08 19:30:00,202.35000610351562,202.67999267578125,202.02999877929688,202.5,277772.0,56248830.0
2025-10-09 13:30:00,202.6999969482422,203.52999877929688,202.14999389648438,203.27999877929688,0.0,0.0
2025-10-09 14:30:00,203.27000427246094,203.61000061035156,203.0,203.5399932861328,137395.0,27965377.377548218
2025-10-09 15:30:00,203.5800018310547,203.63999938964844,202.77999877929688,202.97999572753906,107168.0,21752960.182128906
2025-10-09 16:30:00,202.97999572753906,203.25999450683594,202.9199981689453,203.10000610351562,98180.0,19940358.599243164
2025-10-09 17:30:00,203.11000061035156,203.47999572753906,202.88999938964844,203.4199981689453,168688.0,34314512.65112305
2025-10-09 18:30:00,203.42999267578125,203.75,203.33999633789062,203.61000061035156,135625.0,27614606.33277893
2025-10-09 19:30:00,203.60000610351562,204.08999633789062,203.56500244140625,203.8000030517578,222857.0,45418257.28010559
2025-10-10 13:30:00,204.5399932861328,204.6999969482422,203.7899932861328,204.52000427246094,0.0,0.0
2025-10-10 14:30:00,204.5500030517578,204.7100067138672,203.02999877929688,203.1999969482422,254761.0,51767434.42253113
2025-10-10 15:30:00,203.1699981689453,203.63999938964844,202.89999389648438,203.42999267578125,186137.0,37865848.546691895
2025-10-10 16:30:00,203.44000244140625,203.6199951171875,202.6199951171875,202.94000244140625,115239.0,23386602.941345215
2025-10-10 17:30:00,202.9600067138672,203.2449951171875,202.77999877929688,202.94000244140625,103192.0,20941784.731933594
2025-10-10 18:30:00,202.9199981689453,203.00999450683594,201.97999572753906,202.07000732421875,195738.0,39552779.09362793
2025-10-10 19:30:00,202.0800018310547,202.14999389648438,200.82000732421875,201.1699981689453,422601.0,85014642.39619446
2025-10-14 13:30:00,201.52000427246094,203.0500030517578,201.13999938964844,203.00999450683594,0.0,0.0
2025-10-14 14:30:00,203.0,203.44000244140625,202.80999755859375,203.2100067138672,130397.0,26497975.24546814
2025-10-14 15:30:00,203.1999969482422,204.13999938964844,203.1999969482422,203.88999938964844,134476.0,27418311.557922363
2025-10-14 16:30:00,203.88999938964844,204.44000244140625,203.83999633789062,204.36000061035156,132367.0,27050520.200790405
2025-10-14 17:30:00,204.3699951171875,204.58999633789062,204.1300048828125,204.42999267578125,128251.0,26218350.99066162
2025-10-14 18:30:00,204.44000244140625,204.55999755859375,204.30999755859375,204.41000366210938,227130.0,46427644.1317749
2025-10-14 19:30:00,204.4199981689453,204.5500030517578,203.85000610351562,204.22000122070312,249131.0,50877533.12411499
2025-10-15 13:30:00,204.5800018310547,206.16000366210938,204.38999938964844,206.16000366210938,0.0,0.0
2025-10-15 14:30:00,206.14999389648438,206.1999969482422,205.63999938964844,205.9600067138672,206309.0,42491403.025131226
2025-10-15 15:30:00,205.97000122070312,206.2100067138672,205.5,205.9499969482422,213167.0,43901742.99946594
2025-10-15 16:30:00,205.9600067138672,206.0800018310547,205.4199981689453,205.6999969482422,193382.0,39778676.80984497
2025-10-15 17:30:00,205.67999267578125,205.9499969482422,205.63999938964844,205.74000549316406,146017.0,30041538.382095337
2025-10-15 18:30:00,205.72999572753906,206.0500030517578,205.72999572753906,205.9199981689453,147592.0,30392144.369750977
2025-10-15 19:30:00,205.94000244140625,206.33999633789062,205.86000061035156,206.24000549316406,238072.0,49099970.587768555
2025-10-16 13:30:00,206.0800018310547,206.6699981689453,205.69000244140625,205.97000122070312,0.0,0.0
2025-10-16 14:30:00,205.92999267578125,206.82000732421875,205.85000610351562,206.61000061035156,168014.0,34713372.64254761
2025-10-16 15:30:00,206.57000732421875,206.6199951171875,205.75,205.75,141135.0,29038526.25
2025-10-16 16:30:00,205.74000549316406,205.74000549316406,204.97999572753906,205.25999450683594,218399.0,44828577.54029846
2025-10-16 17:30:00,205.25,205.3699951171875,204.44000244140625,204.6300048828125,184166.0,37685889.47924805
2025-10-16 18:30:00,204.6300048828125,204.91000366210938,203.8300018310547,203.8300018310547,244958.0,49929789.588531494
2025-10-16 19:30:00,203.7949981689453,204.63999938964844,203.39999389648438,204.1699981689453,372204.0,75992889.99847412
2025-10-17 13:30:00,202.97000122070312,205.1699981689453,202.60000610351562,205.02999877929688,0.0,0.0
2025-10-17 14:30:00,205.02000427246094,205.0500030517578,203.82000732421875,204.07000732421875,231271.0,47195474.663879395
2025-10-17 15:30:00,204.0800018310547,204.6999969482422,203.74000549316406,204.66000366210938,179484.0,36733196.09729004
2025-10-17 16:30:00,204.6699981689453,204.67999267578125,204.0500030517578,204.24000549316406,117638.0,24026385.766204834
2025-10-17 17:30:00,204.24000549316406,204.61000061035156,204.22999572753906,204.49000549316406,162867.0,33304673.72465515
2025-10-17 18:30:00,204.47999572753906,204.6999969482422,204.42999267578125,204.5,141329.0,28901780.5
2025-10-17 19:30:00,204.49000549316406,204.6699981689453,204.14999389648438,204.22999572753906,330096.0,67415504.66967773
2025-10-20 13:30:00,204.27999877929688,206.49000549316406,204.1699981689453,205.99000549316406,0.0,0.0
2025-10-20 14:30:00,205.97999572753906,206.63999938964844,205.97999572753906,206.39999389648438,139473.0,28787226.348724365
2025-10-20 15:30:00,206.42999267578125,206.6199951171875,206.1999969482422,206.4199981689453,131075.0,27056501.259994507
2025-10-20 16:30:00,206.42999267578125,206.74000549316406,206.41000366210938,206.5800018310547,178005.0,36772273.22593689
2025-10-20 17:30:00,206.58999633789062,206.67999267578125,206.22999572753906,206.30999755859375,105540.0,21773957.142333984
2025-10-20 18:30:00,206.32000732421875,206.50999450683594,206.2100067138672,206.3300018310547,104722.0,21607290.45175171
2025-10-20 19:30:00,206.35000610351562,206.6999969482422,206.09500122070312,206.17999267578125,156817.0,32332527.91143799
2025-10-21 13:30:00,206.66000366210938,206.99000549316406,205.69000244140625,205.8000030517578,0.0,0.0
2025-10-21 14:30:00,205.8300018310547,206.10000610351562,205.52000427246094,205.6699981689453,129091.0,26550145.73362732
2025-10-21 15:30:00,205.69000244140625,205.83999633789062,205.5399932861328,205.72999572753906,82544.0,16981776.767333984
2025-10-21 16:30:00,205.72000122070312,205.88999938964844,205.41000366210938,205.5,85708.0,17612994.0
2025-10-21 17:30:00,205.5,205.6699981689453,205.39999389648438,205.6199951171875,78772.0,16197098.255371094
2025-10-21 18:30:00,205.6199951171875,205.78500366210938,205.41000366210938,205.7100067138672,122766.0,25254194.68423462
2025-10-21 19:30:00,205.6999969482422,206.0399932861328,205.38999938964844,205.5,176863.0,36345346.5
2025-10-22 13:30:00,205.0,205.8000030517578,205.0,205.11500549316406,0.0,0.0
2025-10-22 14:30:00,205.1300048828125,205.49000549316406,204.88999938964844,205.07000732421875,173194.0,35516894.84851074
2025-10-22 15:30:00,205.0800018310547,205.77000427246094,205.02000427246094,205.61000061035156,116552.0,23964256.791137695
2025-10-22 16:30:00,205.63999938964844,205.6699981689453,204.94000244140625,205.1300048828125,115155.0,23621745.712280273
2025-10-22 17:30:00,205.11000061035156,205.36000061035156,204.86000061035156,204.97000122070312,121382.0,24879668.688171387
2025-10-22 18:30:00,204.97000122070312,205.44000244140625,204.9499969482422,205.24000549316406,104373.0,21421515.093338013
2025-10-22 19:30:00,205.24000549316406,205.3000030517578,205.05999755859375,205.27000427246094,124643.0,25585469.14253235
2025-10-23 13:30:00,205.58999633789062,205.9499969482422,205.16000366210938,205.58999633789062,0.0,0.0
2025-10-23 14:30:00,205.60000610351562,206.0800018310547,205.5800018310547,206.0800018310547,121631.0,25065716.702713013
2025-10-23 15:30:00,206.0800018310547,206.24000549316406,205.7100067138672,206.17999267578125,140604.0,28989731.690185547
2025-10-23 16:30:00,206.1699981689453,206.47999572753906,206.16000366210938,206.32000732421875,196572.0,40556736.47973633
2025-10-23 17:30:00,206.32000732421875,206.74000549316406,206.31500244140625,206.57000732421875,428636.0,88543341.65942383
2025-10-23 18:30:00,206.5800018310547,206.6699981689453,206.17999267578125,206.24000549316406,446529.0,92092143.41285706
2025-10-23 19:30:00,206.22999572753906,206.38999938964844,206.11000061035156,206.22999572753906,311783.0,64299006.75791931
2025-10-24 13:30:00,206.89999389648438,207.49000549316406,206.63999938964844,206.9149932861328,0.0,0.0
2025-10-24 14:30:00,206.9199981689453,207.4499969482422,206.8699951171875,207.32000732421875,156504.0,32446410.42626953
2025-10-24 15:30:00,207.33999633789062,207.4199981689453,207.11000061035156,207.35000610351562,162963.0,33790379.04464722
2025-10-24 16:30:00,207.35000610351562,207.5500030517578,207.27000427246094,207.39999389648438,261732.0,54283215.20251465
2025-10-24 17:30:00,207.39999389648438,207.50999450683594,206.97999572753906,207.07000732421875,240627.0,49826634.652404785
2025-10-24 18:30:00,207.05999755859375,207.05999755859375,206.55999755859375,206.74000549316406,272384.0,56312669.65625
2025-10-24 19:30:00,206.74000549316406,206.88999938964844,206.61000061035156,206.8300018310547,245843.0,50847708.14015198
2025-10-27 13:30:00,205.8000030517578,206.25,204.77999877929688,205.10000610351562,0.0,0.0
2025-10-27 14:30:00,205.10000610351562,205.11500549316406,204.36000061035156,204.91000366210938,224022.0,45904348.84039307
2025-10-27 15:30:00,204.9250030517578,205.75,204.88999938964844,205.67999267578125,144163.0,29651444.784118652
2025-10-27 16:30:00,205.6699981689453,205.99000549316406,205.65499877929688,205.83999633789062,146142.0,30081868.74481201
2025-10-27 17:30:00,205.83999633789062,206.3000030517578,205.77999877929688,206.19000244140625,140208.0,28909487.862304688
2025-10-27 18:30:00,206.1999969482422,206.72999572753906,206.19000244140625,206.57000732421875,196323.0,40554443.5479126
2025-10-27 19:30:00,206.5800018310547,207.47999572753906,206.5800018310547,207.47000122070312,373067.0,77400210.94540405
2025-10-28 13:30:00,207.5,207.50999450683594,206.42999267578125,207.0399932861328,0.0,0.0
2025-10-28 14:30:00,207.02999877929688,207.25,206.77999877929688,206.92999267578125,126537.0,26184300.483215332
2025-10-28 15:30:00,206.9199981689453,207.17999267578125,206.5800018310547,207.17999267578125,91710.0,19000477.1282959
2025-10-28 16:30:00,207.16000366210938,207.6699981689453,207.07000732421875,207.47999572753906,189163.0,39247538.43180847
2025-10-28 17:30:00,207.50999450683594,208.02999877929688,207.47999572753906,207.91000366210938,168654.0,35064853.757629395
2025-10-28 18:30:00,207.9199981689453,208.27000427246094,207.83999633789062,208.22999572753906,178500.0,37169054.23736572
2025-10-28 19:30:00,208.22999572753906,208.33999633789062,207.4499969482422,207.8000030517578,230992.0,48000138.30493164
2025-10-29 13:30:00,207.67999267578125,207.8000030517578,205.6199951171875,205.7100067138672,0.0,0.0
2025-10-29 14:30:00,205.7100067138672,205.91000366210938,205.07000732421875,205.74000549316406,248983.0,51225763.78770447
2025-10-29 15:30:00,205.75,206.00999450683594,205.47999572753906,205.5500030517578,135947.0,27943906.26487732
2025-10-29 16:30:00,205.55999755859375,206.25,205.55999755859375,206.0800018310547,106731.0,21995124.675430298
2025-10-29 17:30:00,206.1300048828125,206.35000610351562,205.6699981689453,205.74000549316406,138410.0,28476474.160308838
2025-10-29 18:30:00,205.75999450683594,205.8300018310547,204.22999572753906,204.33999633789062,428161.0,87490417.17202759
2025-10-29 19:30:00,204.3800048828125,204.8699951171875,204.24000549316406,204.61000061035156,300956.0,61578607.343688965
2025-10-30 13:30:00,204.57000732421875,205.75,204.4600067138672,205.52000427246094,0.0,0.0
2025-10-30 14:30:00,205.52000427246094,205.69000244140625,204.77999877929688,204.85000610351562,254183.0,52069389.10140991
2025-10-30 15:30:00,204.85000610351562,204.97000122070312,204.39999389648438,204.55999755859375,130482.0,26691397.60144043
2025-10-30 16:30:00,204.5500030517578,204.5800018310547,203.63999938964844,203.85000610351562,123035.0,25080685.500946045
2025-10-30 17:30:00,203.85000610351562,204.36000061035156,203.5800018310547,204.27999877929688,149102.0,30458556.377990723
2025-10-30 18:30:00,204.27999877929688,204.38999938964844,203.61000061035156,203.72000122070312,161267.0,32853313.43685913
2025-10-30 19:30:00,203.72000122070312,204.10000610351562,203.3300018310547,204.0800018310547,375698.0,76672448.52792358
2025-10-31 13:30:00,204.3800048828125,205.3300018310547,203.5,205.02999877929688,0.0,0.0
2025-10-31 14:30:00,205.02000427246094,205.32000732421875,204.77999877929688,205.0800018310547,136888.0,28072991.290649414
2025-10-31 15:30:00,205.08999633789062,205.35000610351562,204.82000732421875,205.00999450683594,158495.0,32493059.079360962
2025-10-31 16:30:00,205.0500030517578,205.4499969482422,205.02000427246094,205.02000427246094,113970.0,23366129.886932373
2025-10-31 17:30:00,205.0399932861328,205.64999389648438,205.02000427246094,205.50999450683594,108361.0,22269268.51475525
2025-10-31 18:30:00,205.50999450683594,205.7100067138672,205.27000427246094,205.39999389648438,129068.0,26510566.412231445
2025-10-31 19:30:00,205.41000366210938,205.69000244140625,205.32000732421875,205.4499969482422,170838.0,35098666.5786438
2025-11-03 14:30:00,205.67999267578125,205.97000122070312,205.0,205.1699981689453,0.0,0.0
2025-11-03 15:30:00,205.1699981689453,205.58999633789062,205.0,205.3800048828125,186257.0,38253463.56945801
2025-11-03 16:30:00,205.38999938964844,206.0800018310547,205.38999938964844,206.02000427246094,107778.0,22204424.020477295
2025-11-03 17:30:00,206.02999877929688,206.85000610351562,206.02999877929688,206.7100067138672,173973.0,35961959.998031616
2025-11-03 18:30:00,206.6999969482422,207.2899932861328,206.60000610351562,207.22999572753906,177678.0,36820211.180877686
2025-11-03 19:30:00,207.27000427246094,207.63999938964844,206.77000427246094,206.8800048828125,211110.0,43674437.83081055
2025-11-03 20:30:00,206.8699951171875,207.25,206.63999938964844,207.24000549316406,286465.0,59367008.17359924
2025-11-04 14:30:00,205.69000244140625,206.97999572753906,204.69000244140625,206.86000061035156,0.0,0.0
2025-11-04 15:30:00,206.82000732421875,206.83999633789062,206.38999938964844,206.6199951171875,95951.0,19825395.151489258
2025-11-04 16:30:00,206.61000061035156,206.72999572753906,206.02999877929688,206.02999877929688,96319.0,19844603.452423096
2025-11-04 17:30:00,206.0399932861328,206.13999938964844,205.22999572753906,205.5399932861328,139360.0,28644053.46435547
2025-11-04 18:30:00,205.5449981689453,205.63999938964844,205.22000122070312,205.27000427246094,83042.0,17046031.6947937
2025-11-04 19:30:00,205.27000427246094,205.3300018310547,204.92999267578125,205.1300048828125,127561.0,26166588.552856445
2025-11-04 20:30:00,205.13999938964844,205.42999267578125,204.99000549316406,205.39999389648438,218480.0,44875790.666503906
2025-11-05 14:30:00,205.3000030517578,205.85499572753906,204.94000244140625,205.6999969482422,0.0,0.0
2025-11-05 15:30:00,205.66000366210938,205.69500732421875,204.47999572753906,204.75999450683594,154470.0,31629276.351470947
2025-11-05 16:30:00,204.75,205.80999755859375,204.57000732421875,205.75999450683594,125019.0,25723908.753250122
2025-11-05 17:30:00,205.75999450683594,205.8699951171875,205.52000427246094,205.67999267578125,95064.0,19552762.82373047
2025-11-05 18:30:00,205.66000366210938,205.8800048828125,205.02499389648438,205.16000366210938,105654.0,21675975.026916504
2025-11-05 19:30:00,205.19000244140625,205.3800048828125,205.08999633789062,205.16000366210938,111820.0,22940991.60949707
2025-11-05 20:30:00,205.16000366210938,205.60000610351562,204.92999267578125,205.52999877929688,233847.0,48062573.62454224
2025-11-06 14:30:00,205.13999938964844,206.1699981689453,205.02999877929688,205.86000061035156,0.0,0.0
2025-11-06 15:30:00,205.8699951171875,205.97000122070312,204.5399932861328,204.82000732421875,160501.0,32873815.995544434
2025-11-06 16:30:00,204.8300018310547,204.94000244140625,204.3699951171875,204.4499969482422,168285.0,34405867.73643494
2025-11-06 17:30:00,204.4199981689453,205.05999755859375,204.4199981689453,204.89999389648438,80862.0,16568623.30645752
2025-11-06 18:30:00,204.92999267578125,205.4499969482422,204.89999389648438,205.32000732421875,101376.0,20814521.0625
2025-11-06 19:30:00,205.3000030517578,205.30999755859375,204.7899932861328,205.02999877929688,128513.0,26349020.23312378
2025-11-06 20:30:00,205.0500030517578,205.3800048828125,205.02000427246094,205.22000122070312,148646.0,30505132.301452637
2025-11-07 14:30:00,204.58999633789062,204.72999572753906,203.3000030517578,203.89999389648438,0.0,0.0
2025-11-07 15:30:00,203.88999938964844,204.02000427246094,202.66000366210938,202.89999389648438,240762.0,48850608.33050537
2025-11-07 16:30:00,202.8800048828125,202.9499969482422,201.75999450683594,202.33999633789062,220709.0,44658258.2517395
2025-11-07 17:30:00,202.3350067138672,202.82000732421875,202.05999755859375,202.77999877929688,131103.0,26585066.17996216
2025-11-07 18:30:00,202.77999877929688,203.02999877929688,202.69000244140625,202.74000549316406,121745.0,24682581.96876526
2025-11-07 19:30:00,202.77000427246094,203.42999267578125,202.77000427246094,203.36000061035156,183855.0,37388752.91221619
2025-11-07 20:30:00,203.38999938964844,204.10000610351562,203.38999938964844,203.99000549316406,266768.0,54418005.78540039
2025-11-10 14:30:00,204.3800048828125,205.2100067138672,204.25,205.0399932861328,0.0,0.0
2025-11-10 15:30:00,205.02499389648438,205.5,204.67999267578125,205.2100067138672,139838.0,28696156.91885376
2025-11-10 16:30:00,205.2100067138672,205.52999877929688,205.0,205.25999450683594,81381.0,16704263.612960815
2025-11-10 17:30:00,205.25999450683594,205.6199951171875,205.24000549316406,205.55999755859375,68216.0,14022480.793457031
2025-11-10 18:30:00,205.55999755859375,205.8000030517578,205.49000549316406,205.61000061035156,69056.0,14198604.202148438
2025-11-10 19:30:00,205.6199951171875,205.8300018310547,205.5500030517578,205.7100067138672,74271.0,15278287.90864563
2025-11-10 20:30:00,205.72000122070312,206.0399932861328,205.55999755859375,205.80999755859375,226143.0,46542490.27789307
2025-11-11 14:30:00,206.25,207.1300048828125,206.2100067138672,206.77999877929688,0.0,0.0
2025-11-11 15:30:00,206.77000427246094,207.3300018310547,206.52999877929688,207.1999969482422,116823.0,24205725.243484497
2025-11-11 16:30:00,207.1750030517578,207.33999633789062,206.97000122070312,207.1699981689453,76627.0,15874815.449691772
2025-11-11 17:30:00,207.19000244140625,207.4600067138672,207.07000732421875,207.42999267578125,80938.0,16788968.747192383
2025-11-11 18:30:00,207.42999267578125,207.47000122070312,207.0399932861328,207.25999450683594,88431.0,18328208.57423401
2025-11-11 19:30:00,207.25999450683594,207.4499969482422,207.11000061035156,207.22000122070312,99880.0,20697133.721923828
2025-11-11 20:30:00,207.22000122070312,207.27000427246094,206.7100067138672,206.82000732421875,244418.0,50550532.5501709
2025-11-12 14:30:00,207.1199951171875,207.47000122070312,206.02000427246094,207.36000061035156,0.0,0.0
2025-11-12 15:30:00,207.3800048828125,207.86000061035156,207.35000610351562,207.58999633789062,178715.0,37099446.19552612
2025-11-12 16:30:00,207.60000610351562,208.17999267578125,207.59500122070312,208.08999633789062,239069.0,49747867.334503174
2025-11-12 17:30:00,208.10000610351562,208.4600067138672,207.9600067138672,208.1699981689453,149865.0,31197396.77558899
2025-11-12 18:30:00,208.1999969482422,208.44000244140625,207.82000732421875,207.91000366210938,112978.0,23489256.393737793
2025-11-12 19:30:00,207.89999389648438,208.24000549316406,207.75,208.22000122070312,148561.0,30933371.601348877
2025-11-12 20:30:00,208.2100067138672,208.67999267578125,208.00999450683594,208.6699981689453,286414.0,59766008.8555603
2025-11-13 14:30:00,208.25,209.05999755859375,207.8000030517578,207.8300018310547,0.0,0.0
2025-11-13 15:30:00,207.8300018310547,208.31500244140625,207.60000610351562,207.80999755859375,121992.0,25351157.22216797
2025-11-13 16:30:00,207.82000732421875,207.9600067138672,206.94000244140625,206.9499969482422,134801.0,27897066.538619995
2025-11-13 17:30:00,206.99000549316406,207.26499938964844,206.4199981689453,206.67999267578125,149022.0,30799865.868530273
2025-11-13 18:30:00,206.6699981689453,206.8000030517578,205.75,206.02000427246094,232198.0,47837432.952056885
2025-11-13 19:30:00,206.0500030517578,206.05999755859375,204.66000366210938,205.52999877929688,264492.0,54361040.43713379
2025-11-13 20:30:00,205.52999877929688,206.13999938964844,205.5,205.92999267578125,288562.0,59423570.54650879
2025-11-14 14:30:00,204.1999969482422,204.7100067138672,202.7899932861328,204.00999450683594,0.0,0.0
2025-11-14 15:30:00,204.00999450683594,204.64999389648438,203.66000366210938,204.61000061035156,259073.0,53008926.68812561
2025-11-14 16:30:00,204.63999938964844,205.30999755859375,204.5800018310547,205.2899932861328,144197.0,29602201.161880493
2025-11-14 17:30:00,205.25999450683594,205.5399932861328,204.9499969482422,205.17999267578125,162135.0,33266858.112487793
2025-11-14 18:30:00,205.17999267578125,205.49000549316406,205.02999877929688,205.3699951171875,131038.0,26911273.420166016
2025-11-14 19:30:00,205.36000061035156,205.42999267578125,204.6999969482422,205.00999450683594,187399.0,38418667.96058655
2025-11-14 20:30:00,204.97000122070312,205.5,204.8800048828125,205.47000122070312,434344.0,89244662.21020508
2025-11-17 14:30:00,206.49000549316406,208.02999877929688,205.66000366210938,207.9600067138672,0.0,0.0
2025-11-17 15:30:00,207.9199981689453,208.0,206.22999572753906,206.8699951171875,178313.0,36887609.439331055
2025-11-17 16:30:00,206.8000030517578,207.10000610351562,206.6300048828125,207.10000610351562,116934.0,24217032.113708496
2025-11-17 17:30:00,207.1300048828125,207.14999389648438,206.5800018310547,207.00999450683594,84430.0,17477853.83621216
2025-11-17 18:30:00,207.02999877929688,207.3800048828125,206.75,206.91000366210938,123603.0,25574697.182647705
2025-11-17 19:30:00,206.9199981689453,206.9600067138672,205.80999755859375,206.1699981689453,268998.0,55459317.16744995
2025-11-17 20:30:00,206.1699981689453,207.0500030517578,206.05999755859375,206.94000244140625,300947.0,62277972.91473389
2025-11-18 14:30:00,205.85000610351562,206.22999572753906,204.60000610351562,205.9600067138672,0.0,0.0
2025-11-18 15:30:00,205.9499969482422,207.5,205.69000244140625,207.2899932861328,269776.0,55921865.228759766
2025-11-18 16:30:00,207.30499267578125,207.9600067138672,207.1199951171875,207.7100067138672,202876.0,42139375.32208252
2025-11-18 17:30:00,207.7100067138672,208.3800048828125,207.55999755859375,208.3000030517578,284980.0,59361334.86968994
2025-11-18 18:30:00,208.32000732421875,208.7100067138672,208.24000549316406,208.4600067138672,172470.0,35953097.357940674
2025-11-18 19:30:00,208.4600067138672,208.50999450683594,208.0800018310547,208.14999389648438,154569.0,32173536.406585693
2025-11-18 20:30:00,208.17999267578125,208.8300018310547,208.11000061035156,208.39999389648438,345414.0,71984275.49176025
2025-11-19 14:30:00,208.24000549316406,208.85000610351562,207.91000366210938,208.5399932861328,0.0,0.0
2025-11-19 15:30:00,208.5800018310547,208.8800048828125,208.1300048828125,208.2899932861328,176760.0,36817339.213256836
2025-11-19 16:30:00,208.3000030517578,208.63499450683594,208.0800018310547,208.25,136179.0,28359276.75
2025-11-19 17:30:00,208.22000122070312,208.42999267578125,207.83999633789062,208.33999633789062,103888.0,21644025.53955078
2025-11-19 18:30:00,208.35000610351562,208.5500030517578,207.3800048828125,207.47000122070312,138605.0,28756379.519195557
2025-11-19 19:30:00,207.46499633789062,207.72999572753906,207.11000061035156,207.72999572753906,190569.0,39586897.55580139
2025-11-19 20:30:00,207.72000122070312,208.5800018310547,207.72000122070312,208.41000366210938,209393.0,43639595.89682007
2025-11-20 14:30:00,209.25,210.77000427246094,208.82000732421875,210.4600067138672,0.0,0.0
2025-11-20 15:30:00,210.47000122070312,210.6199951171875,209.6999969482422,209.72000122070312,168348.0,35305942.76550293
2025-11-20 16:30:00,209.6999969482422,209.88999938964844,207.3699951171875,207.77999877929688,391706.0,81388672.20184326
2025-11-20 17:30:00,207.75999450683594,208.91000366210938,207.0500030517578,208.77999877929688,230387.0,48100197.57876587
2025-11-20 18:30:00,208.74000549316406,208.8000030517578,207.50999450683594,208.13999938964844,148420.0,30892138.70941162
2025-11-20 19:30:00,208.13999938964844,208.77000427246094,208.0399932861328,208.66000366210938,144741.0,30201657.590057373
2025-11-20 20:30:00,208.64999389648438,208.8000030517578,207.94000244140625,207.97000122070312,280150.0,58262795.84197998
2025-11-21 14:30:00,208.88999938964844,209.9499969482422,208.27999877929688,208.4600067138672,0.0,0.0
2025-11-21 15:30:00,208.4600067138672,209.8300018310547,208.24000549316406,209.80999755859375,270386.0,56729685.99987793
2025-11-21 16:30:00,209.8300018310547,210.92999267578125,209.80999755859375,210.8699951171875,380185.0,80169609.09362793
2025-11-21 17:30:00,210.89999389648438,211.3300018310547,210.38999938964844,210.75,336618.0,70942243.5
2025-11-21 18:30:00,210.74000549316406,211.6300048828125,210.69000244140625,211.61000061035156,271287.0,57407042.235580444
2025-11-21 19:30:00,211.6199951171875,211.75,210.97000122070312,210.97999572753906,293845.0,61995416.844558716
2025-11-21 20:30:00,210.9499969482422,211.4600067138672,210.1699981689453,211.33999633789062,489528.0,103456845.72729492
2025-11-24 14:30:00,211.00999450683594,212.1300048828125,210.36000061035156,212.1199951171875,0.0,0.0
2025-11-24 15:30:00,212.0800018310547,212.8699951171875,211.9600067138672,212.41000366210938,218429.0,46396504.68991089
2025-11-24 16:30:00,212.44000244140625,212.60000610351562,211.8300018310547,211.94000244140625,153620.0,32558223.175048828
2025-11-24 17:30:00,211.89999389648438,212.24000549316406,211.64999389648438,212.1699981689453,105992.0,22488322.44592285
2025-11-24 18:30:00,212.1699981689453,212.22000122070312,211.77999877929688,211.875,160665.0,34040896.875
2025-11-24 19:30:00,211.88999938964844,211.92999267578125,211.33999633789062,211.3800048828125,239000.0,50519821.16699219
2025-11-24 20:30:00,211.38999938964844,211.7050018310547,211.0,211.2100067138672,326033.0,68861432.11894226
2025-11-25 14:30:00,212.7100067138672,212.91000366210938,211.7899932861328,212.8300018310547,0.0,0.0
2025-11-25 15:30:00,212.80999755859375,213.52000427246094,212.77999877929688,213.38999938964844,321435.0,68591014.45381165
2025-11-25 16:30:00,213.4199981689453,213.5500030517578,213.14999389648438,213.22999572753906,148831.0,31735233.494125366
2025-11-25 17:30:00,213.24000549316406,213.82000732421875,213.1699981689453,213.80999755859375,97444.0,20834501.40209961
2025-11-25 18:30:00,213.80999755859375,214.05999755859375,213.5800018310547,213.89999389648438,119802.0,25625647.06878662
2025-11-25 19:30:00,213.89999389648438,214.1199951171875,213.8300018310547,213.99000549316406,126616.0,27094558.53552246
2025-11-25 20:30:00,214.00999450683594,214.7899932861328,214.00999450683594,214.7899932861328,308984.0,66366671.28552246
2025-11-26 14:30:00,214.80999755859375,215.22999572753906,214.47000122070312,214.49000549316406,0.0,0.0
2025-11-26 15:30:00,214.5,214.92999267578125,214.3800048828125,214.77000427246094,153547.0,32977289.84602356
2025-11-26 16:30:00,214.77999877929688,214.8800048828125,214.11000061035156,214.58999633789062,120653.0,25890926.828155518
2025-11-26 17:30:00,214.6199951171875,214.86000061035156,214.52999877929688,214.57000732421875,82053.0,17606112.81097412
2025-11-26 18:30:00,214.5800018310547,214.99000549316406,214.52999877929688,214.86000061035156,100359.0,21563134.801254272
2025-11-26 19:30:00,214.8699951171875,215.08999633789062,214.77000427246094,214.9499969482422,117874.0,25337015.9402771
2025-11-26 20:30:00,214.94000244140625,215.17999267578125,214.91000366210938,215.08999633789062,228727.0,49196889.59237671
2025-11-27 14:30:00,214.7899932861328,215.35000610351562,214.47999572753906,215.25,0.0,0.0
2025-11-27 15:30:00,215.24000549316406,215.5800018310547,215.22000122070312,215.5399932861328,48729.0,10503048.332839966
2025-11-27 16:30:00,215.5399932861328,215.63999938964844,215.5,215.61000061035156,37504.0,8086237.462890625
2025-11-27 17:30:00,215.60499572753906,215.72000122070312,215.52000427246094,215.66000366210938,20618.0,4446477.955505371
2025-11-27 18:30:00,215.63999938964844,215.74000549316406,215.42999267578125,215.47999572753906,42306.0,9116096.699249268
2025-11-27 19:30:00,215.4499969482422,215.6199951171875,215.36000061035156,215.5500030517578,36592.0,7887405.711669922
2025-11-27 20:30:00,215.5500030517578,215.6300048828125,215.24000549316406,215.4199981689453,47881.0,10314524.93232727
2025-11-28 14:30:00,215.2100067138672,215.4199981689453,214.24000549316406,215.3300018310547,0.0,0.0
2025-11-28 15:30:00,215.3300018310547,215.60000610351562,215.10000610351562,215.4199981689453,102656.0,22114155.33203125
2025-11-28 16:30:00,215.39999389648438,215.58999633789062,215.3699951171875,215.5500030517578,53022.0,11428892.261810303
2025-11-28 17:30:00,215.5399932861328,215.67999267578125,215.30999755859375,215.66000366210938,100073.0,21581743.54647827
2025-11-28 18:30:00,215.66000366210938,215.77999877929688,215.61000061035156,215.72999572753906,46994.0,10138015.41921997
2025-11-28 19:30:00,215.73500061035156,215.9199981689453,215.57000732421875,215.91000366210938,68753.0,14844460.481781006
2025-11-28 20:30:00,215.88999938964844,216.22999572753906,215.7899932861328,216.1199951171875,151449.0,32731157.14050293
2025-12-01 14:30:00,215.00999450683594,215.64999389648438,213.89999389648438,213.9199981689453,0.0,0.0
2025-12-01 15:30:00,213.92999267578125,214.8699951171875,213.8699951171875,214.7100067138672,284946.0,61180757.5730896
2025-12-01 16:30:00,214.72999572753906,215.33999633789062,214.63999938964844,214.97000122070312,145630.0,31306081.277770996
2025-12-01 17:30:00,214.9499969482422,215.0,214.60000610351562,214.75,93802.0,20143979.5
2025-12-01 18:30:00,214.75,214.92999267578125,213.8800048828125,213.91000366210938,160601.0,34354160.49813843
2025-12-01 19:30:00,213.92999267578125,214.27999877929688,213.50999450683594,213.9199981689453,200304.0,42849031.31323242
2025-12-01 20:30:00,213.94000244140625,214.42999267578125,213.8800048828125,214.1199951171875,264650.0,56666856.70776367
2025-12-02 14:30:00,215.0,215.4199981689453,213.30999755859375,215.0,0.0,0.0
2025-12-02 15:30:00,214.99000549316406,215.38999938964844,214.72000122070312,214.97999572753906,392297.0,84336007.38392639
2025-12-02 16:30:00,214.9600067138672,215.90499877929688,214.89999389648438,215.90499877929688,172416.0,37225476.26953125
2025-12-02 17:30:00,215.89999389648438,216.0399932861328,215.4600067138672,215.77999877929688,169306.0,36532848.47332764
2025-12-02 18:30:00,215.75999450683594,215.9600067138672,215.30999755859375,215.75999450683594,191372.0,41290421.66876221
2025-12-02 19:30:00,215.74000549316406,216.1300048828125,215.64999389648438,215.75,184287.0,39759920.25
2025-12-02 20:30:00,215.75999450683594,216.10000610351562,215.5500030517578,216.10000610351562,389818.0,84239672.17926025
2025-12-03 14:30:00,217.61000061035156,220.25999450683594,216.13999938964844,216.42999267578125,0.0,0.0
2025-12-03 15:30:00,216.41000366210938,218.3300018310547,215.5500030517578,217.80999755859375,499980.0,108900642.5793457
2025-12-03 16:30:00,217.8300018310547,219.56500244140625,217.6300048828125,219.5399932861328,410983.0,90227205.06071472
2025-12-03 17:30:00,219.5399932861328,219.75,218.25999450683594,218.63999938964844,255997.0,55971183.92375183
2025-12-03 18:30:00,218.6699981689453,218.74000549316406,217.5850067138672,217.89999389648438,157211.0,34256275.940460205
2025-12-03 19:30:00,217.9199981689453,218.5800018310547,217.55999755859375,217.74000549316406,196864.0,42865168.44140625
2025-12-03 20:30:00,217.72000122070312,218.64999389648438,217.64999389648438,218.6300048828125,256968.0,56180915.09472656
2025-12-04 14:30:00,220.13999938964844,224.08999633789062,219.7100067138672,223.7100067138672,0.0,0.0
2025-12-04 15:30:00,223.72000122070312,225.0800018310547,223.41000366210938,224.75,595757.0,133896385.75
2025-12-04 16:30:00,224.75,225.25999450683594,224.35000610351562,224.99000549316406,237215.0,53371004.15306091
2025-12-04 17:30:00,225.00999450683594,225.07000732421875,224.5,224.7100067138672,154024.0,34610734.07409668
2025-12-04 18:30:00,224.72000122070312,224.97999572753906,223.8800048828125,224.1999969482422,369758.0,82899742.47158813
2025-12-04 19:30:00,224.1999969482422,224.75,224.16000366210938,224.27999877929688,164812.0,36964035.15881348
2025-12-04 20:30:00,224.25999450683594,224.30999755859375,223.80999755859375,224.07000732421875,257292.0,57651420.32446289
2025-12-05 14:30:00,223.75999450683594,225.0,223.55999755859375,223.9499969482422,0.0,0.0
2025-12-05 15:30:00,223.92999267578125,224.1999969482422,223.55999755859375,223.8300018310547,174660.0,39094148.11981201
2025-12-05 16:30:00,223.80999755859375,224.1699981689453,223.5,224.00999450683594,127821.0,28633181.507858276
2025-12-05 17:30:00,224.02000427246094,224.6300048828125,223.83999633789062,224.47000122070312,131305.0,29474033.510284424
2025-12-05 18:30:00,224.5,224.99000549316406,224.38999938964844,224.86500549316406,175581.0,39482022.52949524
2025-12-05 19:30:00,224.8800048828125,225.27000427246094,224.82000732421875,225.2100067138672,207808.0,46800441.07519531
2025-12-05 20:30:00,225.2100067138672,225.47500610351562,224.5800018310547,224.63999938964844,191892.0,43106618.76287842
2025-12-08 14:30:00,224.86000061035156,226.3699951171875,224.3699951171875,226.2449951171875,0.0,0.0
2025-12-08 15:30:00,226.22999572753906,226.39999389648438,225.89999389648438,226.02999877929688,192437.0,43496534.87509155
2025-12-08 16:30:00,226.0399932861328,226.05999755859375,225.6699981689453,225.8699951171875,212690.0,48040289.26147461
2025-12-08 17:30:00,225.89999389648438,226.1999969482422,225.6999969482422,225.75,194337.0,43871577.75
2025-12-08 18:30:00,225.7449951171875,226.32000732421875,225.6999969482422,225.83999633789062,303294.0,68495915.8493042
2025-12-08 19:30:00,225.85000610351562,225.97000122070312,225.50999450683594,225.7449951171875,281008.0,63436149.587890625
2025-12-08 20:30:00,225.7449951171875,226.72000122070312,225.67999267578125,226.49000549316406,302338.0,68476535.28079224
2025-12-09 14:30:00,226.47000122070312,227.42999267578125,226.3000030517578,226.7899932861328,0.0,0.0
2025-12-09 15:30:00,226.8000030517578,227.3800048828125,226.3699951171875,227.08999633789062,333656.0,75769939.81811523
2025-12-09 16:30:00,227.08999633789062,227.27000427246094,226.5800018310547,226.86000061035156,123840.0,28094342.475585938
2025-12-09 17:30:00,226.86000061035156,227.25,226.7100067138672,227.2100067138672,141588.0,32170210.430603027
2025-12-09 18:30:00,227.22000122070312,227.35000610351562,226.8800048828125,226.8800048828125,185859.0,42167690.82751465
2025-12-09 19:30:00,226.85000610351562,226.86000061035156,226.4199981689453,226.4499969482422,196248.0,44440359.00109863
2025-12-09 20:30:00,226.42999267578125,226.47000122070312,226.0,226.02000427246094,192826.0,43582533.34384155
2025-12-10 14:30:00,225.9199981689453,227.27999877929688,225.75,227.0399932861328,0.0,0.0
2025-12-10 15:30:00,227.07000732421875,227.4600067138672,226.75999450683594,227.3300018310547,193835.0,44064510.904922485
2025-12-10 16:30:00,227.32000732421875,227.57000732421875,226.59500122070312,226.77000427246094,178524.0,40483888.24273682
2025-12-10 17:30:00,226.75,227.52999877929688,226.66000366210938,227.42999267578125,142599.0,32431289.52557373
2025-12-10 18:30:00,227.4199981689453,227.8300018310547,227.32000732421875,227.61000061035156,221002.0,50302265.354888916
2025-12-10 19:30:00,227.6300048828125,228.5500030517578,227.57000732421875,228.38999938964844,271952.0,62111117.11401367
2025-12-10 20:30:00,228.3800048828125,228.6300048828125,227.72999572753906,227.77999877929688,315722.0,71915156.77459717
2025-12-11 14:30:00,228.50999450683594,228.91000366210938,227.41000366210938,228.05999755859375,0.0,0.0
2025-12-11 15:30:00,228.0399932861328,228.83999633789062,227.8699951171875,228.5500030517578,256188.0,58551768.18182373
2025-12-11 16:30:00,228.57000732421875,228.74000549316406,228.27000427246094,228.52000427246094,174209.0,39810241.42430115
2025-12-11 17:30:00,228.50999450683594,228.83999633789062,228.38999938964844,228.6699981689453,205022.0,46882380.364593506
2025-12-11 18:30:00,228.67999267578125,228.77999877929688,228.60000610351562,228.72999572753906,158907.0,36346797.43107605
2025-12-11 19:30:00,228.72000122070312,229.25999450683594,228.7100067138672,228.92999267578125,182584.0,41798953.782714844
2025-12-11 20:30:00,228.9199981689453,230.0800018310547,228.9199981689453,230.00999450683594,442123.0,101692708.80134583
2025-12-12 14:30:00,230.14999389648438,230.99000549316406,229.57000732421875,229.6300048828125,0.0,0.0
2025-12-12 15:30:00,229.61000061035156,229.66000366210938,228.38999938964844,228.55999755859375,303615.0,69394243.65875244
2025-12-12 16:30:00,228.55999755859375,228.94000244140625,228.125,228.74000549316406,161011.0,36829657.02445984
2025-12-12 17:30:00,228.72999572753906,229.30999755859375,228.66000366210938,229.30999755859375,116734.0,26768273.255004883
2025-12-12 18:30:00,229.3300018310547,229.47999572753906,228.6199951171875,228.6300048828125,178129.0,40725634.13977051
2025-12-12 19:30:00,228.64999389648438,228.64999389648438,227.8800048828125,228.44000244140625,262228.0,59903364.96020508
2025-12-12 20:30:00,228.42999267578125,228.6999969482422,228.05999755859375,228.35000610351562,241757.0,55205212.42556763
2025-12-15 14:30:00,228.02999877929688,230.9600067138672,227.8000030517578,230.02000427246094,0.0,0.0
2025-12-15 15:30:00,230.00999450683594,230.6199951171875,229.83999633789062,230.3699951171875,174004.0,40085300.630371094
2025-12-15 16:30:00,230.39500427246094,230.47999572753906,230.10000610351562,230.32000732421875,153122.0,35267060.16149902
2025-12-15 17:30:00,230.36000061035156,230.3699951171875,229.47999572753906,229.61000061035156,123219.0,28292314.66520691
2025-12-15 18:30:00,229.61000061035156,229.85000610351562,229.42999267578125,229.85000610351562,128422.0,29517797.483825684
2025-12-15 19:30:00,229.85000610351562,230.24000549316406,229.75999450683594,230.0749969482422,167269.0,38484414.66453552
2025-12-15 20:30:00,230.07000732421875,230.41000366210938,229.9600067138672,230.10000610351562,185975.0,42792848.63510132
2025-12-16 14:30:00,229.25,230.0,228.94000244140625,229.60000610351562,0.0,0.0
2025-12-16 15:30:00,229.5800018310547,229.63999938964844,229.14999389648438,229.4600067138672,225948.0,51846029.59698486
2025-12-16 16:30:00,229.4600067138672,229.86000061035156,229.38999938964844,229.5,182391.0,41858734.5
2025-12-16 17:30:00,229.52999877929688,229.64999389648438,229.00999450683594,229.1300048828125,127050.0,29110967.120361328
2025-12-16 18:30:00,229.1199951171875,229.3699951171875,229.00999450683594,229.32000732421875,162659.0,37300963.0713501
2025-12-16 19:30:00,229.32000732421875,229.64999389648438,229.3000030517578,229.60000610351562,187117.0,42962064.34207153
2025-12-16 20:30:00,229.61000061035156,229.8699951171875,228.82000732421875,228.83999633789062,309195.0,70756182.66769409
2025-12-17 14:30:00,229.4199981689453,229.86000061035156,227.36000061035156,227.44000244140625,0.0,0.0
2025-12-17 15:30:00,227.4499969482422,227.85000610351562,226.72999572753906,227.22999572753906,246235.0,55951977.99797058
2025-12-17 16:30:00,227.19000244140625,227.58999633789062,226.83999633789062,227.35000610351562,155586.0,35372478.04962158
2025-12-17 17:30:00,227.3300018310547,227.72999572753906,227.02999877929688,227.22999572753906,129520.0,29430829.04663086
2025-12-17 18:30:00,227.2100067138672,227.35000610351562,227.0399932861328,227.25999450683594,144277.0,32788390.22746277
2025-12-17 19:30:00,227.27000427246094,227.77000427246094,227.11000061035156,227.55999755859375,144772.0,32944315.966552734
2025-12-17 20:30:00,227.57000732421875,227.8699951171875,227.42999267578125,227.86000061035156,151517.0,34524663.71247864
2025-12-18 14:30:00,228.69000244140625,230.99000549316406,228.61000061035156,230.6199951171875,0.0,0.0
2025-12-18 15:30:00,230.61000061035156,231.1999969482422,230.42999267578125,230.83999633789062,358565.0,82771143.28689575
2025-12-18 16:30:00,230.83999633789062,231.22000122070312,230.4600067138672,230.58999633789062,199543.0,46012619.63925171
2025-12-18 17:30:00,230.61000061035156,231.35000610351562,230.5500030517578,231.27999877929688,172959.0,40001957.30886841
2025-12-18 18:30:00,231.3000030517578,231.50999450683594,231.0,231.1999969482422,203348.0,47014056.97943115
2025-12-18 19:30:00,231.1999969482422,231.61000061035156,231.02000427246094,231.55999755859375,235199.0,54462679.86578369
2025-12-18 20:30:00,231.5500030517578,231.7100067138672,230.1699981689453,230.47000122070312,399960.0,92178781.68823242
2025-12-19 14:30:00,231.4600067138672,232.52999877929688,230.86000061035156,232.47000122070312,0.0,0.0
2025-12-19 15:30:00,232.5,232.72000122070312,231.9600067138672,232.6300048828125,195590.0,45500102.6550293
2025-12-19 16:30:00,232.64999389648438,232.86000061035156,232.3800048828125,232.74000549316406,125087.0,29112749.067123413
2025-12-19 17:30:00,232.74000549316406,233.2899932861328,232.61000061035156,233.24000549316406,93231.0,21745198.95213318
2025-12-19 18:30:00,233.1999969482422,233.4199981689453,233.02999877929688,233.35000610351562,128980.0,30097483.787231445
2025-12-19 19:30:00,233.3699951171875,234.2899932861328,233.3000030517578,233.77999877929688,288866.0,67531093.12738037
2025-12-19 20:30:00,233.77999877929688,233.86000061035156,232.25,232.8300018310547,365614.0,85125908.28945923
2025-12-22 14:30:00,232.97999572753906,233.63999938964844,231.8000030517578,233.63999938964844,0.0,0.0
2025-12-22 15:30:00,233.63499450683594,234.22999572753906,233.50999450683594,233.8300018310547,166422.0,38914456.56472778
2025-12-22 16:30:00,233.85000610351562,233.97999572753906,233.5800018310547,233.7100067138672,91654.0,21420456.955352783
2025-12-22 17:30:00,233.71499633789062,234.05999755859375,233.33999633789062,233.4499969482422,125876.0,29385751.815856934
2025-12-22 18:30:00,233.44000244140625,233.64999389648438,233.1300048828125,233.33999633789062,142164.0,33172547.239379883
2025-12-22 19:30:00,233.36000061035156,233.5,232.92999267578125,233.4600067138672,155987.0,36416726.067276
2025-12-22 20:30:00,233.49000549316406,233.58999633789062,233.08999633789062,233.58999633789062,199543.0,46611248.63925171
2025-12-23 14:30:00,233.16000366210938,234.44000244140625,233.14999389648438,234.22000122070312,0.0,0.0
2025-12-23 15:30:00,234.22999572753906,234.6300048828125,234.0,234.0,114803.0,26863902.0
2025-12-23 16:30:00,234.02999877929688,234.33999633789062,233.94000244140625,234.25,94535.0,22144823.75
2025-12-23 17:30:00,234.25999450683594,234.44000244140625,234.11000061035156,234.35000610351562,65832.0,15427729.60180664
2025-12-23 18:30:00,234.36000061035156,234.5,234.2100067138672,234.30999755859375,66004.0,15465397.078857422
2025-12-23 19:30:00,234.3000030517578,234.30999755859375,234.0,234.14999389648438,80163.0,18770165.960723877
2025-12-23 20:30:00,234.17999267578125,234.3300018310547,234.0500030517578,234.10000610351562,137651.0,32224099.94015503
2025-12-24 14:30:00,233.99000549316406,234.6199951171875,233.3699951171875,234.5500030517578,0.0,0.0
2025-12-24 15:30:00,234.5500030517578,234.72000122070312,234.39999389648438,234.5399932861328,101319.0,23763357.57975769
2025-12-24 16:30:00,234.5399932861328,234.97999572753906,234.52999877929688,234.5800018310547,110480.0,25916398.602294922
2025-12-24 18:00:00,234.61000061035156,234.69000244140625,233.85000610351562,233.85000610351562,328871.0,76906485.35726929
2025-12-29 14:30:00,234.17999267578125,234.8800048828125,233.99000549316406,234.77000427246094,0.0,0.0
2025-12-29 15:30:00,234.7899932861328,235.07000732421875,234.64999389648438,234.9199981689453,137974.0,32412851.82736206
2025-12-29 16:30:00,234.94000244140625,235.17999267578125,234.77000427246094,235.10000610351562,103699.0,24379635.532928467
2025-12-29 17:30:00,235.1199951171875,235.6699981689453,235.07000732421875,235.60000610351562,164219.0,38689997.40231323
2025-12-29 18:30:00,235.5800018310547,235.82000732421875,235.27000427246094,235.77000427246094,112349.0,26488524.210006714
2025-12-29 19:30:00,235.75999450683594,235.9199981689453,235.60000610351562,235.61000061035156,134742.0,31746562.70223999
2025-12-29 20:30:00,235.60000610351562,235.6999969482422,235.2100067138672,235.3000030517578,186705.0,43931687.06977844
2025-12-30 14:30:00,235.5500030517578,235.94000244140625,234.91000366210938,235.0500030517578,0.0,0.0
2025-12-30 15:30:00,235.07000732421875,235.9199981689453,234.97000122070312,235.86000061035156,148581.0,35044314.750686646
2025-12-30 16:30:00,235.85000610351562,235.8699951171875,235.24000549316406,235.39999389648438,112039.0,26373979.916168213
2025-12-30 17:30:00,235.38999938964844,235.6199951171875,235.25,235.5800018310547,102774.0,24211499.108184814
2025-12-30 18:30:00,235.60000610351562,235.6999969482422,235.5,235.5800018310547,40718.0,9592346.514556885
2025-12-30 19:30:00,235.6199951171875,235.74000549316406,235.5,235.5800018310547,72831.0,17157527.113357544
2025-12-30 20:30:00,235.60000610351562,235.8699951171875,235.02000427246094,235.1999969482422,273389.0,64301091.96568298
2025-12-31 14:30:00,235.0,235.06500244140625,233.88999938964844,234.7899932861328,0.0,0.0
2025-12-31 15:30:00,234.7899932861328,234.91000366210938,234.49000549316406,234.5399932861328,56004.0,13135177.783996582
2025-12-31 16:30:00,234.52000427246094,234.67999267578125,234.33999633789062,234.44000244140625,50403.0,11816479.4430542
2025-12-31 17:30:00,234.44000244140625,234.75999450683594,234.30999755859375,234.52999877929688,112148.0,26302070.303100586
2025-12-31 18:30:00,234.52000427246094,235.02999877929688,234.40499877929688,234.66000366210938,56917.0,13356143.42843628
2025-12-31 19:30:00,234.66000366210938,234.72999572753906,234.22999572753906,234.5399932861328,84721.0,19870462.771194458
2025-12-31 20:30:00,234.5399932861328,234.9600067138672,234.0800018310547,234.11000061035156,222149.0,52007302.52558899
2026-01-02 14:30:00,235.0500030517578,235.22999572753906,233.9499969482422,234.5399932861328,0.0,0.0
2026-01-02 15:30:00,234.5399932861328,234.75999450683594,234.0,234.0399932861328,135312.0,31668419.571533203
2026-01-02 16:30:00,234.0500030517578,234.72999572753906,233.64999389648438,234.4600067138672,111918.0,26240295.031402588
2026-01-02 17:30:00,234.5399932861328,234.61000061035156,233.6300048828125,233.9199981689453,82314.0,19254890.729278564
2026-01-02 18:30:00,233.94000244140625,234.8000030517578,233.86000061035156,234.7100067138672,92513.0,21713726.851119995
2026-01-02 19:30:00,234.67999267578125,234.8800048828125,234.14999389648438,234.25,94931.0,22237586.75
2026-01-02 20:30:00,234.2449951171875,234.57000732421875,234.0,234.5399932861328,188710.0,44260042.13302612
2026-01-05 14:30:00,235.02000427246094,236.66000366210938,235.02000427246094,236.49000549316406,0.0,0.0
2026-01-05 15:30:00,236.49000549316406,237.1199951171875,236.14999389648438,236.99000549316406,226808.0,53751229.165893555
2026-01-05 16:30:00,237.00999450683594,237.8800048828125,236.9499969482422,237.6699981689453,173961.0,41345310.551467896
2026-01-05 17:30:00,237.64999389648438,238.25999450683594,237.52000427246094,238.25999450683594,144145.0,34343986.908187866
2026-01-05 18:30:00,238.25999450683594,238.27000427246094,237.74000549316406,238.0399932861328,146943.0,34978310.733444214
2026-01-05 19:30:00,238.02000427246094,238.1300048828125,237.72000122070312,237.97999572753906,120616.0,28704195.16467285
2026-01-05 20:30:00,238.0,238.25,237.8800048828125,238.19000244140625,312948.0,74541084.8840332
2026-01-06 14:30:00,238.3000030517578,240.33999633789062,238.1699981689453,239.77000427246094,0.0,0.0
2026-01-06 15:30:00,239.77999877929688,239.7899932861328,237.47999572753906,237.75999450683594,273625.0,65057078.49693298
2026-01-06 16:30:00,237.75,238.13999938964844,236.77000427246094,236.85000610351562,255535.0,60523466.309661865
2026-01-06 17:30:00,236.9600067138672,237.08999633789062,236.42999267578125,236.42999267578125,200482.0,47399957.79162598
2026-01-06 18:30:00,236.3300018310547,237.0399932861328,236.32000732421875,236.58999633789062,114729.0,27143733.689849854
2026-01-06 19:30:00,236.7100067138672,236.8000030517578,235.27000427246094,235.32000732421875,281633.0,66273879.6227417
2026-01-06 20:30:00,235.30999755859375,236.00999450683594,235.25,235.5,225737.0,53161063.5
2026-01-07 14:30:00,234.85000610351562,235.49000549316406,234.49000549316406,234.83999633789062,316313.0,74282943.7616272
2026-01-07 15:30:00,234.85000610351562,235.16000366210938,233.9499969482422,234.00999450683594,197706.0,46265179.973968506
2026-01-07 16:30:00,234.0,234.47999572753906,233.4499969482422,234.1999969482422,165010.0,38645341.49642944
2026-01-07 17:30:00,234.1999969482422,234.47999572753906,233.77999877929688,234.39999389648438,118701.0,27823513.67550659
2026-01-07 18:30:00,234.42999267578125,234.60000610351562,234.07000732421875,234.30499267578125,69325.0,16243193.617248535
2026-01-07 19:30:00,234.32000732421875,234.57000732421875,234.2100067138672,234.4499969482422,95996.0,22506261.907043457
2026-01-07 20:30:00,234.42999267578125,234.6199951171875,234.16000366210938,234.4199981689453,223286.0,52342703.71115112
2026-01-08 14:30:00,233.5,235.67999267578125,233.5,234.89999389648438,0.0,0.0
2026-01-08 15:30:00,234.88999938964844,236.32000732421875,234.8699951171875,236.1999969482422,146503.0,34604008.152908325
2026-01-08 16:30:00,236.1999969482422,236.77000427246094,236.11000061035156,236.11000061035156,154089.0,36381953.88404846
2026-01-08 17:30:00,236.1300048828125,236.38999938964844,235.625,235.7899932861328,136747.0,32243574.211898804
2026-01-08 18:30:00,235.77499389648438,235.8300018310547,234.77999877929688,234.82000732421875,238626.0,56034159.06774902
2026-01-08 19:30:00,234.8300018310547,235.33999633789062,234.5500030517578,235.1699981689453,120537.0,28346686.06929016
2026-01-08 20:30:00,235.1999969482422,235.72000122070312,234.88999938964844,235.02999877929688,180428.0,42405992.61975098
2026-01-09 14:30:00,236.0,236.0,234.67999267578125,234.9499969482422,0.0,0.0
2026-01-09 15:30:00,234.9499969482422,235.9499969482422,234.86000061035156,235.4600067138672,124329.0,29274507.174728394
2026-01-09 16:30:00,235.49000549316406,236.2100067138672,235.19000244140625,236.13999938964844,115531.0,27281490.269485474
2026-01-09 17:30:00,236.13999938964844,236.19000244140625,235.92999267578125,236.13999938964844,61005.0,14405720.662765503
2026-01-09 18:30:00,236.1300048828125,236.5800018310547,235.8699951171875,235.89999389648438,96153.0,22682492.113128662
2026-01-09 19:30:00,235.8699951171875,236.17999267578125,235.55999755859375,235.8800048828125,98248.0,23174738.719726562
2026-01-09 20:30:00,235.88999938964844,235.97000122070312,235.41000366210938,235.50999450683594,154965.0,36495806.29875183
2026-01-12 14:30:00,234.47999572753906,235.4499969482422,234.47999572753906,235.38999938964844,0.0,0.0
2026-01-12 15:30:00,235.36000061035156,235.4600067138672,234.52000427246094,234.67999267578125,141726.0,33260256.641967773
2026-01-12 16:30:00,234.6999969482422,235.0,233.86000061035156,234.10000610351562,210571.0,49294672.38522339
2026-01-12 17:30:00,234.1199951171875,234.30999755859375,233.77000427246094,233.86000061035156,144548.0,33803995.3682251
2026-01-12 18:30:00,233.8800048828125,234.08999633789062,233.6300048828125,234.02999877929688,106262.0,24868495.730285645
2026-01-12 19:30:00,234.0399932861328,235.22000122070312,234.02999877929688,234.75,180028.0,42261573.0
2026-01-12 20:30:00,234.74000549316406,235.36000061035156,234.6999969482422,235.2899932861328,185024.0,43534295.71777344
2026-01-13 14:30:00,235.94000244140625,236.30999755859375,233.76499938964844,235.1300048828125,0.0,0.0
2026-01-13 15:30:00,235.10000610351562,235.5,234.08999633789062,234.38999938964844,155826.0,36524056.04489136
2026-01-13 16:30:00,234.38999938964844,234.50999450683594,233.74000549316406,234.0,130968.0,30646512.0
2026-01-13 17:30:00,233.99000549316406,234.5,233.88999938964844,234.11000061035156,124179.0,29071545.765792847
2026-01-13 18:30:00,234.1300048828125,234.3000030517578,233.1750030517578,233.64999389648438,173609.0,40563741.790374756
2026-01-13 19:30:00,233.67999267578125,234.11500549316406,233.67999267578125,234.00999450683594,188303.0,44064783.99562073
2026-01-13 20:30:00,234.02999877929688,234.5500030517578,233.72999572753906,234.5399932861328,296606.0,69565969.24862671
2026-01-14 14:30:00,233.7100067138672,234.47999572753906,232.39999389648438,233.02000427246094,358758.0,83597790.69277954
2026-01-14 15:30:00,233.02000427246094,233.4600067138672,232.60000610351562,233.39999389648438,237835.0,55510687.54837036
2026-01-14 16:30:00,233.44000244140625,233.9149932861328,233.0,233.52999877929688,118346.0,27637341.235534668
2026-01-14 17:30:00,233.5,234.25999450683594,233.30999755859375,234.07000732421875,100030.0,23414022.8326416
2026-01-14 18:30:00,234.02999877929688,234.38999938964844,233.86000061035156,234.02000427246094,94638.0,22147185.16433716
2026-01-14 19:30:00,234.00999450683594,234.22999572753906,233.75999450683594,234.07000732421875,133477.0,31242962.367614746
2026-01-14 20:30:00,234.02999877929688,234.3000030517578,233.80999755859375,234.08999633789062,199761.0,46762051.75845337
2026-01-15 14:30:00,234.52000427246094,235.5,234.3300018310547,235.48500061035156,0.0,0.0
2026-01-15 15:30:00,235.47999572753906,235.6699981689453,234.9199981689453,235.1199951171875,149740.0,35206868.068847656
2026-01-15 16:30:00,235.10000610351562,235.32000732421875,234.69000244140625,235.13999938964844,97423.0,22908044.16053772
2026-01-15 17:30:00,235.13999938964844,235.24000549316406,234.7100067138672,235.08999633789062,67985.0,15982593.401031494
2026-01-15 18:30:00,235.08999633789062,235.17999267578125,234.72000122070312,234.8000030517578,80394.0,18876511.445343018
2026-01-15 19:30:00,234.80999755859375,234.86000061035156,234.3300018310547,234.5500030517578,109317.0,25640302.68360901
2026-01-15 20:30:00,234.55999755859375,235.3300018310547,234.49000549316406,235.30999755859375,209193.0,49225204.3192749
2026-01-16 14:30:00,234.91000366210938,235.52000427246094,234.3800048828125,234.94000244140625,0.0,0.0
2026-01-16 15:30:00,234.94000244140625,235.1300048828125,234.75999450683594,235.10000610351562,151814.0,35691472.32659912
2026-01-16 16:30:00,235.10000610351562,235.47000122070312,235.02000427246094,235.4600067138672,111716.0,26304650.110046387
2026-01-16 17:30:00,235.4499969482422,235.61000061035156,235.1199951171875,235.47999572753906,107546.0,25324931.620513916
2026-01-16 18:30:00,235.5,235.82000732421875,235.4499969482422,235.58999633789062,229999.0,54185463.567718506
2026-01-16 19:30:00,235.61000061035156,235.8699951171875,235.41000366210938,235.47000122070312,149423.0,35184633.99240112
2026-01-16 20:30:00,235.47000122070312,235.67999267578125,235.13999938964844,235.24000549316406,242895.0,57138621.134262085
2026-01-19 14:30:00,234.75999450683594,235.0,233.52000427246094,234.63999938964844,0.0,0.0
2026-01-19 15:30:00,234.6199951171875,235.72999572753906,234.4499969482422,235.3000030517578,125755.0,29590151.883773804
2026-01-19 16:30:00,235.31500244140625,235.42999267578125,235.05999755859375,235.27999877929688,50542.0,11891521.698303223
2026-01-19 17:30:00,235.35000610351562,235.3800048828125,235.16000366210938,235.2899932861328,34721.0,8169503.856887817
2026-01-19 18:30:00,235.27999877929688,235.27999877929688,234.77999877929688,235.0500030517578,61629.0,14485896.638076782
2026-01-19 19:30:00,235.07000732421875,235.4250030517578,235.07000732421875,235.30999755859375,73923.0,17394820.949523926
2026-01-19 20:30:00,235.3300018310547,235.36000061035156,235.0800018310547,235.0800018310547,76783.0,18050147.780593872
2026-01-20 14:30:00,234.7899932861328,234.7899932861328,232.97000122070312,234.52999877929688,1534329.0,359846178.4970398
2026-01-20 15:30:00,234.5399932861328,234.5399932861328,233.74000549316406,233.94000244140625,123385.0,28864687.20123291
2026-01-20 16:30:00,233.97000122070312,234.02000427246094,233.0,233.02999877929688,150646.0,35105037.19610596
2026-01-20 17:30:00,233.02000427246094,233.19000244140625,232.35000610351562,232.60000610351562,216300.0,50311381.32019043
2026-01-20 18:30:00,232.61000061035156,232.6199951171875,231.89999389648438,232.36000061035156,203191.0,47213460.884017944
2026-01-20 19:30:00,232.35000610351562,232.36000061035156,231.5,231.77999877929688,287188.0,66564434.28942871
2026-01-20 20:30:00,231.77000427246094,232.13999938964844,231.61000061035156,231.72999572753906,258448.0,59890153.935791016
2026-01-21 14:30:00,231.58999633789062,232.52000427246094,229.2100067138672,232.4600067138672,0.0,0.0
2026-01-21 15:30:00,232.4499969482422,232.9499969482422,231.35000610351562,231.66000366210938,209432.0,48517017.88696289
2026-01-21 16:30:00,231.64999389648438,231.69000244140625,230.55999755859375,231.44000244140625,187841.0,43473921.49859619
2026-01-21 17:30:00,231.42999267578125,232.6999969482422,231.32000732421875,232.64999389648438,136776.0,31820935.565185547
2026-01-21 18:30:00,232.6199951171875,232.80999755859375,231.9600067138672,232.77000427246094,153953.0,35835640.46775818
2026-01-21 19:30:00,232.75999450683594,233.69000244140625,231.8699951171875,231.9499969482422,262417.0,60867622.34916687
2026-01-21 20:30:00,231.9199981689453,232.35000610351562,231.82000732421875,232.27999877929688,204320.0,47459449.35058594
2026-01-22 14:30:00,232.89999389648438,234.02999877929688,232.1999969482422,232.60000610351562,0.0,0.0
2026-01-22 15:30:00,232.6199951171875,233.0,232.24000549316406,232.42999267578125,152718.0,35496243.62145996
2026-01-22 16:30:00,232.4600067138672,233.0399932861328,232.39999389648438,233.01499938964844,108340.0,25244845.03387451
2026-01-22 17:30:00,233.02999877929688,233.44000244140625,232.91000366210938,233.02999877929688,139215.0,32441271.280059814
2026-01-22 18:30:00,233.02000427246094,233.4499969482422,232.97999572753906,233.2100067138672,75459.0,17597793.896621704
2026-01-22 19:30:00,233.1999969482422,233.27999877929688,232.6699981689453,232.97999572753906,119155.0,27760731.390914917
2026-01-22 20:30:00,232.9600067138672,233.1699981689453,232.69000244140625,232.72000122070312,190570.0,44349450.632629395
2026-01-23 14:30:00,233.3300018310547,233.3300018310547,231.1999969482422,231.42999267578125,0.0,0.0
2026-01-23 15:30:00,231.44000244140625,232.0500030517578,231.4199981689453,231.63999938964844,92705.0,21474186.14341736
2026-01-23 16:30:00,231.64999389648438,232.0,230.9499969482422,231.41000366210938,183555.0,42476463.22219849
2026-01-23 17:30:00,231.38999938964844,231.4199981689453,230.60000610351562,231.10000610351562,228898.0,52898329.19708252
2026-01-23 18:30:00,231.10000610351562,232.0399932861328,231.10000610351562,231.94000244140625,219716.0,50960929.576416016
2026-01-23 19:30:00,231.9600067138672,232.22000122070312,231.6999969482422,231.85000610351562,212855.0,49350433.04916382
2026-01-23 20:30:00,231.82000732421875,232.89999389648438,231.80999755859375,232.3000030517578,417017.0,96873050.37263489
2026-01-26 14:30:00,230.5,231.69000244140625,230.5,231.4600067138672,0.0,0.0
2026-01-26 15:30:00,231.49000549316406,231.55999755859375,229.82000732421875,230.22999572753906,227600.0,52400347.02758789
2026-01-26 16:30:00,230.2100067138672,230.30999755859375,229.63999938964844,229.89999389648438,116837.0,26860825.586883545
2026-01-26 17:30:00,229.94000244140625,229.99000549316406,229.4600067138672,229.92999267578125,87853.0,20200039.64654541
2026-01-26 18:30:00,229.94000244140625,230.5,229.83999633789062,230.2899932861328,90236.0,20780447.83416748
2026-01-26 19:30:00,230.32000732421875,230.36000061035156,229.1300048828125,229.17999267578125,165219.0,37864889.2098999
2026-01-26 20:30:00,229.1750030517578,229.47999572753906,228.56500244140625,229.3300018310547,301014.0,69031541.1711731
2026-01-27 14:30:00,229.0,230.8000030517578,228.63999938964844,229.47999572753906,0.0,0.0
2026-01-27 15:30:00,229.47000122070312,230.11000061035156,229.0800018310547,229.9600067138672,119142.0,27397895.119903564
2026-01-27 16:30:00,229.9600067138672,229.9600067138672,229.22000122070312,229.3800048828125,85293.0,19564508.756469727
2026-01-27 17:30:00,229.41000366210938,229.5500030517578,229.0,229.52999877929688,81538.0,18715417.04046631
2026-01-27 18:30:00,229.5500030517578,229.61000061035156,229.22000122070312,229.39999389648438,74405.0,17068506.54586792
2026-01-27 19:30:00,229.42999267578125,229.42999267578125,228.77999877929688,229.13999938964844,133914.0,30685053.87826538
2026-01-27 20:30:00,229.14999389648438,229.39999389648438,228.89999389648438,229.19000244140625,200536.0,45960846.329589844
2026-01-28 14:30:00,228.41000366210938,228.77000427246094,225.5500030517578,225.8000030517578,0.0,0.0
2026-01-28 15:30:00,225.77999877929688,225.9600067138672,224.92999267578125,225.24000549316406,311603.0,70185461.4316864
2026-01-28 16:30:00,225.2100067138672,225.74000549316406,224.74000549316406,225.22999572753906,224533.0,50571566.63069153
2026-01-28 17:30:00,225.2100067138672,225.75,225.11000061035156,225.61000061035156,146126.0,32967486.949188232
2026-01-28 18:30:00,225.61000061035156,225.9499969482422,225.0850067138672,225.11000061035156,250906.0,56481449.81314087
2026-01-28 19:30:00,225.13999938964844,226.11500549316406,224.1699981689453,225.75999450683594,580162.0,130977369.93307495
2026-01-28 20:30:00,225.72999572753906,226.0,225.1199951171875,225.83999633789062,252535.0,57032503.47518921
2026-01-29 14:30:00,226.02999877929688,227.125,225.6199951171875,226.24000549316406,0.0,0.0
2026-01-29 15:30:00,226.16000366210938,226.7899932861328,226.0,226.58999633789062,274745.0,62254468.54385376
2026-01-29 16:30:00,226.58999633789062,227.64999389648438,226.44000244140625,227.60000610351562,192251.0,43756328.77340698
2026-01-29 17:30:00,227.60000610351562,227.7100067138672,226.85000610351562,227.7100067138672,172325.0,39240126.90696716
2026-01-29 18:30:00,227.69500732421875,227.97000122070312,226.97999572753906,227.25999450683594,177331.0,40300242.08589172
2026-01-29 19:30:00,227.2899932861328,227.91000366210938,227.10000610351562,227.13999938964844,200074.0,45444808.23788452
2026-01-29 20:30:00,227.16000366210938,227.8800048828125,226.97000122070312,227.33999633789062,263933.0,60002527.25344849
2026-01-30 14:30:00,227.25,227.99000549316406,227.14999389648438,227.14999389648438,0.0,0.0
2026-01-30 15:30:00,227.1649932861328,227.49000549316406,226.5500030517578,226.64999389648438,193540.0,43865839.818725586
2026-01-30 16:30:00,226.67999267578125,227.0399932861328,226.25,226.75999450683594,248357.0,56317431.95573425
2026-01-30 17:30:00,226.75999450683594,226.8699951171875,225.22000122070312,225.82000732421875,313806.0,70863673.21838379
2026-01-30 18:30:00,225.80999755859375,226.1999969482422,225.08999633789062,225.47000122070312,251174.0,56632202.08660889
2026-01-30 19:30:00,225.47000122070312,226.2899932861328,225.4600067138672,225.9199981689453,200533.0,45304414.99281311
2026-01-30 20:30:00,225.9250030517578,226.57000732421875,225.5399932861328,226.55999755859375,273284.0,61915222.372802734
2026-02-02 14:30:00,226.6999969482422,228.9499969482422,226.50999450683594,228.86000061035156,0.0,0.0
2026-02-02 15:30:00,228.8300018310547,230.27999877929688,228.6199951171875,230.25,291871.0,67203297.75
2026-02-02 16:30:00,230.2899932861328,230.72999572753906,229.55999755859375,230.05999755859375,158894.0,36555153.252075195
2026-02-02 17:30:00,230.05999755859375,230.5800018310547,229.7100067138672,230.0,139807.0,32155610.0
2026-02-02 18:30:00,230.00999450683594,230.4199981689453,229.6699981689453,229.85000610351562,118752.0,27295147.924804688
2026-02-02 19:30:00,229.82000732421875,230.69000244140625,229.57000732421875,230.67999267578125,226476.0,52243482.021240234
2026-02-02 20:30:00,230.67999267578125,231.0399932861328,230.24000549316406,230.47999572753906,353642.0,81507406.64907837
2026-02-03 14:30:00,230.6699981689453,231.94000244140625,229.77999877929688,231.25999450683594,0.0,0.0
2026-02-03 15:30:00,231.2899932861328,232.42999267578125,231.2899932861328,231.77999877929688,260936.0,60479745.76147461
2026-02-03 16:30:00,231.8000030517578,232.1999969482422,231.52000427246094,231.80999755859375,165255.0,38307761.14654541
2026-02-03 17:30:00,231.82000732421875,231.91000366210938,230.89999389648438,231.52000427246094,152878.0,35394315.21316528
2026-02-03 18:30:00,231.50999450683594,232.27000427246094,231.44000244140625,231.83999633789062,173690.0,40268288.96392822
2026-02-03 19:30:00,231.86000061035156,232.72999572753906,231.75,231.83999633789062,249333.0,57805361.80691528
2026-02-03 20:30:00,231.8699951171875,232.74000549316406,231.8699951171875,232.58999633789062,203050.0,47227398.75640869
2026-02-04 14:30:00,233.0,234.11000061035156,232.75,233.32000732421875,0.0,0.0
2026-02-04 15:30:00,233.32000732421875,234.0,233.1300048828125,233.60000610351562,202171.0,47227146.83395386
2026-02-04 16:30:00,233.6199951171875,233.75999450683594,232.9199981689453,233.1199951171875,179387.0,41818696.564086914
2026-02-04 17:30:00,233.08999633789062,233.2100067138672,232.16000366210938,232.80999755859375,163585.0,38084223.45062256
2026-02-04 18:30:00,232.8000030517578,232.86000061035156,231.97000122070312,232.57000732421875,126072.0,29320565.963378906
2026-02-04 19:30:00,232.59500122070312,233.33999633789062,232.59500122070312,233.0800018310547,146922.0,34244580.02902222
2026-02-04 20:30:00,233.07000732421875,233.22000122070312,232.27999877929688,232.38999938964844,204390.0,47498191.975250244
2026-02-05 14:30:00,230.66000366210938,233.05999755859375,229.5,231.17999267578125,0.0,0.0
2026-02-05 15:30:00,231.22000122070312,231.39999389648438,230.42999267578125,231.14999389648438,254271.0,58774740.09805298
2026-02-05 16:30:00,231.17999267578125,231.91000366210938,230.9600067138672,231.8800048828125,190264.0,44118417.24902344
2026-02-05 17:30:00,231.8699951171875,232.4199981689453,231.5,231.67999267578125,187508.0,43441852.06665039
2026-02-05 18:30:00,231.6699981689453,232.1300048828125,231.1999969482422,231.97000122070312,149070.0,34579768.081970215
2026-02-05 19:30:00,231.9600067138672,231.9600067138672,231.1999969482422,231.24000549316406,157169.0,36343760.4233551
2026-02-05 20:30:00,231.25999450683594,231.33999633789062,230.57000732421875,231.08999633789062,356175.0,82308479.4456482
2026-02-06 14:30:00,232.2899932861328,233.35000610351562,231.9600067138672,232.5500030517578,0.0,0.0
2026-02-06 15:30:00,232.5800018310547,232.8800048828125,231.5500030517578,231.66000366210938,180943.0,41917256.04263306
2026-02-06 16:30:00,231.69000244140625,232.55999755859375,231.60000610351562,232.2899932861328,108409.0,25182325.882156372
2026-02-06 17:30:00,232.2899932861328,232.55999755859375,232.02000427246094,232.55999755859375,78863.0,18340379.08746338
2026-02-06 18:30:00,232.5800018310547,232.77000427246094,232.33999633789062,232.3699951171875,101852.0,23667348.74267578
2026-02-06 19:30:00,232.39999389648438,232.7100067138672,232.0500030517578,232.67999267578125,125518.0,29205527.32067871
2026-02-06 20:30:00,232.67999267578125,233.0,232.4250030517578,232.64999389648438,224223.0,52165479.581451416
2026-02-09 14:30:00,233.2100067138672,234.3800048828125,232.8800048828125,234.3000030517578,0.0,0.0
2026-02-09 15:30:00,234.3300018310547,234.42999267578125,234.02000427246094,234.10000610351562,195717.0,45817350.89456177
2026-02-09 16:30:00,234.10000610351562,234.1699981689453,233.6999969482422,233.97999572753906,88170.0,20630016.22329712
2026-02-09 17:30:00,233.97000122070312,234.14999389648438,233.5800018310547,234.13999938964844,111662.0,26144540.611846924
2026-02-09 18:30:00,234.14999389648438,235.10000610351562,234.0800018310547,235.10000610351562,200470.0,47130498.22357178
2026-02-09 19:30:00,235.09500122070312,235.64999389648438,234.7899932861328,235.60000610351562,201704.0,47521463.631103516
2026-02-09 20:30:00,235.6300048828125,236.3000030517578,235.58999633789062,236.1999969482422,296642.0,70066839.49472046
2026-02-10 14:30:00,237.0,237.67999267578125,236.33999633789062,237.35000610351562,0.0,0.0
2026-02-10 15:30:00,237.38999938964844,238.00999450683594,237.25,237.85000610351562,185379.0,44092396.28146362
2026-02-10 16:30:00,237.83999633789062,238.42999267578125,237.5,237.89500427246094,142326.0,33858644.378082275
2026-02-10 17:30:00,237.89999389648438,237.89999389648438,236.69000244140625,236.85000610351562,82217.0,19473096.951812744
2026-02-10 18:30:00,236.85000610351562,237.24000549316406,236.5399932861328,237.1300048828125,97052.0,23013941.23388672
2026-02-10 19:30:00,237.16000366210938,237.9199981689453,237.16000366210938,237.82000732421875,125621.0,29875187.140075684
2026-02-10 20:30:00,237.77999877929688,238.1199951171875,237.66000366210938,237.8300018310547,228556.0,54357473.898498535
2026-02-11 14:30:00,238.55999755859375,239.01499938964844,237.3699951171875,237.44000244140625,252989.0,60069708.777648926
2026-02-11 15:30:00,237.3699951171875,237.44000244140625,235.72999572753906,236.4550018310547,232082.0,54876949.734954834
2026-02-11 16:30:00,236.4199981689453,236.99000549316406,235.8300018310547,235.91000366210938,141163.0,33301763.846954346
2026-02-11 17:30:00,235.8800048828125,235.89999389648438,235.27000427246094,235.77000427246094,125224.0,29524063.01501465
2026-02-11 18:30:00,235.7899932861328,235.7899932861328,234.9499969482422,235.0500030517578,149399.0,35116235.405929565
2026-02-11 19:30:00,235.02000427246094,235.27999877929688,234.42999267578125,235.01499938964844,124229.0,29195678.359176636
2026-02-11 20:30:00,235.0399932861328,235.1199951171875,234.38999938964844,234.67999267578125,264464.0,62064409.58300781
2026-02-12 14:30:00,235.5,236.77000427246094,235.02000427246094,235.47999572753906,0.0,0.0
2026-02-12 15:30:00,235.52000427246094,235.60000610351562,232.8000030517578,233.39999389648438,192344.0,44893088.42602539
2026-02-12 16:30:00,233.41000366210938,233.5800018310547,231.25,231.82000732421875,198770.0,46078862.85583496
2026-02-12 17:30:00,231.80999755859375,232.02000427246094,230.8800048828125,231.2100067138672,191029.0,44167816.372543335
2026-02-12 18:30:00,231.13999938964844,231.66000366210938,230.77999877929688,231.22999572753906,175389.0,40555197.72065735
2026-02-12 19:30:00,231.2100067138672,231.8000030517578,231.0,231.39999389648438,206290.0,47735504.74090576
2026-02-12 20:30:00,231.3699951171875,231.38999938964844,230.0,230.5500030517578,365144.0,84183950.31433105
2026-02-13 14:30:00,229.88999938964844,230.05999755859375,227.97000122070312,229.3300018310547,0.0,0.0
2026-02-13 15:30:00,229.39999389648438,230.75,229.39999389648438,230.57000732421875,124067.0,28606129.098693848
2026-02-13 16:30:00,230.61000061035156,230.85000610351562,230.2899932861328,230.72000122070312,79937.0,18443064.737579346
2026-02-13 17:30:00,230.6699981689453,230.92999267578125,230.14999389648438,230.77999877929688,102698.0,23700644.31463623
2026-02-13 18:30:00,230.80999755859375,231.0399932861328,230.17999267578125,230.42999267578125,74818.0,17240311.1920166
2026-02-13 19:30:00,230.38999938964844,230.47999572753906,229.60000610351562,229.77000427246094,91505.0,21025104.240951538
2026-02-13 20:30:00,229.77000427246094,230.89999389648438,229.6999969482422,230.89999389648438,205889.0,47539768.84335327
2026-02-17 14:30:00,230.85000610351562,232.60000610351562,229.88999938964844,230.61000061035156,0.0,0.0
2026-02-17 15:30:00,230.61000061035156,231.36000061035156,230.1300048828125,231.0800018310547,194525.0,44950837.35618591
2026-02-17 16:30:00,231.0800018310547,231.39999389648438,230.6199951171875,230.91000366210938,178683.0,41259692.18435669
2026-02-17 17:30:00,230.8699951171875,230.9600067138672,230.1999969482422,230.80999755859375,129904.0,29983141.922851562
2026-02-17 18:30:00,230.83999633789062,231.5,230.7899932861328,230.91000366210938,115107.0,26579357.791534424
2026-02-17 19:30:00,230.9199981689453,231.27000427246094,230.83999633789062,230.92999267578125,166209.0,38382643.152648926
2026-02-17 20:30:00,230.96499633789062,231.6699981689453,230.50999450683594,230.9600067138672,323608.0,74740505.85266113
2026-02-18 14:30:00,232.52999877929688,234.25,232.38499450683594,233.1300048828125,0.0,0.0
2026-02-18 15:30:00,233.08999633789062,233.42999267578125,232.7100067138672,233.36000061035156,135533.0,31627980.96272278
2026-02-18 16:30:00,233.39999389648438,233.51499938964844,232.94000244140625,233.24000549316406,143589.0,33490699.148757935
2026-02-18 17:30:00,233.22999572753906,233.91000366210938,233.22999572753906,233.44000244140625,97338.0,22722582.9576416
2026-02-18 18:30:00,233.4600067138672,233.86000061035156,233.2100067138672,233.5,126181.0,29463263.5
2026-02-18 19:30:00,233.5,233.8300018310547,233.25,233.52999877929688,108161.0,25258838.19796753
2026-02-18 20:30:00,233.52999877929688,234.0399932861328,233.49000549316406,233.8800048828125,210261.0,49175843.70666504
2026-02-19 14:30:00,234.07000732421875,234.3000030517578,231.8000030517578,232.64999389648438,0.0,0.0
2026-02-19 15:30:00,232.6999969482422,233.1300048828125,232.4199981689453,232.52999877929688,100701.0,23416003.407073975
2026-02-19 16:30:00,232.55999755859375,233.00999450683594,232.22000122070312,232.89500427246094,77200.0,17979494.329833984
2026-02-19 17:30:00,232.89500427246094,233.0500030517578,232.0399932861328,232.42999267578125,87117.0,20248603.671936035
2026-02-19 18:30:00,232.46499633789062,233.02999877929688,232.39999389648438,232.9600067138672,92190.0,21476583.018951416
2026-02-19 19:30:00,232.9499969482422,233.3300018310547,232.69500732421875,233.3000030517578,91266.0,21292358.07852173
2026-02-19 20:30:00,233.3000030517578,233.86000061035156,233.1999969482422,233.8300018310547,178483.0,41734680.216812134
2026-02-20 14:30:00,233.5,234.85000610351562,233.3800048828125,234.64999389648438,0.0,0.0
2026-02-20 15:30:00,234.69000244140625,235.17999267578125,234.42999267578125,235.02999877929688,151267.0,35552282.8253479
2026-02-20 16:30:00,234.9499969482422,235.25,234.27999877929688,234.47000122070312,116331.0,27276129.712005615
2026-02-20 17:30:00,234.52999877929688,234.99000549316406,234.25,234.77999877929688,124296.0,29182214.728271484
2026-02-20 18:30:00,234.7899932861328,235.58999633789062,234.72000122070312,235.39999389648438,147704.0,34769520.69848633
2026-02-20 19:30:00,235.42999267578125,235.75999450683594,235.2100067138672,235.72999572753906,142516.0,33595296.07110596
2026-02-20 20:30:00,235.7100067138672,236.08999633789062,235.4600067138672,235.99000549316406,239059.0,56415534.72319031
2026-02-23 14:30:00,236.0399932861328,237.3000030517578,234.08999633789062,234.30999755859375,0.0,0.0
2026-02-23 15:30:00,234.32000732421875,234.3300018310547,232.05999755859375,232.3000030517578,249174.0,57883120.9604187
2026-02-23 16:30:00,232.3000030517578,233.3699951171875,232.2899932861328,232.61000061035156,192352.0,44742998.837402344
2026-02-23 17:30:00,232.64999389648438,233.32000732421875,232.14999389648438,233.3000030517578,294197.0,68636160.997818
2026-02-23 18:30:00,233.2899932861328,234.86000061035156,233.2899932861328,234.30999755859375,300402.0,70387191.88659668
2026-02-23 19:30:00,234.27999877929688,235.19000244140625,233.89999389648438,234.13999938964844,275056.0,64401611.67211914
2026-02-23 20:30:00,234.13999938964844,234.25999450683594,233.6999969482422,233.75999450683594,236726.0,55337068.459625244
2026-02-24 14:30:00,233.9600067138672,234.0399932861328,231.36000061035156,232.67999267578125,0.0,0.0
2026-02-24 15:30:00,232.66000366210938,232.92999267578125,232.10000610351562,232.64999389648438,102698.0,23892689.073181152
2026-02-24 16:30:00,232.63999938964844,233.19000244140625,231.99000549316406,232.60000610351562,118153.0,27482388.52114868
2026-02-24 17:30:00,232.6300048828125,233.4499969482422,232.52999877929688,233.33999633789062,67840.0,15829785.3515625
2026-02-24 18:30:00,233.36000061035156,233.75999450683594,233.17999267578125,233.47999572753906,78620.0,18356197.26409912
2026-02-24 19:30:00,233.47000122070312,233.52000427246094,232.9600067138672,233.27999877929688,115578.0,26962035.698913574
2026-02-24 20:30:00,233.27000427246094,234.0,233.05999755859375,233.9199981689453,266846.0,62420615.83139038
2026-02-25 14:30:00,234.74000549316406,236.3000030517578,234.24000549316406,235.63999938964844,0.0,0.0
2026-02-25 15:30:00,235.6199951171875,237.3300018310547,235.4499969482422,237.2899932861328,264144.0,62678727.986572266
2026-02-25 16:30:00,237.27999877929688,238.8000030517578,237.1999969482422,238.61000061035156,282959.0,67516847.16270447
2026-02-25 17:30:00,238.63999938964844,239.27000427246094,238.25,238.33999633789062,230366.0,54905431.59637451
2026-02-25 18:30:00,238.35000610351562,238.3800048828125,237.60000610351562,237.60000610351562,193417.0,45955880.38052368
2026-02-25 19:30:00,237.6199951171875,238.3699951171875,237.55999755859375,238.2949981689453,191700.0,45681151.14898682
2026-02-25 20:30:00,238.27999877929688,238.50999450683594,236.97999572753906,237.22999572753906,436692.0,103596441.29425049
2026-02-26 14:30:00,237.49000549316406,237.83999633789062,231.02000427246094,231.5,0.0,0.0
2026-02-26 15:30:00,231.47999572753906,232.8699951171875,231.13999938964844,232.33999633789062,396990.0,92236655.1461792
2026-02-26 16:30:00,232.30999755859375,233.50999450683594,232.22999572753906,232.8300018310547,241751.0,56286885.7726593
2026-02-26 17:30:00,232.8300018310547,233.33999633789062,232.39999389648438,232.89999389648438,181463.0,42262731.592437744
2026-02-26 18:30:00,232.88999938964844,234.50999450683594,232.8699951171875,234.3800048828125,211591.0,49592699.61315918
2026-02-26 19:30:00,234.3699951171875,234.64999389648438,232.67999267578125,232.6999969482422,225819.0,52548080.6108551
2026-02-26 20:30:00,232.6999969482422,233.3300018310547,232.22000122070312,232.24000549316406,343363.0,79742625.00614929
2026-02-27 14:30:00,232.14999389648438,233.49000549316406,227.24000549316406,227.4499969482422,0.0,0.0
2026-02-27 15:30:00,227.4199981689453,228.35000610351562,226.8000030517578,227.9499969482422,610203.0,139095771.98780823
2026-02-27 16:30:00,227.97999572753906,228.3699951171875,226.80999755859375,226.83999633789062,313731.0,71166738.89108276
2026-02-27 17:30:00,226.82000732421875,228.49000549316406,226.5500030517578,228.44000244140625,273718.0,62528140.588256836
2026-02-27 18:30:00,228.49000549316406,229.0399932861328,228.11000061035156,228.11000061035156,220866.0,50381743.39480591
2026-02-27 19:30:00,228.16000366210938,228.1699981689453,227.28500366210938,228.02000427246094,324327.0,73953043.92567444
2026-02-27 20:30:00,228.02000427246094,228.44000244140625,227.77999877929688,228.0,363718.0,82927704.0
2026-03-02 14:30:00,225.0,226.74000549316406,223.72000122070312,226.35000610351562,0.0,0.0
2026-03-02 15:30:00,226.33999633789062,228.83999633789062,226.22999572753906,228.64999389648438,203175.0,46455962.50991821
2026-03-02 16:30:00,228.67999267578125,230.22999572753906,228.67999267578125,229.9499969482422,240655.0,55338616.51557922
2026-03-02 17:30:00,229.94000244140625,230.5,229.42999267578125,229.8800048828125,178457.0,41023696.03137207
2026-03-02 18:30:00,229.89999389648438,230.8699951171875,229.55999755859375,230.8000030517578,212271.0,48992147.44779968
2026-03-02 19:30:00,230.8000030517578,230.86000061035156,229.69000244140625,229.69000244140625,248731.0,57131023.99725342
2026-03-02 20:30:00,229.6999969482422,230.8000030517578,229.69000244140625,230.63999938964844,272202.0,62780669.113861084
2026-03-03 14:30:00,225.91000366210938,226.97999572753906,224.67999267578125,225.0800018310547,0.0,0.0
2026-03-03 15:30:00,225.02999877929688,226.3000030517578,224.72999572753906,226.02000427246094,274963.0,62147138.43476868
2026-03-03 16:30:00,225.97999572753906,227.16000366210938,225.75,227.0,205892.0,46737484.0
2026-03-03 17:30:00,227.02000427246094,227.92999267578125,226.83999633789062,227.89999389648438,152123.0,34668830.77151489
2026-03-03 18:30:00,227.83999633789062,228.2899932861328,227.02000427246094,227.1699981689453,180668.0,41042349.22918701
2026-03-03 19:30:00,227.19000244140625,227.86000061035156,226.97000122070312,227.32000732421875,197731.0,44948212.3682251
2026-03-03 20:30:00,227.33999633789062,227.55999755859375,226.64999389648438,226.72000122070312,217535.0,49319535.465545654
2026-03-04 14:30:00,227.16000366210938,228.52999877929688,226.9199981689453,228.49000549316406,0.0,0.0
2026-03-04 15:30:00,228.52999877929688,228.77000427246094,227.72999572753906,228.00999450683594,150070.0,34217459.87564087
2026-03-04 16:30:00,228.05999755859375,228.52000427246094,227.75,227.9600067138672,65200.0,14862992.43774414
2026-03-04 17:30:00,227.97999572753906,227.97999572753906,227.5,227.9149932861328,100851.0,22985454.98789978
2026-03-04 18:30:00,227.9499969482422,228.3000030517578,227.1699981689453,227.3300018310547,175842.0,39974162.18197632
2026-03-04 19:30:00,227.36000061035156,227.67999267578125,226.5500030517578,226.88999938964844,176854.0,40126403.952056885
2026-03-04 20:30:00,226.9149932861328,227.02000427246094,226.0,226.4199981689453,329813.0,74676258.85609436
2026-03-05 14:30:00,225.5800018310547,226.82000732421875,224.3300018310547,225.82000732421875,0.0,0.0
2026-03-05 15:30:00,225.85000610351562,225.85000610351562,224.3000030517578,224.64999389648438,222359.0,49952947.99282837
2026-03-05 16:30:00,224.66000366210938,225.00999450683594,223.4600067138672,223.64999389648438,262092.0,58616874.20031738
2026-03-05 17:30:00,223.67999267578125,224.94000244140625,223.61000061035156,224.49000549316406,149355.0,33528704.77043152
2026-03-05 18:30:00,224.5,224.80999755859375,224.0,224.05999755859375,115409.0,25858540.258239746
2026-03-05 19:30:00,224.0500030517578,224.9199981689453,223.63999938964844,224.77000427246094,182976.0,41127516.30175781
2026-03-05 20:30:00,224.7899932861328,225.08999633789062,224.2899932861328,224.67999267578125,221937.0,49864803.53448486
2026-03-06 14:30:00,222.0399932861328,222.99000549316406,220.3300018310547,222.0500030517578,0.0,0.0
2026-03-06 15:30:00,222.11000061035156,222.49000549316406,221.4499969482422,221.91000366210938,250002.0,55477944.73553467
2026-03-06 16:30:00,221.9499969482422,221.9600067138672,220.85000610351562,221.22999572753906,259437.0,57395246.40156555
2026-03-06 17:30:00,221.1999969482422,222.14500427246094,220.85000610351562,221.91000366210938,221811.0,49222079.82229614
2026-03-06 18:30:00,221.89999389648438,222.1300048828125,221.42999267578125,221.64999389648438,128791.0,28546524.36392212
2026-03-06 19:30:00,221.67999267578125,222.0,221.38999938964844,221.66000366210938,145247.0,32195450.5519104
2026-03-06 20:30:00,221.63999938964844,222.36000061035156,221.3699951171875,222.33999633789062,355171.0,78968718.83932495
2026-03-09 13:30:00,219.35000610351562,220.97999572753906,218.25,219.10000610351562,695063.0,152288307.54232788
2026-03-09 14:30:00,219.11000061035156,220.67999267578125,218.5800018310547,220.49000549316406,257254.0,56721935.87313843
2026-03-09 15:30:00,220.47999572753906,221.35000610351562,220.11000061035156,221.16000366210938,230241.0,50920100.403167725
2026-03-09 16:30:00,221.1699981689453,221.97999572753906,220.9600067138672,221.22000122070312,237995.0,52649254.19052124
2026-03-09 17:30:00,221.22999572753906,221.33999633789062,220.67999267578125,220.8699951171875,182011.0,40200768.681274414
2026-03-09 18:30:00,220.86000061035156,222.0,220.33999633789062,222.0,235425.0,52264350.0
2026-03-09 19:30:00,221.9499969482422,223.02999877929688,221.77000427246094,221.8699951171875,292500.0,64896973.571777344
2026-03-10 13:30:00,223.22000122070312,224.3300018310547,222.25999450683594,223.7100067138672,0.0,0.0
2026-03-10 14:30:00,223.77999877929688,226.2899932861328,223.77999877929688,226.1699981689453,263757.0,59653920.20704651
2026-03-10 15:30:00,226.19000244140625,226.24000549316406,225.24000549316406,225.58999633789062,149916.0,33819549.89099121
2026-03-10 16:30:00,225.61000061035156,226.88999938964844,225.5500030517578,226.6199951171875,180231.0,40843948.33996582
2026-03-10 17:30:00,226.66000366210938,226.8699951171875,225.27000427246094,225.8300018310547,212769.0,48049623.659591675
2026-03-10 18:30:00,225.7899932861328,226.0,224.91000366210938,225.0,166142.0,37381950.0
2026-03-10 19:30:00,224.94000244140625,225.22000122070312,224.5399932861328,224.6999969482422,213137.0,47891883.249557495
2026-03-11 13:30:00,224.61000061035156,225.80999755859375,224.1699981689453,224.22999572753906,0.0,0.0
2026-03-11 14:30:00,224.2100067138672,225.41000366210938,224.1699981689453,224.77000427246094,190298.0,42773282.27304077
2026-03-11 15:30:00,224.82000732421875,225.0,223.52999877929688,223.7899932861328,168910.0,37800367.76596069
2026-03-11 16:30:00,223.82000732421875,225.08999633789062,223.82000732421875,225.08999633789062,103958.0,23399905.839294434
2026-03-11 17:30:00,225.11000061035156,225.11000061035156,223.85000610351562,224.35000610351562,167062.0,37480360.71966553
2026-03-11 18:30:00,224.3699951171875,224.63999938964844,224.13999938964844,224.4499969482422,128990.0,28951805.10635376
2026-03-11 19:30:00,224.47000122070312,224.97500610351562,224.16000366210938,224.18499755859375,159758.0,35815346.83996582
2026-03-12 13:30:00,222.61000061035156,223.4600067138672,221.8800048828125,222.1199951171875,401090.0,89090108.84155273
2026-03-12 14:30:00,222.0800018310547,222.7899932861328,221.2100067138672,221.7899932861328,251981.0,55886864.29823303
2026-03-12 15:30:00,221.72000122070312,222.86000061035156,221.6699981689453,222.25,165841.0,36858162.25
2026-03-12 16:30:00,222.24000549316406,222.61000061035156,221.89999389648438,222.4550018310547,120131.0,26723741.82496643
2026-03-12 17:30:00,222.4499969482422,222.8300018310547,221.8000030517578,222.58999633789062,148634.0,33084441.515686035
2026-03-12 18:30:00,222.58999633789062,222.97000122070312,222.22999572753906,222.85000610351562,138326.0,30825949.944274902
2026-03-12 19:30:00,222.85000610351562,222.99000549316406,221.88999938964844,222.16000366210938,161519.0,35883061.631500244
2026-03-13 13:30:00,222.42999267578125,224.5500030517578,222.42999267578125,223.75999450683594,281588.0,63008129.33319092
2026-03-13 14:30:00,223.75,224.47999572753906,223.27000427246094,223.5,161975.0,36201412.5
2026-03-13 15:30:00,223.5,224.0,223.1999969482422,223.82000732421875,128436.0,28746546.46069336
2026-03-13 16:30:00,223.8000030517578,224.0399932861328,223.10000610351562,223.16000366210938,114416.0,25533074.979003906
2026-03-13 17:30:00,223.19000244140625,223.1999969482422,221.73500061035156,221.9600067138672,153834.0,34144995.672821045
2026-03-13 18:30:00,221.89999389648438,222.38999938964844,221.4499969482422,221.52499389648438,181514.0,40209887.742126465
2026-03-13 19:30:00,221.5,221.64999389648438,221.0,221.39999389648438,167507.0,37086048.77761841
2026-03-16 13:30:00,222.6199951171875,225.13999938964844,222.6199951171875,224.9199981689453,0.0,0.0
2026-03-16 14:30:00,224.89999389648438,224.9499969482422,224.0500030517578,224.83999633789062,210013.0,47219322.150909424
2026-03-16 15:30:00,224.85000610351562,225.19000244140625,224.2899932861328,224.36000061035156,161355.0,36201607.89848328
2026-03-16 16:30:00,224.32000732421875,224.9600067138672,224.13999938964844,224.8350067138672,137045.0,30812513.49510193
2026-03-16 17:30:00,224.85000610351562,225.10000610351562,224.2899932861328,224.99000549316406,103700.0,23331463.569641113
2026-03-16 18:30:00,224.99000549316406,225.2899932861328,224.3000030517578,224.38999938964844,165176.0,37063842.53918457
2026-03-16 19:30:00,224.3800048828125,224.5399932861328,224.11000061035156,224.24000549316406,241562.0,54167864.2069397
2026-03-17 13:30:00,225.61000061035156,226.32000732421875,225.47999572753906,225.64999389648438,0.0,0.0
2026-03-17 14:30:00,225.66000366210938,225.8800048828125,225.25,225.6999969482422,125076.0,28229652.81829834
2026-03-17 15:30:00,225.75,226.11000061035156,225.4199981689453,225.83999633789062,119175.0,26914481.563568115
2026-03-17 16:30:00,225.8000030517578,225.86000061035156,225.39999389648438,225.80999755859375,100625.0,22722131.004333496
2026-03-17 17:30:00,225.75999450683594,226.02000427246094,225.39999389648438,225.4499969482422,94105.0,21215971.96281433
2026-03-17 18:30:00,225.47999572753906,225.5,224.9600067138672,225.25999450683594,163836.0,36905696.46002197
2026-03-17 19:30:00,225.25999450683594,225.3800048828125,224.77000427246094,224.92999267578125,164323.0,36961171.1864624
2026-03-18 13:30:00,224.24000549316406,226.1999969482422,224.1999969482422,224.6999969482422,0.0,0.0
2026-03-18 14:30:00,224.66000366210938,225.3699951171875,224.41000366210938,225.07000732421875,180460.0,40616133.521728516
2026-03-18 15:30:00,225.10000610351562,225.2899932861328,224.32000732421875,225.13999938964844,123756.0,27862425.764465332
2026-03-18 16:30:00,225.2100067138672,225.47000122070312,224.61000061035156,224.6300048828125,111313.0,25004239.733520508
2026-03-18 17:30:00,224.66000366210938,225.11000061035156,224.4199981689453,224.72000122070312,129394.0,29077419.83795166
2026-03-18 18:30:00,224.6699981689453,224.6699981689453,222.91000366210938,222.9499969482422,274714.0,61247485.461639404
2026-03-18 19:30:00,222.9499969482422,223.0800018310547,222.5,222.91000366210938,257111.0,57312613.9515686
2026-03-19 13:30:00,221.72999572753906,222.3000030517578,219.5800018310547,219.69000244140625,0.0,0.0
2026-03-19 14:30:00,219.72999572753906,220.6699981689453,219.5,220.1199951171875,213409.0,46975588.03796387
2026-03-19 15:30:00,220.08999633789062,220.74000549316406,219.8000030517578,220.2899932861328,187503.0,41305034.61112976
2026-03-19 16:30:00,220.35000610351562,220.64999389648438,219.5800018310547,220.27999877929688,131973.0,29071012.278900146
2026-03-19 17:30:00,220.3300018310547,220.39999389648438,219.8000030517578,219.8000030517578,124986.0,27471923.181427002
2026-03-19 18:30:00,219.7899932861328,221.1999969482422,219.61000061035156,220.22000122070312,251709.0,55431356.28726196
2026-03-19 19:30:00,220.1999969482422,220.50999450683594,219.97000122070312,220.22999572753906,233967.0,51526551.41038513
2026-03-20 13:30:00,219.61000061035156,220.8000030517578,218.3300018310547,218.41000366210938,0.0,0.0
2026-03-20 14:30:00,218.38999938964844,219.30999755859375,218.1199951171875,218.55999755859375,260139.0,56855979.20489502
2026-03-20 15:30:00,218.6300048828125,219.05999755859375,218.10000610351562,218.27999877929688,219671.0,47949785.611846924
2026-03-20 16:30:00,218.3000030517578,218.60000610351562,218.00999450683594,218.22000122070312,198483.0,43312960.50228882
2026-03-20 17:30:00,218.27000427246094,218.50999450683594,217.5399932861328,217.97999572753906,305003.0,66484552.6368866
2026-03-20 18:30:00,217.99000549316406,218.07000732421875,217.44000244140625,217.63999938964844,206894.0,45028410.033721924
2026-03-20 19:30:00,217.63999938964844,218.5500030517578,217.00999450683594,218.49000549316406,300215.0,65593976.99913025
2026-03-23 13:30:00,220.1999969482422,223.0500030517578,219.89999389648438,222.55999755859375,0.0,0.0
2026-03-23 14:30:00,222.52999877929688,223.5800018310547,222.38999938964844,223.1199951171875,226127.0,50453455.13586426
2026-03-23 15:30:00,223.10000610351562,223.19000244140625,221.36000061035156,221.36000061035156,170005.0,37632306.90376282
2026-03-23 16:30:00,221.39999389648438,222.4499969482422,221.3000030517578,222.3000030517578,121474.0,27003670.57070923
2026-03-23 17:30:00,222.22999572753906,222.99000549316406,222.14999389648438,222.22500610351562,139816.0,31070611.45336914
2026-03-23 18:30:00,222.24000549316406,222.9499969482422,222.24000549316406,222.4499969482422,167929.0,37355805.53752136
2026-03-23 19:30:00,222.47000122070312,222.80999755859375,221.89999389648438,221.99000549316406,263279.0,58445306.65623474
2026-03-24 13:30:00,220.7899932861328,222.4199981689453,219.80999755859375,222.36000061035156,0.0,0.0
2026-03-24 14:30:00,222.3300018310547,223.6199951171875,222.1199951171875,223.47999572753906,230183.0,51441295.856552124
2026-03-24 15:30:00,223.49000549316406,223.64999389648438,223.0399932861328,223.44000244140625,179398.0,40084689.5579834
2026-03-24 16:30:00,223.44000244140625,223.66000366210938,222.85000610351562,223.00999450683594,193226.0,43091329.19857788
2026-03-24 17:30:00,223.0,223.5,222.8800048828125,223.2100067138672,173526.0,38732739.62503052
2026-03-24 18:30:00,223.17999267578125,223.6999969482422,223.11000061035156,223.16000366210938,172489.0,38492645.871673584
2026-03-24 19:30:00,223.1300048828125,223.3699951171875,222.8699951171875,223.02000427246094,169696.0,37845602.64501953
2026-03-25 13:30:00,225.0800018310547,225.55999755859375,223.6999969482422,224.27999877929688,345032.0,77383776.53881836
2026-03-25 14:30:00,224.25999450683594,224.55999755859375,222.99000549316406,224.0,218704.0,48989696.0
2026-03-25 15:30:00,224.02000427246094,224.25,223.72000122070312,224.13999938964844,151303.0,33913054.32765198
2026-03-25 16:30:00,224.14999389648438,224.77000427246094,224.14999389648438,224.63999938964844,127120.0,28556236.72241211
2026-03-25 17:30:00,224.6649932861328,224.99000549316406,224.3699951171875,224.5850067138672,121841.0,27363661.803024292
2026-03-25 18:30:00,224.58999633789062,224.9199981689453,224.4600067138672,224.5800018310547,127323.0,28594199.573135376
2026-03-25 19:30:00,224.61000061035156,224.83999633789062,224.25,224.49000549316406,256060.0,57482910.80657959
2026-03-26 13:30:00,222.97000122070312,225.10000610351562,222.91000366210938,224.61000061035156,0.0,0.0
2026-03-26 14:30:00,224.64999389648438,224.82000732421875,223.10000610351562,223.66000366210938,216291.0,48375645.8520813
2026-03-26 15:30:00,223.6199951171875,223.6199951171875,222.77999877929688,222.8699951171875,129627.0,28889968.857055664
2026-03-26 16:30:00,222.89999389648438,223.50999450683594,222.5500030517578,222.74000549316406,111084.0,24742850.770202637
2026-03-26 17:30:00,222.77999877929688,222.91000366210938,222.22000122070312,222.22000122070312,132169.0,29370595.34133911
2026-03-26 18:30:00,222.2100067138672,222.97999572753906,222.0500030517578,222.1999969482422,167568.0,37233609.08862305
2026-03-26 19:30:00,222.2100067138672,222.39999389648438,221.72000122070312,221.8800048828125,203224.0,45091342.11230469
2026-03-27 13:30:00,221.10000610351562,221.55999755859375,219.89999389648438,220.63999938964844,0.0,0.0
2026-03-27 14:30:00,220.61000061035156,221.5800018310547,220.61000061035156,220.94000244140625,143591.0,31724995.890563965
2026-03-27 15:30:00,220.94000244140625,221.58999633789062,220.36000061035156,220.5800018310547,129269.0,28514156.25669861
2026-03-27 16:30:00,220.52999877929688,220.8699951171875,220.14999389648438,220.16000366210938,172205.0,37912653.430633545
2026-03-27 17:30:00,220.19000244140625,220.3300018310547,219.4499969482422,219.69000244140625,156567.0,34396204.61224365
2026-03-27 18:30:00,219.6699981689453,219.94000244140625,219.33999633789062,219.58999633789062,189959.0,41713096.114349365
2026-03-27 19:30:00,219.61000061035156,219.91000366210938,218.8699951171875,219.69500732421875,335927.0,73801484.72540283
2026-03-30 13:30:00,220.7100067138672,221.8300018310547,220.4499969482422,221.6300048828125,0.0,0.0
2026-03-30 14:30:00,221.6699981689453,222.50999450683594,221.22000122070312,221.97999572753906,226959.0,50380357.85032654
2026-03-30 15:30:00,222.02000427246094,222.5,221.2899932861328,221.3000030517578,137670.0,30466371.420135498
2026-03-30 16:30:00,221.27000427246094,221.61000061035156,220.82000732421875,220.82000732421875,135993.0,30029975.25604248
2026-03-30 17:30:00,220.80999755859375,220.9499969482422,220.1999969482422,220.1999969482422,115998.0,25542759.246002197
2026-03-30 18:30:00,220.1999969482422,220.25,218.56500244140625,218.68499755859375,171514.0,37507538.67126465
2026-03-30 19:30:00,218.7100067138672,219.97999572753906,218.7100067138672,219.8699951171875,166790.0,36672116.4855957
2026-03-31 13:30:00,221.94000244140625,223.5500030517578,221.50999450683594,222.9499969482422,0.0,0.0
2026-03-31 14:30:00,222.99000549316406,223.1300048828125,221.5399932861328,222.60000610351562,218165.0,48563530.33157349
2026-03-31 15:30:00,222.55999755859375,223.4199981689453,222.42999267578125,223.16000366210938,167308.0,37336453.892700195
2026-03-31 16:30:00,223.1300048828125,224.92999267578125,223.02999877929688,224.1300048828125,349753.0,78390141.59777832
2026-03-31 17:30:00,224.14999389648438,224.72999572753906,223.9499969482422,224.5800018310547,154333.0,34660105.42259216
2026-03-31 18:30:00,224.5800018310547,225.14999389648438,224.4499969482422,225.10000610351562,216455.0,48724021.821136475
2026-03-31 19:30:00,225.10000610351562,225.3800048828125,224.66000366210938,225.14999389648438,424569.0,95591707.75863647
2026-04-01 13:30:00,226.8800048828125,227.52000427246094,226.10000610351562,227.0,0.0,0.0
2026-04-01 14:30:00,227.02000427246094,227.60000610351562,226.63999938964844,227.1699981689453,218005.0,49524195.45082092
2026-04-01 15:30:00,227.1199951171875,227.55999755859375,227.0800018310547,227.24000549316406,163581.0,37172147.33857727
2026-04-01 16:30:00,227.22999572753906,227.80999755859375,227.14999389648438,227.7899932861328,141289.0,32184220.36140442
2026-04-01 17:30:00,227.7899932861328,227.82000732421875,226.44000244140625,226.44000244140625,154609.0,35009662.33746338
2026-04-01 18:30:00,226.42999267578125,227.07000732421875,226.13999938964844,226.97999572753906,152623.0,34642367.887924194
2026-04-01 19:30:00,226.97000122070312,227.1999969482422,226.67999267578125,226.92999267578125,224802.0,51014316.21350098
2026-04-02 13:30:00,224.97999572753906,225.97999572753906,224.52000427246094,225.8300018310547,0.0,0.0
2026-04-02 14:30:00,225.8300018310547,227.38999938964844,225.77000427246094,226.61000061035156,224914.0,50967761.67727661
2026-04-02 15:30:00,226.66000366210938,226.94000244140625,226.14999389648438,226.44000244140625,98937.0,22403294.52154541
2026-04-02 16:30:00,226.39999389648438,227.47000122070312,226.36000061035156,227.41000366210938,107026.0,24338783.051940918
2026-04-02 17:30:00,227.3800048828125,227.44000244140625,226.9600067138672,227.2899932861328,61899.0,14069023.294418335
2026-04-02 18:30:00,227.2899932861328,227.67999267578125,227.1300048828125,227.55999755859375,84216.0,19164192.75439453
2026-04-02 19:30:00,227.5500030517578,227.85000610351562,227.33999633789062,227.4199981689453,173477.0,39452139.022354126
2026-04-06 13:30:00,227.35000610351562,229.4499969482422,227.35000610351562,229.02000427246094,0.0,0.0
2026-04-06 14:30:00,229.0500030517578,229.35000610351562,228.63999938964844,228.63999938964844,166827.0,38143325.17817688
2026-04-06 15:30:00,228.625,229.25,228.5,229.22000122070312,125787.0,28832896.293548584
2026-04-06 16:30:00,229.16000366210938,229.27000427246094,228.1999969482422,228.35000610351562,130360.0,29767706.795654297
2026-04-06 17:30:00,228.32000732421875,228.92999267578125,228.22000122070312,228.85000610351562,94193.0,21556068.624908447
2026-04-06 18:30:00,228.85000610351562,229.0,228.6300048828125,228.74000549316406,86274.0,19734315.233917236
2026-04-06 19:30:00,228.74000549316406,229.10000610351562,228.6999969482422,228.8300018310547,140551.0,32162285.587356567
2026-04-07 13:30:00,228.41000366210938,228.4499969482422,226.94000244140625,228.3300018310547,0.0,0.0
2026-04-07 14:30:00,228.27000427246094,228.75999450683594,227.58999633789062,228.75999450683594,222563.0,50913510.65742493
2026-04-07 15:30:00,228.77999877929688,229.4499969482422,228.27999877929688,229.3300018310547,143150.0,32828589.76211548
2026-04-07 16:30:00,229.30999755859375,229.6199951171875,228.92999267578125,229.0399932861328,134240.0,30746328.69873047
2026-04-07 17:30:00,229.07000732421875,229.6699981689453,229.05999755859375,229.4499969482422,118419.0,27171239.18861389
2026-04-07 18:30:00,229.4600067138672,229.85000610351562,228.64999389648438,229.52000427246094,226882.0,52073957.60934448
2026-04-07 19:30:00,229.47999572753906,230.00999450683594,229.30999755859375,229.88999938964844,285395.0,65609456.375808716
2026-04-07 20:00:00,229.99000549316406,229.99000549316406,229.99000549316406,229.99000549316406,0.0,0.0
